{
  "battle_won_mean": [
    0.0,
    0.0
  ],
  "battle_won_mean_T": [
    150,
    10232
  ],
  "dead_allies_mean": [
    13.0,
    12.22972972972973
  ],
  "dead_allies_mean_T": [
    150,
    10232
  ],
  "dead_enemies_mean": [
    1.0,
    0.28378378378378377
  ],
  "dead_enemies_mean_T": [
    150,
    10232
  ],
  "delta_ally_mean": [
    292.5,
    326.9256294869088
  ],
  "delta_ally_mean_T": [
    150,
    10232
  ],
  "delta_deaths_mean": [
    -55.0,
    -58.310810810810814
  ],
  "delta_deaths_mean_T": [
    150,
    10232
  ],
  "delta_enemy_mean": [
    150.0,
    81.95270270270271
  ],
  "delta_enemy_mean_T": [
    150,
    10232
  ],
  "ep_length_mean": [
    150.0,
    136.24324324324326
  ],
  "ep_length_mean_T": [
    150,
    10232
  ],
  "episode": [
    74
  ],
  "episode_T": [
    10082
  ],
  "epsilon": [
    0.995,
    0.8997250999999999
  ],
  "epsilon_T": [
    150,
    10232
  ],
  "reward_mean": [
    -0.469678953626635,
    -0.7212455115220378
  ],
  "reward_mean_T": [
    150,
    10232
  ],
  "reward_std": [
    0.0,
    0.24114150777170523
  ],
  "reward_std_T": [
    150,
    10232
  ],
  "test_battle_won_mean": [
    0.0,
    0.0
  ],
  "test_battle_won_mean_T": [
    150,
    10232
  ],
  "test_dead_allies_mean": [
    10.4375,
    10.875
  ],
  "test_dead_allies_mean_T": [
    150,
    10232
  ],
  "test_dead_enemies_mean": [
    0.0625,
    0.03125
  ],
  "test_dead_enemies_mean_T": [
    150,
    10232
  ],
  "test_delta_ally_mean": [
    241.34375,
    251.921875
  ],
  "test_delta_ally_mean_T": [
    150,
    10232
  ],
  "test_delta_deaths_mean": [
    -51.5625,
    -54.0625
  ],
  "test_delta_deaths_mean_T": [
    150,
    10232
  ],
  "test_delta_enemy_mean": [
    23.609375,
    15.12890625
  ],
  "test_delta_enemy_mean_T": [
    150,
    10232
  ],
  "test_ep_length_mean": [
    134.15625,
    121.84375
  ],
  "test_ep_length_mean_T": [
    150,
    10232
  ],
  "test_reward_mean": [
    -0.6404206302021402,
    -0.6916895808561236
  ],
  "test_reward_mean_T": [
    150,
    10232
  ],
  "test_reward_std": [
    0.22165252763616258,
    0.22430332120595378
  ],
  "test_reward_std_T": [
    150,
    10232
  ]
}