{
  "alpha": [
    0.9323005676269531,
    0.917502760887146,
    0.9034660458564758,
    0.8899534940719604
  ],
  "alpha_T": [
    7941,
    18018,
    28100,
    38187
  ],
  "alpha_loss": [
    -6.828069686889648,
    -6.377182960510254,
    -6.338197708129883,
    -6.336666584014893
  ],
  "alpha_loss_T": [
    7941,
    18018,
    28100,
    38187
  ],
  "battle_won_mean": [
    0.0,
    0.0,
    0.0,
    0.0,
    0.0
  ],
  "battle_won_mean_T": [
    64,
    10119,
    20178,
    30221,
    40235
  ],
  "central_loss": [
    0.02931993640959263,
    0.007516325451433659,
    0.009041798301041126,
    0.020595060661435127
  ],
  "central_loss_T": [
    7941,
    18018,
    28100,
    38187
  ],
  "comm_loss": [
    0.29662907123565674,
    0.020932506769895554,
    0.009719028137624264,
    0.17815537750720978
  ],
  "comm_loss_T": [
    7941,
    18018,
    28100,
    38187
  ],
  "dead_allies_mean": [
    5.0,
    5.006134969325154,
    5.0246913580246915,
    5.038216560509555,
    5.02027027027027
  ],
  "dead_allies_mean_T": [
    64,
    10119,
    20178,
    30221,
    40235
  ],
  "dead_enemies_mean": [
    0.0,
    0.13496932515337423,
    0.14814814814814814,
    0.267515923566879,
    0.25675675675675674
  ],
  "dead_enemies_mean_T": [
    64,
    10119,
    20178,
    30221,
    40235
  ],
  "delta_ally_mean": [
    335.0,
    336.7569018404908,
    337.6091820987654,
    338.30732484076435,
    338.5135135135135
  ],
  "delta_ally_mean_T": [
    64,
    10119,
    20178,
    30221,
    40235
  ],
  "delta_deaths_mean": [
    -25.0,
    -23.680981595092025,
    -23.580246913580247,
    -22.452229299363058,
    -22.466216216216218
  ],
  "delta_deaths_mean_T": [
    64,
    10119,
    20178,
    30221,
    40235
  ],
  "delta_enemy_mean": [
    160.375,
    273.0828220858896,
    300.3387345679012,
    292.4920382165605,
    268.23986486486484
  ],
  "delta_enemy_mean_T": [
    64,
    10119,
    20178,
    30221,
    40235
  ],
  "ep_length_mean": [
    64.0,
    61.68711656441718,
    62.092592592592595,
    63.968152866242036,
    67.66216216216216
  ],
  "ep_length_mean_T": [
    64,
    10119,
    20178,
    30221,
    40235
  ],
  "episode": [
    163,
    325,
    482,
    630
  ],
  "episode_T": [
    10061,
    20110,
    30155,
    40172
  ],
  "epsilon": [
    0.995,
    0.89992355,
    0.8049605,
    0.71003525,
    0.6153746
  ],
  "epsilon_T": [
    64,
    10119,
    20178,
    30221,
    40235
  ],
  "grad_norm": [
    {
      "py/reduce": [
        {
          "py/function": "torch._utils._rebuild_tensor_v2"
        },
        {
          "py/tuple": [
            {
              "py/reduce": [
                {
                  "py/function": "torch.storage._load_from_bytes"
                },
                {
                  "py/tuple": [
                    {
                      "py/b64": "gAKKCmz8nEb5IGqoUBkugAJN6QMugAJ9cQAoWBAAAABwcm90b2NvbF92ZXJzaW9ucQFN6QNYDQAAAGxpdHRsZV9lbmRpYW5xAohYCgAAAHR5cGVfc2l6ZXNxA31xBChYBQAAAHNob3J0cQVLAlgDAAAAaW50cQZLBFgEAAAAbG9uZ3EHSwR1dS6AAihYBwAAAHN0b3JhZ2VxAGN0b3JjaApGbG9hdFN0b3JhZ2UKcQFYDgAAADk0NjIxNTQ3NDY4MzIwcQJYBgAAAGN1ZGE6MHEDSwFOdHEEUS6AAl1xAFgOAAAAOTQ2MjE1NDc0NjgzMjBxAWEuAQAAAAAAAAA12mk+"
                    }
                  ]
                }
              ]
            },
            0,
            {
              "py/tuple": []
            },
            {
              "py/tuple": []
            },
            false,
            {
              "py/reduce": [
                {
                  "py/type": "collections.OrderedDict"
                },
                {
                  "py/tuple": []
                },
                null,
                null,
                {
                  "py/tuple": []
                }
              ]
            }
          ]
        }
      ]
    },
    {
      "py/reduce": [
        {
          "py/function": "torch._utils._rebuild_tensor_v2"
        },
        {
          "py/tuple": [
            {
              "py/reduce": [
                {
                  "py/function": "torch.storage._load_from_bytes"
                },
                {
                  "py/tuple": [
                    {
                      "py/b64": "gAKKCmz8nEb5IGqoUBkugAJN6QMugAJ9cQAoWBAAAABwcm90b2NvbF92ZXJzaW9ucQFN6QNYDQAAAGxpdHRsZV9lbmRpYW5xAohYCgAAAHR5cGVfc2l6ZXNxA31xBChYBQAAAHNob3J0cQVLAlgDAAAAaW50cQZLBFgEAAAAbG9uZ3EHSwR1dS6AAihYBwAAAHN0b3JhZ2VxAGN0b3JjaApGbG9hdFN0b3JhZ2UKcQFYDwAAADE0MDQ2NDY0NTYxMDk2MHECWAYAAABjdWRhOjBxA0sBTnRxBFEugAJdcQBYDwAAADE0MDQ2NDY0NTYxMDk2MHEBYS4BAAAAAAAAAAFAYT4="
                    }
                  ]
                }
              ]
            },
            0,
            {
              "py/tuple": []
            },
            {
              "py/tuple": []
            },
            false,
            {
              "py/reduce": [
                {
                  "py/type": "collections.OrderedDict"
                },
                {
                  "py/tuple": []
                },
                null,
                null,
                {
                  "py/tuple": []
                }
              ]
            }
          ]
        }
      ]
    },
    {
      "py/reduce": [
        {
          "py/function": "torch._utils._rebuild_tensor_v2"
        },
        {
          "py/tuple": [
            {
              "py/reduce": [
                {
                  "py/function": "torch.storage._load_from_bytes"
                },
                {
                  "py/tuple": [
                    {
                      "py/b64": "gAKKCmz8nEb5IGqoUBkugAJN6QMugAJ9cQAoWBAAAABwcm90b2NvbF92ZXJzaW9ucQFN6QNYDQAAAGxpdHRsZV9lbmRpYW5xAohYCgAAAHR5cGVfc2l6ZXNxA31xBChYBQAAAHNob3J0cQVLAlgDAAAAaW50cQZLBFgEAAAAbG9uZ3EHSwR1dS6AAihYBwAAAHN0b3JhZ2VxAGN0b3JjaApGbG9hdFN0b3JhZ2UKcQFYDwAAADE0MDQ2NDY0NTE0MzIwMHECWAYAAABjdWRhOjBxA0sBTnRxBFEugAJdcQBYDwAAADE0MDQ2NDY0NTE0MzIwMHEBYS4BAAAAAAAAAOJZCz8="
                    }
                  ]
                }
              ]
            },
            0,
            {
              "py/tuple": []
            },
            {
              "py/tuple": []
            },
            false,
            {
              "py/reduce": [
                {
                  "py/type": "collections.OrderedDict"
                },
                {
                  "py/tuple": []
                },
                null,
                null,
                {
                  "py/tuple": []
                }
              ]
            }
          ]
        }
      ]
    },
    {
      "py/reduce": [
        {
          "py/function": "torch._utils._rebuild_tensor_v2"
        },
        {
          "py/tuple": [
            {
              "py/reduce": [
                {
                  "py/function": "torch.storage._load_from_bytes"
                },
                {
                  "py/tuple": [
                    {
                      "py/b64": "gAKKCmz8nEb5IGqoUBkugAJN6QMugAJ9cQAoWBAAAABwcm90b2NvbF92ZXJzaW9ucQFN6QNYDQAAAGxpdHRsZV9lbmRpYW5xAohYCgAAAHR5cGVfc2l6ZXNxA31xBChYBQAAAHNob3J0cQVLAlgDAAAAaW50cQZLBFgEAAAAbG9uZ3EHSwR1dS6AAihYBwAAAHN0b3JhZ2VxAGN0b3JjaApGbG9hdFN0b3JhZ2UKcQFYDwAAADE0MDQ2NDYyNDYyNDA2NHECWAYAAABjdWRhOjBxA0sBTnRxBFEugAJdcQBYDwAAADE0MDQ2NDYyNDYyNDA2NHEBYS4BAAAAAAAAABAxKT8="
                    }
                  ]
                }
              ]
            },
            0,
            {
              "py/tuple": []
            },
            {
              "py/tuple": []
            },
            false,
            {
              "py/reduce": [
                {
                  "py/type": "collections.OrderedDict"
                },
                {
                  "py/tuple": []
                },
                null,
                null,
                {
                  "py/tuple": []
                }
              ]
            }
          ]
        }
      ]
    }
  ],