{
  "alpha": [
    0.9323005676269531,
    0.9203513860702515
  ],
  "alpha_T": [
    9926,
    19942
  ],
  "alpha_loss": [
    -12.526917457580566,
    -12.528585433959961
  ],
  "alpha_loss_T": [
    9926,
    19942
  ],
  "battle_won_mean": [
    0.0,
    0.0,
    0.0
  ],
  "battle_won_mean_T": [
    79,
    10084,
    20097
  ],
  "central_loss": [
    0.026774628087878227,
    0.002777280518785119
  ],
  "central_loss_T": [
    9926,
    19942
  ],
  "comm_loss": [
    0.26539936661720276,
    0.050267305225133896
  ],
  "comm_loss_T": [
    9926,
    19942
  ],
  "dead_allies_mean": [
    1.0,
    1.0,
    1.0
  ],
  "dead_allies_mean_T": [
    79,
    10084,
    20097
  ],
  "dead_enemies_mean": [
    0.0,
    0.0,
    0.0
  ],
  "dead_enemies_mean_T": [
    79,
    10084,
    20097
  ],
  "delta_ally_mean": [
    1000.0,
    1000.0,
    1000.0
  ],
  "delta_ally_mean_T": [
    79,
    10084,
    20097
  ],
  "delta_deaths_mean": [
    -5.0,
    -5.0,
    -5.0
  ],
  "delta_deaths_mean_T": [
    79,
    10084,
    20097
  ],
  "delta_enemy_mean": [
    0.0,
    0.0,
    0.0
  ],
  "delta_enemy_mean_T": [
    79,
    10084,
    20097
  ],
  "ep_length_mean": [
    79.0,
    77.55813953488372,
    77.62015503875969
  ],
  "ep_length_mean_T": [
    79,
    10084,
    20097
  ],
  "episode": [
    129,
    258
  ],
  "episode_T": [
    10005,
    20019
  ],
  "epsilon": [
    0.995,
    0.90045275,
    0.80582045
  ],
  "epsilon_T": [
    79,
    10084,
    20097
  ],
  "grad_norm": [
    {
      "py/reduce": [
        {
          "py/function": "torch._utils._rebuild_tensor_v2"
        },
        {
          "py/tuple": [
            {
              "py/reduce": [
                {
                  "py/function": "torch.storage._load_from_bytes"
                },
                {
                  "py/tuple": [
                    {
                      "py/b64": "gAKKCmz8nEb5IGqoUBkugAJN6QMugAJ9cQAoWBAAAABwcm90b2NvbF92ZXJzaW9ucQFN6QNYDQAAAGxpdHRsZV9lbmRpYW5xAohYCgAAAHR5cGVfc2l6ZXNxA31xBChYBQAAAHNob3J0cQVLAlgDAAAAaW50cQZLBFgEAAAAbG9uZ3EHSwR1dS6AAihYBwAAAHN0b3JhZ2VxAGN0b3JjaApGbG9hdFN0b3JhZ2UKcQFYDgAAADkzOTgwMzI5MzQ3MjY0cQJYBgAAAGN1ZGE6MHEDSwFOdHEEUS6AAl1xAFgOAAAAOTM5ODAzMjkzNDcyNjRxAWEuAQAAAAAAAAAkvAFA"
                    }
                  ]
                }
              ]
            },
            0,
            {
              "py/tuple": []
            },
            {
              "py/tuple": []
            },
            false,
            {
              "py/reduce": [
                {
                  "py/type": "collections.OrderedDict"
                },
                {
                  "py/tuple": []
                },
                null,
                null,
                {
                  "py/tuple": []
                }
              ]
            }
          ]
        }
      ]
    },
    {
      "py/reduce": [
        {
          "py/function": "torch._utils._rebuild_tensor_v2"
        },
        {
          "py/tuple": [
            {
              "py/reduce": [
                {
                  "py/function": "torch.storage._load_from_bytes"
                },
                {
                  "py/tuple": [
                    {
                      "py/b64": "gAKKCmz8nEb5IGqoUBkugAJN6QMugAJ9cQAoWBAAAABwcm90b2NvbF92ZXJzaW9ucQFN6QNYDQAAAGxpdHRsZV9lbmRpYW5xAohYCgAAAHR5cGVfc2l6ZXNxA31xBChYBQAAAHNob3J0cQVLAlgDAAAAaW50cQZLBFgEAAAAbG9uZ3EHSwR1dS6AAihYBwAAAHN0b3JhZ2VxAGN0b3JjaApGbG9hdFN0b3JhZ2UKcQFYDgAAADkzOTgwMTE0ODQ2ODMycQJYBgAAAGN1ZGE6MHEDSwFOdHEEUS6AAl1xAFgOAAAAOTM5ODAxMTQ4NDY4MzJxAWEuAQAAAAAAAACJo7g9"
                    }
                  ]
                }
              ]
            },
            0,
            {
              "py/tuple": []
            },
            {
              "py/tuple": []
            },
            false,
            {
              "py/reduce": [
                {
                  "py/type": "collections.OrderedDict"
                },
                {
                  "py/tuple": []
                },
                null,
                null,
                {
                  "py/tuple": []
                }
              ]
            }
          ]
        }
      ]
    }
  ],
  "grad_norm_T": [
    9926,
    19942
  ],
  "loss": [
    0.4190558195114136,
    0.05888943374156952
  ],
  "loss_T": [
    9926,
    19942
  ],
  "mixer_norm": [
    1.7893193372775453,
    0.013402639906069255
  ],
  "mixer_norm_T": [
    9926,
    19942
  ],
  "policy_loss": [
    0.12733979523181915,
    -0.24868731200695038
  ],
  "policy_loss_T": [
    9926,
    19942
  ],
  "q_taken_mean": [
    0.016435997106124384,
    -0.06969795920910901
  ],
  "q_taken_mean_T": [
    9926,
    19942
  ],
  "qmix_loss": [
    0.12688182294368744,
    0.005844845902174711
  ],
  "qmix_loss_T": [
    9926,
    19942
  ],
  "reward_mean": [
    -7.077464788732394,
    -7.077464788732394,
    -7.077464788732393
  ],
  "reward_mean_T": [
    79,
    10084,
    20097
  ],
  "reward_std": [
    0.0,
    2.1272631721518145e-15,
    2.061568472519988e-15
  ],
  "reward_std_T": [
    79,
    10084,
    20097
  ],
  "target_mean": [
    -0.045771939894280175,
    -0.07152116906042734
  ],
  "target_mean_T": [
    9926,
    19942
  ],
  "td_error_abs": [
    0.497663471407163,
    0.051758830672639686
  ],
  "td_error_abs_T": [
    9926,
    19942
  ],
  "test_battle_won_mean": [
    0.0,
    0.0
  ],
  "test_battle_won_mean_T": [
    79,
    10084
  ],
  "test_dead_allies_mean": [
    1.0,
    1.0
  ],
  "test_dead_allies_mean_T": [
    79,
    10084
  ],
  "test_dead_enemies_mean": [
    0.0,
    0.0
  ],
  "test_dead_enemies_mean_T": [
    79,
    10084
  ],
  "test_delta_ally_mean": [
    1000.0,
    1000.0
  ],
  "test_delta_ally_mean_T": [
    79,
    10084
  ],
  "test_delta_deaths_mean": [
    -5.0,
    -5.0
  ],
  "test_delta_deaths_mean_T": [
    79,
    10084
  ],
  "test_delta_enemy_mean": [
    0.0,
    0.0
  ],
  "test_delta_enemy_mean_T": [
    79,
    10084
  ],
  "test_ep_length_mean": [
    77.46875,
    77.1875
  ],
  "test_ep_length_mean_T": [
    79,
    10084
  ],
  "test_reward_mean": [
    -7.077464788732394,
    -7.077464788732394
  ],
  "test_reward_mean_T": [
    79,
    10084
  ],
  "test_reward_std": [
    2.5072365940373352e-15,
    1.9984014443252818e-15
  ],
  "test_reward_std_T": [
    79,
    10084
  ],
  "w_to_use": [
    0.5,
    0.6843927502632141
  ],
  "w_to_use_T": [
    9926,
    19942
  ]
}