{
  "alpha": [
    0.9323005676269531,
    0.9275580048561096
  ],
  "alpha_T": [
    24196,
    34258
  ],
  "alpha_loss": [
    -15.322659492492676,
    -15.317014694213867
  ],
  "alpha_loss_T": [
    24196,
    34258
  ],
  "battle_won_mean": [
    0.0,
    0.0,
    0.0,
    0.0
  ],
  "battle_won_mean_T": [
    198,
    10387,
    20436,
    30623
  ],
  "central_loss": [
    0.0014213769463822246,
    0.0005955750239081681
  ],
  "central_loss_T": [
    24196,
    34258
  ],
  "comm_loss": [
    0.3553837835788727,
    0.11131983250379562
  ],
  "comm_loss_T": [
    24196,
    34258
  ],
  "dead_allies_mean": [
    12.0,
    12.0,
    12.0,
    12.0
  ],
  "dead_allies_mean_T": [
    198,
    10387,
    20436,
    30623
  ],
  "dead_enemies_mean": [
    0.0,
    0.0,
    0.0,
    0.0
  ],
  "dead_enemies_mean_T": [
    198,
    10387,
    20436,
    30623
  ],
  "delta_ally_mean": [
    320.0,
    320.0,
    320.0,
    320.0
  ],
  "delta_ally_mean_T": [
    198,
    10387,
    20436,
    30623
  ],
  "delta_deaths_mean": [
    -30.0,
    -30.0,
    -30.0,
    -30.0
  ],
  "delta_deaths_mean_T": [
    198,
    10387,
    20436,
    30623
  ],
  "delta_enemy_mean": [
    89.375,
    142.05787037037038,
    159.83490566037736,
    164.46296296296296
  ],
  "delta_enemy_mean_T": [
    198,
    10387,
    20436,
    30623
  ],
  "ep_length_mean": [
    198.0,
    188.6851851851852,
    189.60377358490567,
    188.64814814814815
  ],
  "ep_length_mean_T": [
    198,
    10387,
    20436,
    30623
  ],
  "episode": [
    54,
    107,
    161
  ],
  "episode_T": [
    10189,
    20246,
    30424
  ],
  "epsilon": [
    0.995,
    0.89871395,
    0.8036753,
    0.7074932
  ],
  "epsilon_T": [
    198,
    10387,
    20436,
    30623
  ],
  "grad_norm": [
    {
      "py/reduce": [
        {
          "py/function": "torch._utils._rebuild_tensor_v2"
        },
        {
          "py/tuple": [
            {
              "py/reduce": [
                {
                  "py/function": "torch.storage._load_from_bytes"
                },
                {
                  "py/tuple": [
                    {
                      "py/b64": "gAKKCmz8nEb5IGqoUBkugAJN6QMugAJ9cQAoWBAAAABwcm90b2NvbF92ZXJzaW9ucQFN6QNYDQAAAGxpdHRsZV9lbmRpYW5xAohYCgAAAHR5cGVfc2l6ZXNxA31xBChYBQAAAHNob3J0cQVLAlgDAAAAaW50cQZLBFgEAAAAbG9uZ3EHSwR1dS6AAihYBwAAAHN0b3JhZ2VxAGN0b3JjaApGbG9hdFN0b3JhZ2UKcQFYDgAAADk0MTI4MjQyNjM3MjMycQJYBgAAAGN1ZGE6MHEDSwFOdHEEUS6AAl1xAFgOAAAAOTQxMjgyNDI2MzcyMzJxAWEuAQAAAAAAAAAuviZA"
                    }
                  ]
                }
              ]
            },
            0,
            {
              "py/tuple": []
            },
            {
              "py/tuple": []
            },
            false,
            {
              "py/reduce": [
                {
                  "py/type": "collections.OrderedDict"
                },
                {
                  "py/tuple": []
                },
                null,
                null,
                {
                  "py/tuple": []
                }
              ]
            }
          ]
        }
      ]
    },
    {
      "py/reduce": [
        {
          "py/function": "torch._utils._rebuild_tensor_v2"
        },
        {
          "py/tuple": [
            {
              "py/reduce": [
                {
                  "py/function": "torch.storage._load_from_bytes"
                },
                {
                  "py/tuple": [
                    {
                      "py/b64": "gAKKCmz8nEb5IGqoUBkugAJN6QMugAJ9cQAoWBAAAABwcm90b2NvbF92ZXJzaW9ucQFN6QNYDQAAAGxpdHRsZV9lbmRpYW5xAohYCgAAAHR5cGVfc2l6ZXNxA31xBChYBQAAAHNob3J0cQVLAlgDAAAAaW50cQZLBFgEAAAAbG9uZ3EHSwR1dS6AAihYBwAAAHN0b3JhZ2VxAGN0b3JjaApGbG9hdFN0b3JhZ2UKcQFYDgAAADk0MTI4NDQwODMzODA4cQJYBgAAAGN1ZGE6MHEDSwFOdHEEUS6AAl1xAFgOAAAAOTQxMjg0NDA4MzM4MDhxAWEuAQAAAAAAAABCvZM+"
                    }
                  ]
                }
              ]
            },
            0,
            {
              "py/tuple": []
            },
            {
              "py/tuple": []
            },
            false,
            {
              "py/reduce": [
                {
                  "py/type": "collections.OrderedDict"
                },
                {
                  "py/tuple": []
                },
                null,
                null,
                {
                  "py/tuple": []
                }
              ]
            }
          ]
        }
      ]
    }
  ],
  "grad_norm_T": [
    24196,
    34258
  ],
  "loss": [
    0.44104138016700745,
    0.11290935426950455
  ],
  "loss_T": [
    24196,
    34258
  ],
  "mixer_norm": [
    2.316902684779622,
    0.020574729832254147
  ],
  "mixer_norm_T": [
    24196,
    34258
  ],
  "policy_loss": [
    -0.31600525975227356,
    -0.37058785557746887
  ],
  "policy_loss_T": [
    24196,
    34258
  ],
  "q_taken_mean": [
    0.03337702154948993,
    0.0012947333062527163
  ],
  "q_taken_mean_T": [
    24196,
    34258
  ],
  "qmix_loss": [
    0.08423621207475662,
    0.0009939471492543817
  ],
  "qmix_loss_T": [
    24196,
    34258
  ],
  "reward_mean": [
    -1.1982758620689653,
    -0.9560557684120902,
    -0.8743222728258511,
    -0.8530438484461474
  ],
  "reward_mean_T": [
    198,
    10387,
    20436,
    30623
  ],
  "reward_std": [
    0.0,
    0.13943442045221024,
    0.11815942872011503,
    0.15513648534871347
  ],
  "reward_std_T": [
    198,
    10387,
    20436,
    30623
  ],
  "target_mean": [
    0.0009497566157979151,
    0.0008396751645370057
  ],
  "target_mean_T": [
    24196,
    34258
  ],
  "td_error_abs": [
    0.3891692777215242,
    0.02744136965547488
  ],
  "td_error_abs_T": [
    24196,
    34258
  ],
  "test_battle_won_mean": [
    0.0,
    0.0,
    0.0,
    0.0
  ],
  "test_battle_won_mean_T": [
    198,
    10387,
    20436,
    30623
  ],
  "test_dead_allies_mean": [
    12.0,
    12.0,
    12.0,
    11.5
  ],
  "test_dead_allies_mean_T": [
    198,
    10387,
    20436,
    30623
  ],
  "test_dead_enemies_mean": [
    0.6875,
    0.625,
    0.53125,
    0.8125
  ],
  "test_dead_enemies_mean_T": [
    198,
    10387,
    20436,
    30623
  ],
  "test_delta_ally_mean": [
    320.0,
    320.0,
    320.0,
    320.0
  ],
  "test_delta_ally_mean_T": [
    198,
    10387,
    20436,
    30623
  ],
  "test_delta_deaths_mean": [
    -23.125,
    -23.75,
    -24.6875,
    -21.875
  ],
  "test_delta_deaths_mean_T": [
    198,
    10387,
    20436,
    30623
  ],
  "test_delta_enemy_mean": [
    219.03125,
    215.5,
    214.1875,
    203.171875
  ],
  "test_delta_enemy_mean_T": [
    198,
    10387,
    20436,
    30623
  ],
  "test_ep_length_mean": [
    193.40625,
    193.8125,
    194.09375,
    223.125
  ],
  "test_ep_length_mean_T": [
    198,
    10387,
    20436,
    30623
  ],
  "test_reward_mean": [
    -0.5705459770114942,
    -0.5896551724137931,
    -0.6,
    -0.6377155172413793
  ],
  "test_reward_mean_T": [
    198,
    10387,
    20436,
    30623
  ],
  "test_reward_std": [
    0.16769149592487545,
    0.18864586886371165,
    0.18451050745582637,
    0.292435737580101
  ],
  "test_reward_std_T": [
    198,
    10387,
    20436,
    30623
  ],
  "w_to_use": [
    0.5003515481948853,
    0.6877801418304443
  ],
  "w_to_use_T": [
    24196,
    34258
  ]
}