{
  "alpha": [
    0.9323005676269531
  ],
  "alpha_T": [
    19200
  ],
  "alpha_loss": [
    -26.0600528717041
  ],
  "alpha_loss_T": [
    19200
  ],
  "battle_won_mean": [
    0.0,
    0.0,
    0.0
  ],
  "battle_won_mean_T": [
    150,
    10200,
    20250
  ],
  "central_loss": [
    0.008436293341219425
  ],
  "central_loss_T": [
    19200
  ],
  "comm_loss": [
    0.6307401657104492
  ],
  "comm_loss_T": [
    19200
  ],
  "curriculum/difficulty": [
    0.0192,
    0.01935,
    0.0195,
    0.01965,
    0.0198,
    0.01995,
    0.0201,
    0.02025,
    0.0204,
    0.02055,
    0.0207,
    0.02085,
    0.021,
    0.02115,
    0.0213,
    0.02145,
    0.0216,
    0.02175,
    0.0219,
    0.02205,
    0.0222,
    0.02235,
    0.0225,
    0.02265,
    0.0228,
    0.02295,
    0.0231,
    0.02325,
    0.0234,
    0.02355
  ],
  "curriculum/difficulty_T": [
    19200,
    19350,
    19500,
    19650,
    19800,
    19950,
    20100,
    20250,
    20400,
    20550,
    20700,
    20850,
    21000,
    21150,
    21300,
    21450,
    21600,
    21750,
    21900,
    22050,
    22200,
    22350,
    22500,
    22650,
    22800,
    22950,
    23100,
    23250,
    23400,
    23550
  ],
  "curriculum/progress": [
    0.0192,
    0.01935,
    0.0195,
    0.01965,
    0.0198,
    0.01995,
    0.0201,
    0.02025,
    0.0204,
    0.02055,
    0.0207,
    0.02085,
    0.021,
    0.02115,
    0.0213,
    0.02145,
    0.0216,
    0.02175,
    0.0219,
    0.02205,
    0.0222,
    0.02235,
    0.0225,
    0.02265,
    0.0228,
    0.02295,
    0.0231,
    0.02325,
    0.0234,
    0.02355
  ],
  "curriculum/progress_T": [
    19200,
    19350,
    19500,
    19650,
    19800,
    19950,
    20100,
    20250,
    20400,
    20550,
    20700,
    20850,
    21000,
    21150,
    21300,
    21450,
    21600,
    21750,
    21900,
    22050,
    22200,
    22350,
    22500,
    22650,
    22800,
    22950,
    23100,
    23250,
    23400,
    23550
  ],
  "dead_allies_mean": [
    3.0,
    4.641791044776119,
    4.462686567164179
  ],
  "dead_allies_mean_T": [
    150,
    10200,
    20250
  ],
  "dead_enemies_mean": [
    0.0,
    0.0,
    0.0
  ],
  "dead_enemies_mean_T": [
    150,
    10200,
    20250
  ],
  "delta_ally_mean": [
    52.5,
    84.06705486240672,
    82.11482990321828
  ],
  "delta_ally_mean_T": [
    150,
    10200,
    20250
  ],
  "delta_deaths_mean": [
    -15.0,
    -23.208955223880597,
    -22.313432835820894
  ],
  "delta_deaths_mean_T": [
    150,
    10200,
    20250
  ],
  "delta_enemy_mean": [
    0.0,
    0.0,
    0.0
  ],
  "delta_enemy_mean_T": [
    150,
    10200,
    20250
  ],
  "ep_length_mean": [
    150.0,
    150.0,
    150.0
  ],
  "ep_length_mean_T": [
    150,
    10200,
    20250
  ],
  "episode": [
    67,
    134
  ],
  "episode_T": [
    10050,
    20100
  ],
  "epsilon": [
    0.995,
    0.9000275,
    0.8050550000000001
  ],
  "epsilon_T": [
    150,
    10200,
    20250
  ],
  "grad_norm": [
    {
      "py/reduce": [
        {
          "py/function": "torch._utils._rebuild_tensor_v2"
        },
        {
          "py/tuple": [
            {
              "py/reduce": [
                {
                  "py/function": "torch.storage._load_from_bytes"
                },
                {
                  "py/tuple": [
                    {
                      "py/b64": "gAKKCmz8nEb5IGqoUBkugAJN6QMugAJ9cQAoWBAAAABwcm90b2NvbF92ZXJzaW9ucQFN6QNYDQAAAGxpdHRsZV9lbmRpYW5xAohYCgAAAHR5cGVfc2l6ZXNxA31xBChYBQAAAHNob3J0cQVLAlgDAAAAaW50cQZLBFgEAAAAbG9uZ3EHSwR1dS6AAihYBwAAAHN0b3JhZ2VxAGN0b3JjaApGbG9hdFN0b3JhZ2UKcQFYDgAAADkzODM4NTk1NDIwNjcycQJYBgAAAGN1ZGE6MHEDSwFOdHEEUS6AAl1xAFgOAAAAOTM4Mzg1OTU0MjA2NzJxAWEuAQAAAAAAAAD4+jhA"
                    }
                  ]
                }
              ]
            },
            0,
            {
              "py/tuple": []
            },
            {
              "py/tuple": []
            },
            false,
            {
              "py/reduce": [
                {
                  "py/type": "collections.OrderedDict"
                },
                {
                  "py/tuple": []
                },
                null,
                null,
                {
                  "py/tuple": []
                }
              ]
            }
          ]
        }
      ]
    }
  ],
  "grad_norm_T": [
    19200
  ],
  "loss": [
    0.6963891386985779
  ],
  "loss_T": [
    19200
  ],
  "mixer_norm": [
    1.8439081650990072
  ],
  "mixer_norm_T": [
    19200
  ],
  "policy_loss": [
    -1.097588062286377
  ],
  "policy_loss_T": [
    19200
  ],
  "q_taken_mean": [
    -0.007323218451605903
  ],
  "q_taken_mean_T": [
    19200
  ],
  "qmix_loss": [
    0.05721268802881241
  ],
  "qmix_loss_T": [
    19200
  ],
  "reward_mean": [
    -1.5,
    -2.383911335250829,
    -2.3206280608675374
  ],
  "reward_mean_T": [
    150,
    10200,
    20250
  ],
  "reward_std": [
    0.0,
    2.7890259939783206,
    2.6086986428406567
  ],
  "reward_std_T": [
    150,
    10200,
    20250
  ],
  "target_mean": [
    -0.002855499585469564
  ],
  "target_mean_T": [
    19200
  ],
  "td_error_abs": [
    0.20494299570719401
  ],
  "td_error_abs_T": [
    19200
  ],
  "test_battle_won_mean": [
    0.0,
    0.0,
    0.0
  ],
  "test_battle_won_mean_T": [
    150,
    10200,
    20250
  ],
  "test_dead_allies_mean": [
    0.0,
    0.0,
    0.0
  ],
  "test_dead_allies_mean_T": [
    150,
    10200,
    20250
  ],
  "test_dead_enemies_mean": [
    0.0,
    0.0,
    0.0
  ],
  "test_dead_enemies_mean_T": [
    150,
    10200,
    20250
  ],
  "test_delta_ally_mean": [
    0.0,
    0.0,
    0.0
  ],
  "test_delta_ally_mean_T": [
    150,
    10200,
    20250
  ],
  "test_delta_deaths_mean": [
    0.0,
    0.0,
    0.0
  ],
  "test_delta_deaths_mean_T": [
    150,
    10200,
    20250
  ],
  "test_delta_enemy_mean": [
    0.0,
    0.0,
    0.0
  ],
  "test_delta_enemy_mean_T": [
    150,
    10200,
    20250
  ],
  "test_ep_length_mean": [
    150.0,
    150.0,
    150.0
  ],
  "test_ep_length_mean_T": [
    150,
    10200,
    20250
  ],
  "test_reward_mean": [
    0.0,
    0.0,
    0.0
  ],
  "test_reward_mean_T": [
    150,
    10200,
    20250
  ],
  "test_reward_std": [
    0.0,
    0.0,
    0.0
  ],
  "test_reward_std_T": [
    150,
    10200,
    20250
  ],
  "w_to_use": [
    0.854895830154419
  ],
  "w_to_use_T": [
    19200
  ]
}