{
  "alpha": [
    0.9323005676269531
  ],
  "alpha_T": [
    16751
  ],
  "alpha_loss": [
    -14.875911712646484
  ],
  "alpha_loss_T": [
    16751
  ],
  "battle_won_mean": [
    0.0,
    0.0,
    0.0
  ],
  "battle_won_mean_T": [
    65,
    10078,
    20101
  ],
  "central_loss": [
    0.015965059399604797
  ],
  "central_loss_T": [
    16751
  ],
  "comm_loss": [
    0.541005551815033
  ],
  "comm_loss_T": [
    16751
  ],
  "dead_allies_mean": [
    16.0,
    15.530864197530864,
    14.147058823529411
  ],
  "dead_allies_mean_T": [
    65,
    10078,
    20101
  ],
  "dead_enemies_mean": [
    0.0,
    0.0,
    0.0
  ],
  "dead_enemies_mean_T": [
    65,
    10078,
    20101
  ],
  "delta_ally_mean": [
    280.0,
    735.2828745900849,
    883.947603113511
  ],
  "delta_ally_mean_T": [
    65,
    10078,
    20101
  ],
  "delta_deaths_mean": [
    -80.0,
    -77.65432098765432,
    -70.73529411764706
  ],
  "delta_deaths_mean_T": [
    65,
    10078,
    20101
  ],
  "delta_enemy_mean": [
    5.0,
    7.962962962962963,
    9.264705882352942
  ],
  "delta_enemy_mean_T": [
    65,
    10078,
    20101
  ],
  "ep_length_mean": [
    65.0,
    123.61728395061728,
    147.39705882352942
  ],
  "ep_length_mean_T": [
    65,
    10078,
    20101
  ],
  "episode": [
    81
  ],
  "episode_T": [
    10023
  ],
  "epsilon": [
    0.995,
    0.90028265,
    0.80651975
  ],
  "epsilon_T": [
    65,
    10078,
    20101
  ],
  "grad_norm": [
    {
      "py/reduce": [
        {
          "py/function": "torch._utils._rebuild_tensor_v2"
        },
        {
          "py/tuple": [
            {
              "py/reduce": [
                {
                  "py/function": "torch.storage._load_from_bytes"
                },
                {
                  "py/tuple": [
                    {
                      "py/b64": "gAKKCmz8nEb5IGqoUBkugAJN6QMugAJ9cQAoWBAAAABwcm90b2NvbF92ZXJzaW9ucQFN6QNYDQAAAGxpdHRsZV9lbmRpYW5xAohYCgAAAHR5cGVfc2l6ZXNxA31xBChYBQAAAHNob3J0cQVLAlgDAAAAaW50cQZLBFgEAAAAbG9uZ3EHSwR1dS6AAihYBwAAAHN0b3JhZ2VxAGN0b3JjaApGbG9hdFN0b3JhZ2UKcQFYDgAAADk0OTEwMDY3MTcwNDgwcQJYBgAAAGN1ZGE6MHEDSwFOdHEEUS6AAl1xAFgOAAAAOTQ5MTAwNjcxNzA0ODBxAWEuAQAAAAAAAAB4g3dA"
                    }
                  ]
                }
              ]
            },
            0,
            {
              "py/tuple": []
            },
            {
              "py/tuple": []
            },
            false,
            {
              "py/reduce": [
                {
                  "py/type": "collections.OrderedDict"
                },
                {
                  "py/tuple": []
                },
                null,
                null,
                {
                  "py/tuple": []
                }
              ]
            }
          ]
        }
      ]
    }
  ],
  "grad_norm_T": [
    16751
  ],
  "loss": [
    0.6578704118728638
  ],
  "loss_T": [
    16751
  ],
  "mixer_norm": [
    2.299675720525898
  ],
  "mixer_norm_T": [
    16751
  ],
  "policy_loss": [
    -0.30927813053131104
  ],
  "policy_loss_T": [
    16751
  ],
  "q_taken_mean": [
    -0.01711901370517388
  ],
  "q_taken_mean_T": [
    16751
  ],
  "qmix_loss": [
    0.10089978575706482
  ],
  "qmix_loss_T": [
    16751
  ],
  "reward_mean": [
    -3.1004366812227073,
    -7.030342642923797,
    -8.256927435360726
  ],
  "reward_mean_T": [
    65,
    10078,
    20101
  ],
  "reward_std": [
    0.0,
    2.9962669776193045,
    2.074749170132124
  ],
  "reward_std_T": [
    65,
    10078,
    20101
  ],
  "target_mean": [
    -0.002455845480691232
  ],
  "target_mean_T": [
    16751
  ],
  "td_error_abs": [
    0.26313231999209
  ],
  "td_error_abs_T": [
    16751
  ],
  "test_battle_won_mean": [
    0.0,
    0.0
  ],
  "test_battle_won_mean_T": [
    65,
    10078
  ],
  "test_dead_allies_mean": [
    14.21875,
    14.90625
  ],
  "test_dead_allies_mean_T": [
    65,
    10078
  ],
  "test_dead_enemies_mean": [
    0.0,
    0.03125
  ],
  "test_dead_enemies_mean_T": [
    65,
    10078
  ],
  "test_delta_ally_mean": [
    810.7333297729492,
    741.1281127929688
  ],
  "test_delta_ally_mean_T": [
    65,
    10078
  ],
  "test_delta_deaths_mean": [
    -71.09375,
    -74.21875
  ],
  "test_delta_deaths_mean_T": [
    65,
    10078
  ],
  "test_delta_enemy_mean": [
    30.9375,
    37.03125
  ],
  "test_delta_enemy_mean_T": [
    65,
    10078
  ],
  "test_ep_length_mean": [
    138.96875,
    123.34375
  ],
  "test_ep_length_mean_T": [
    65,
    10078
  ],
  "test_reward_mean": [
    -7.431350041685141,
    -6.797516268934215
  ],
  "test_reward_mean_T": [
    65,
    10078
  ],
  "test_reward_std": [
    2.4847288718824965,
    2.948324318173269
  ],
  "test_reward_std_T": [
    65,
    10078
  ],
  "w_to_use": [
    0.9739044308662415
  ],
  "w_to_use_T": [
    16751
  ]
}