{
  "alpha": [
    0.9323005676269531,
    0.9173241257667542,
    0.9032104015350342
  ],
  "alpha_T": [
    8017,
    18039,
    28042
  ],
  "alpha_loss": [
    -6.824770927429199,
    -6.818043231964111,
    -6.8228983879089355
  ],
  "alpha_loss_T": [
    8017,
    18039,
    28042
  ],
  "battle_won_mean": [
    0.0,
    0.0,
    0.0,
    0.00641025641025641
  ],
  "battle_won_mean_T": [
    64,
    10084,
    20148,
    30189
  ],
  "central_loss": [
    0.02696996182203293,
    0.009283245541155338,
    0.010769463144242764
  ],
  "central_loss_T": [
    8017,
    18039,
    28042
  ],
  "comm_loss": [
    0.2677488625049591,
    0.05322651565074921,
    0.053336251527071
  ],
  "comm_loss_T": [
    8017,
    18039,
    28042
  ],
  "dead_allies_mean": [
    5.0,
    5.0,
    5.018518518518518,
    5.006410256410256
  ],
  "dead_allies_mean_T": [
    64,
    10084,
    20148,
    30189
  ],
  "dead_enemies_mean": [
    0.0,
    0.1125,
    0.3950617283950617,
    0.6410256410256411
  ],
  "dead_enemies_mean_T": [
    64,
    10084,
    20148,
    30189
  ],
  "delta_ally_mean": [
    335.0,
    336.395703125,
    336.9903549382716,
    336.19023562700323
  ],
  "delta_ally_mean_T": [
    64,
    10084,
    20148,
    30189
  ],
  "delta_deaths_mean": [
    -25.0,
    -23.875,
    -21.141975308641975,
    -18.525641025641026
  ],
  "delta_deaths_mean_T": [
    64,
    10084,
    20148,
    30189
  ],
  "delta_enemy_mean": [
    160.375,
    259.6234375,
    350.5887345679012,
    422.71875
  ],
  "delta_enemy_mean_T": [
    64,
    10084,
    20148,
    30189
  ],
  "ep_length_mean": [
    64.0,
    62.625,
    62.123456790123456,
    64.36538461538461
  ],
  "ep_length_mean_T": [
    64,
    10084,
    20148,
    30189
  ],
  "episode": [
    160,
    322,
    478
  ],
  "episode_T": [
    10019,
    20083,
    30121
  ],
  "epsilon": [
    0.995,
    0.90032045,
    0.8052156500000001,
    0.71035655
  ],
  "epsilon_T": [
    64,
    10084,
    20148,
    30189
  ],
  "grad_norm": [
    {
      "py/reduce": [
        {
          "py/function": "torch._utils._rebuild_tensor_v2"
        },
        {
          "py/tuple": [
            {
              "py/reduce": [
                {
                  "py/function": "torch.storage._load_from_bytes"
                },
                {
                  "py/tuple": [
                    {
                      "py/b64": "gAKKCmz8nEb5IGqoUBkugAJN6QMugAJ9cQAoWBAAAABwcm90b2NvbF92ZXJzaW9ucQFN6QNYDQAAAGxpdHRsZV9lbmRpYW5xAohYCgAAAHR5cGVfc2l6ZXNxA31xBChYBQAAAHNob3J0cQVLAlgDAAAAaW50cQZLBFgEAAAAbG9uZ3EHSwR1dS6AAihYBwAAAHN0b3JhZ2VxAGN0b3JjaApGbG9hdFN0b3JhZ2UKcQFYDgAAADk0Nzc0NzI0MjY4MDE2cQJYBgAAAGN1ZGE6MHEDSwFOdHEEUS6AAl1xAFgOAAAAOTQ3NzQ3MjQyNjgwMTZxAWEuAQAAAAAAAAAqdDZA"
                    }
                  ]
                }
              ]
            },
            0,
            {
              "py/tuple": []
            },
            {
              "py/tuple": []
            },
            false,
            {
              "py/reduce": [
                {
                  "py/type": "collections.OrderedDict"
                },
                {
                  "py/tuple": []
                },
                null,
                null,
                {
                  "py/tuple": []
                }
              ]
            }
          ]
        }
      ]
    },
    {
      "py/reduce": [
        {
          "py/function": "torch._utils._rebuild_tensor_v2"
        },
        {
          "py/tuple": [
            {
              "py/reduce": [
                {
                  "py/function": "torch.storage._load_from_bytes"
                },
                {
                  "py/tuple": [
                    {
                      "py/b64": "gAKKCmz8nEb5IGqoUBkugAJN6QMugAJ9cQAoWBAAAABwcm90b2NvbF92ZXJzaW9ucQFN6QNYDQAAAGxpdHRsZV9lbmRpYW5xAohYCgAAAHR5cGVfc2l6ZXNxA31xBChYBQAAAHNob3J0cQVLAlgDAAAAaW50cQZLBFgEAAAAbG9uZ3EHSwR1dS6AAihYBwAAAHN0b3JhZ2VxAGN0b3JjaApGbG9hdFN0b3JhZ2UKcQFYDwAAADE0MDMwODAxODA0NjQ5NnECWAYAAABjdWRhOjBxA0sBTnRxBFEugAJdcQBYDwAAADE0MDMwODAxODA0NjQ5NnEBYS4BAAAAAAAAAJd5LT4="
                    }
                  ]
                }
              ]
            },
            0,
            {
              "py/tuple": []
            },
            {
              "py/tuple": []
            },
            false,
            {
              "py/reduce": [
                {
                  "py/type": "collections.OrderedDict"
                },
                {
                  "py/tuple": []
                },
                null,
                null,
                {
                  "py/tuple": []
                }
              ]
            }
          ]
        }
      ]
    },
    {
      "py/reduce": [
        {
          "py/function": "torch._utils._rebuild_tensor_v2"
        },
        {
          "py/tuple": [
            {
              "py/reduce": [
                {
                  "py/function": "torch.storage._load_from_bytes"
                },
                {
                  "py/tuple": [
                    {
                      "py/b64": "gAKKCmz8nEb5IGqoUBkugAJN6QMugAJ9cQAoWBAAAABwcm90b2NvbF92ZXJzaW9ucQFN6QNYDQAAAGxpdHRsZV9lbmRpYW5xAohYCgAAAHR5cGVfc2l6ZXNxA31xBChYBQAAAHNob3J0cQVLAlgDAAAAaW50cQZLBFgEAAAAbG9uZ3EHSwR1dS6AAihYBwAAAHN0b3JhZ2VxAGN0b3JjaApGbG9hdFN0b3JhZ2UKcQFYDwAAADE0MDMwODAxODI0MjAxNnECWAYAAABjdWRhOjBxA0sBTnRxBFEugAJdcQBYDwAAADE0MDMwODAxODI0MjAxNnEBYS4BAAAAAAAAAJ1yLj4="
                    }
                  ]
                }
              ]
            },
            0,
            {
              "py/tuple": []
            },
            {
              "py/tuple": []
            },
            false,
            {
              "py/reduce": [
                {
                  "py/type": "collections.OrderedDict"
                },
                {
                  "py/tuple": []
                },
                null,
                null,
                {
                  "py/tuple": []
                }
              ]
            }
          ]
        }
      ]
    }
  ],
  "grad_norm_T": [
    8017,
    18039,
    28042
  ],
  "loss": [
    0.46228447556495667,
    0.08107168972492218,
    0.08286936581134796
  ],
  "loss_T": [
    8017,
    18039,
    28042
  ],
  "mixer_norm": [
    2.3529032976821695,
    0.07099754021306011,
    0.04719427763202911
  ],
  "mixer_norm_T": [
    8017,
    18039,
    28042
  ],
  "policy_loss": [
    -0.5200355052947998,
    -0.854902446269989,
    -1.286170244216919
  ],
  "policy_loss_T": [
    8017,
    18039,
    28042
  ],
  "q_taken_mean": [
    0.0359747824284853,
    0.0016156471424685374,
    0.014470005963145422
  ],
  "q_taken_mean_T": [
    8017,
    18039,
    28042
  ],
  "qmix_loss": [
    0.16756564378738403,
    0.01856192946434021,
    0.018763648346066475
  ],
  "qmix_loss_T": [
    8017,
    18039,
    28042
  ],
  "reward_mean": [
    -3.731308411214954,
    -1.881257301401869,
    -0.141001788392754,
    1.2950453201758332
  ],
  "reward_mean_T": [
    64,
    10084,
    20148,
    30189
  ],
  "reward_std": [
    0.0,
    1.4376833887585458,
    1.6114136127810317,
    1.66587681691264
  ],
  "reward_std_T": [
    64,
    10084,
    20148,
    30189
  ],
  "target_mean": [
    -0.02049964267284018,
    -0.0014474597743466238,
    0.009242828040121533
  ],
  "target_mean_T": [
    8017,
    18039,
    28042
  ],
  "td_error_abs": [
    0.5186736972994885,
    0.12316962922236833,
    0.12788672386544336
  ],
  "td_error_abs_T": [
    8017,
    18039,
    28042
  ],
  "test_battle_won_mean": [
    0.0,
    0.0,
    0.15625,
    0.0
  ],
  "test_battle_won_mean_T": [
    64,
    10084,
    20148,
    30189
  ],
  "test_dead_allies_mean": [
    5.0,
    5.375,
    5.375,
    5.1875
  ],
  "test_dead_allies_mean_T": [
    64,
    10084,
    20148,
    30189
  ],
  "test_dead_enemies_mean": [
    0.0,
    1.1875,
    2.21875,
    1.53125
  ],