{
  "battle_won_mean": [
    0.0,
    0.0,
    0.0,
    0.0
  ],
  "battle_won_mean_T": [
    300,
    10500,
    20700,
    30900
  ],
  "dead_allies_mean": [
    4.0,
    4.029411764705882,
    4.294117647058823,
    4.235294117647059
  ],
  "dead_allies_mean_T": [
    300,
    10500,
    20700,
    30900
  ],
  "dead_enemies_mean": [
    0.0,
    0.0,
    0.0,
    0.0
  ],
  "dead_enemies_mean_T": [
    300,
    10500,
    20700,
    30900
  ],
  "delta_ally_mean": [
    20.0,
    16.592687270220587,
    21.537116555606616,
    24.373772116268384
  ],
  "delta_ally_mean_T": [
    300,
    10500,
    20700,
    30900
  ],
  "delta_deaths_mean": [
    -5.0,
    -5.147058823529412,
    -6.470588235294118,
    -6.176470588235294
  ],
  "delta_deaths_mean_T": [
    300,
    10500,
    20700,
    30900
  ],
  "delta_enemy_mean": [
    -269.6875,
    -264.20947265625,
    -264.20947265625,
    -264.20947265625
  ],
  "delta_enemy_mean_T": [
    300,
    10500,
    20700,
    30900
  ],
  "ep_length_mean": [
    300.0,
    300.0,
    300.0,
    300.0
  ],
  "ep_length_mean_T": [
    300,
    10500,
    20700,
    30900
  ],
  "episode": [
    34,
    68,
    102
  ],
  "episode_T": [
    10200,
    20400,
    30600
  ],
  "epsilon": [
    0.995,
    0.89861,
    0.80222,
    0.70583
  ],
  "epsilon_T": [
    300,
    10500,
    20700,
    30900
  ],
  "reward_mean": [
    -6.406250000000006,
    -6.216287364130439,
    -6.3525473358076265,
    -6.4078198991468165
  ],
  "reward_mean_T": [
    300,
    10500,
    20700,
    30900
  ],
  "reward_std": [
    0.0,
    0.18284188031306037,
    0.3257800438248636,
    0.35263817469443276
  ],
  "reward_std_T": [
    300,
    10500,
    20700,
    30900
  ],
  "test_battle_won_mean": [
    0.0,
    0.0,
    0.0,
    0.0
  ],
  "test_battle_won_mean_T": [
    300,
    10500,
    20700,
    30900
  ],
  "test_dead_allies_mean": [
    3.0,
    3.0,
    3.0,
    2.90625
  ],
  "test_dead_allies_mean_T": [
    300,
    10500,
    20700,
    30900
  ],
  "test_dead_enemies_mean": [
    0.0,
    0.0,
    0.0,
    0.0
  ],
  "test_dead_enemies_mean_T": [
    300,
    10500,
    20700,
    30900
  ],
  "test_delta_ally_mean": [
    0.0,
    0.0,
    0.0,
    0.0
  ],
  "test_delta_ally_mean_T": [
    300,
    10500,
    20700,
    30900
  ],
  "test_delta_deaths_mean": [
    0.0,
    0.0,
    0.0,
    0.0
  ],
  "test_delta_deaths_mean_T": [
    300,
    10500,
    20700,
    30900
  ],
  "test_delta_enemy_mean": [
    -264.20947265625,
    -264.20947265625,
    -264.20947265625,
    -261.8523406982422
  ],
  "test_delta_enemy_mean_T": [
    300,
    10500,
    20700,
    30900
  ],
  "test_ep_length_mean": [
    300.0,
    300.0,
    300.0,
    292.4375
  ],
  "test_ep_length_mean_T": [
    300,
    10500,
    20700,
    30900
  ],
  "test_reward_mean": [
    -5.743684188179354,
    -5.743684188179354,
    -5.743684188179354,
    -5.692442189092228
  ],
  "test_reward_mean_T": [
    300,
    10500,
    20700,
    30900
  ],
  "test_reward_std": [
    0.0,
    0.0,
    0.0,
    0.28366256079813656
  ],
  "test_reward_std_T": [
    300,
    10500,
    20700,
    30900
  ]
}