{
  "alpha": [
    0.9323005676269531
  ],
  "alpha_T": [
    18832
  ],
  "alpha_loss": [
    -30.50152587890625
  ],
  "alpha_loss_T": [
    18832
  ],
  "battle_won_mean": [
    0.0,
    0.0
  ],
  "battle_won_mean_T": [
    150,
    10282
  ],
  "central_loss": [
    0.0005899727111682296
  ],
  "central_loss_T": [
    18832
  ],
  "comm_loss": [
    0.5650923252105713
  ],
  "comm_loss_T": [
    18832
  ],
  "curriculum/difficulty": [
    0.018832,
    0.018982,
    0.019132
  ],
  "curriculum/difficulty_T": [
    18832,
    18982,
    19132
  ],
  "curriculum/progress": [
    0.018832,
    0.018982,
    0.019132
  ],
  "curriculum/progress_T": [
    18832,
    18982,
    19132
  ],
  "dead_allies_mean": [
    11.0,
    9.314285714285715
  ],
  "dead_allies_mean_T": [
    150,
    10282
  ],
  "dead_enemies_mean": [
    1.0,
    0.18571428571428572
  ],
  "dead_enemies_mean_T": [
    150,
    10282
  ],
  "delta_ally_mean": [
    247.5,
    236.81717878069196
  ],
  "delta_ally_mean_T": [
    150,
    10282
  ],
  "delta_deaths_mean": [
    -45.0,
    -44.714285714285715
  ],
  "delta_deaths_mean_T": [
    150,
    10282
  ],
  "delta_enemy_mean": [
    150.0,
    46.49285714285714
  ],
  "delta_enemy_mean_T": [
    150,
    10282
  ],
  "ep_length_mean": [
    150.0,
    144.74285714285713
  ],
  "ep_length_mean_T": [
    150,
    10282
  ],
  "episode": [
    70
  ],
  "episode_T": [
    10132
  ],
  "epsilon": [
    0.995,
    0.8992526
  ],
  "epsilon_T": [
    150,
    10282
  ],
  "grad_norm": [
    {
      "py/reduce": [
        {
          "py/function": "torch._utils._rebuild_tensor_v2"
        },
        {
          "py/tuple": [
            {
              "py/reduce": [
                {
                  "py/function": "torch.storage._load_from_bytes"
                },
                {
                  "py/tuple": [
                    {
                      "py/b64": "gAKKCmz8nEb5IGqoUBkugAJN6QMugAJ9cQAoWBAAAABwcm90b2NvbF92ZXJzaW9ucQFN6QNYDQAAAGxpdHRsZV9lbmRpYW5xAohYCgAAAHR5cGVfc2l6ZXNxA31xBChYBQAAAHNob3J0cQVLAlgDAAAAaW50cQZLBFgEAAAAbG9uZ3EHSwR1dS6AAihYBwAAAHN0b3JhZ2VxAGN0b3JjaApGbG9hdFN0b3JhZ2UKcQFYDgAAADk0MjQ1MTQ1NDE4MDk2cQJYBgAAAGN1ZGE6MHEDSwFOdHEEUS6AAl1xAFgOAAAAOTQyNDUxNDU0MTgwOTZxAWEuAQAAAAAAAAAYM7dA"
                    }
                  ]
                }
              ]
            },
            0,
            {
              "py/tuple": []
            },
            {
              "py/tuple": []
            },
            false,
            {
              "py/reduce": [
                {
                  "py/type": "collections.OrderedDict"
                },
                {
                  "py/tuple": []
                },
                null,
                null,
                {
                  "py/tuple": []
                }
              ]
            }
          ]
        }
      ]
    }
  ],
  "grad_norm_T": [
    18832
  ],
  "loss": [
    0.6776132583618164
  ],
  "loss_T": [
    18832
  ],
  "mixer_norm": [
    5.087431432407388
  ],
  "mixer_norm_T": [
    18832
  ],
  "policy_loss": [
    -1.1204830408096313
  ],
  "policy_loss_T": [
    18832
  ],
  "q_taken_mean": [
    0.022901409894247677
  ],
  "q_taken_mean_T": [
    18832
  ],
  "qmix_loss": [
    0.11193092912435532
  ],
  "qmix_loss_T": [
    18832
  ],
  "reward_mean": [
    -0.33888228299643297,
    -0.5589503147493949
  ],
  "reward_mean_T": [
    150,
    10282
  ],
  "reward_std": [
    0.0,
    0.2208158728739529
  ],
  "reward_std_T": [
    150,
    10282
  ],
  "target_mean": [
    0.0017236230461835794
  ],
  "target_mean_T": [
    18832
  ],
  "td_error_abs": [
    0.3967946327228919
  ],
  "td_error_abs_T": [
    18832
  ],
  "test_battle_won_mean": [
    0.0,
    0.0
  ],
  "test_battle_won_mean_T": [
    150,
    10282
  ],
  "test_dead_allies_mean": [
    0.0,
    0.0
  ],
  "test_dead_allies_mean_T": [
    150,
    10282
  ],
  "test_dead_enemies_mean": [
    0.0,
    0.0
  ],
  "test_dead_enemies_mean_T": [
    150,
    10282
  ],
  "test_delta_ally_mean": [
    0.0,
    0.0
  ],
  "test_delta_ally_mean_T": [
    150,
    10282
  ],
  "test_delta_deaths_mean": [
    0.0,
    0.0
  ],
  "test_delta_deaths_mean_T": [
    150,
    10282
  ],
  "test_delta_enemy_mean": [
    0.0,
    0.0
  ],
  "test_delta_enemy_mean_T": [
    150,
    10282
  ],
  "test_ep_length_mean": [
    150.0,
    150.0
  ],
  "test_ep_length_mean_T": [
    150,
    10282
  ],
  "test_reward_mean": [
    0.0,
    0.0
  ],
  "test_reward_mean_T": [
    150,
    10282
  ],
  "test_reward_std": [
    0.0,
    0.0
  ],
  "test_reward_std_T": [
    150,
    10282
  ],
  "w_to_use": [
    0.5366145968437195
  ],
  "w_to_use_T": [
    18832
  ]
}