{
  "alpha": [
    0.9323005676269531
  ],
  "alpha_T": [
    38400
  ],
  "alpha_loss": [
    -10.675853729248047
  ],
  "alpha_loss_T": [
    38400
  ],
  "battle_won_mean": [
    0.0,
    0.0,
    0.0,
    0.0,
    0.0
  ],
  "battle_won_mean_T": [
    300,
    10500,
    20700,
    30900,
    41100
  ],
  "central_loss": [
    0.004574905149638653
  ],
  "central_loss_T": [
    38400
  ],
  "comm_loss": [
    0.34711986780166626
  ],
  "comm_loss_T": [
    38400
  ],
  "dead_allies_mean": [
    4.0,
    3.911764705882353,
    3.676470588235294,
    3.4705882352941178,
    3.264705882352941
  ],
  "dead_allies_mean_T": [
    300,
    10500,
    20700,
    30900,
    41100
  ],
  "dead_enemies_mean": [
    0.0,
    0.0,
    0.0,
    0.0,
    0.0
  ],
  "dead_enemies_mean_T": [
    300,
    10500,
    20700,
    30900,
    41100
  ],
  "delta_ally_mean": [
    20.0,
    14.452234604779411,
    10.341473747702207,
    6.397554285386029,
    -5.287109375
  ],
  "delta_ally_mean_T": [
    300,
    10500,
    20700,
    30900,
    41100
  ],
  "delta_deaths_mean": [
    -5.0,
    -4.5588235294117645,
    -3.3823529411764706,
    -2.3529411764705883,
    -1.3235294117647058
  ],
  "delta_deaths_mean_T": [
    300,
    10500,
    20700,
    30900,
    41100
  ],
  "delta_enemy_mean": [
    -269.6875,
    -264.20947265625,
    -264.20947265625,
    -264.20947265625,
    -264.20947265625
  ],
  "delta_enemy_mean_T": [
    300,
    10500,
    20700,
    30900,
    41100
  ],
  "ep_length_mean": [
    300.0,
    300.0,
    300.0,
    300.0,
    300.0
  ],
  "ep_length_mean_T": [
    300,
    10500,
    20700,
    30900,
    41100
  ],
  "episode": [
    34,
    68,
    102,
    136
  ],
  "episode_T": [
    10200,
    20400,
    30600,
    40800
  ],
  "epsilon": [
    0.995,
    0.93074,
    0.86648,
    0.8022199999999999,
    0.73796
  ],
  "epsilon_T": [
    300,
    10500,
    20700,
    30900,
    41100
  ],
  "grad_norm": [
    {
      "py/reduce": [
        {
          "py/function": "torch._utils._rebuild_tensor_v2"
        },
        {
          "py/tuple": [
            {
              "py/reduce": [
                {
                  "py/function": "torch.storage._load_from_bytes"
                },
                {
                  "py/tuple": [
                    {
                      "py/b64": "gAKKCmz8nEb5IGqoUBkugAJN6QMugAJ9cQAoWBAAAABwcm90b2NvbF92ZXJzaW9ucQFN6QNYDQAAAGxpdHRsZV9lbmRpYW5xAohYCgAAAHR5cGVfc2l6ZXNxA31xBChYBQAAAHNob3J0cQVLAlgDAAAAaW50cQZLBFgEAAAAbG9uZ3EHSwR1dS6AAihYBwAAAHN0b3JhZ2VxAGN0b3JjaApGbG9hdFN0b3JhZ2UKcQFYDgAAADkzOTMzMTc2NzQwNDk2cQJYBgAAAGN1ZGE6MHEDSwFOdHEEUS6AAl1xAFgOAAAAOTM5MzMxNzY3NDA0OTZxAWEuAQAAAAAAAADlZMg+"
                    }
                  ]
                }
              ]
            },
            0,
            {
              "py/tuple": []
            },
            {
              "py/tuple": []
            },
            false,
            {
              "py/reduce": [
                {
                  "py/type": "collections.OrderedDict"
                },
                {
                  "py/tuple": []
                },
                null,
                null,
                {
                  "py/tuple": []
                }
              ]
            }
          ]
        }
      ]
    }
  ],
  "grad_norm_T": [
    38400
  ],
  "loss": [
    0.3689216375350952
  ],
  "loss_T": [
    38400
  ],
  "mixer_norm": [
    0.28679905955079626
  ],
  "mixer_norm_T": [
    38400
  ],
  "policy_loss": [
    -0.5655654668807983
  ],
  "policy_loss_T": [
    38400
  ],
  "q_taken_mean": [
    -0.0037947575251261394
  ],
  "q_taken_mean_T": [
    38400
  ],
  "qmix_loss": [
    0.01722686178982258
  ],
  "qmix_loss_T": [
    38400
  ],
  "reward_mean": [
    -6.406250000000006,
    -6.156968060661769,
    -6.042028246633234,
    -5.933912350393624,
    -5.6575194063698895
  ],
  "reward_mean_T": [
    300,
    10500,
    20700,
    30900,
    41100
  ],
  "reward_shaping/weight": [
    0.59994,
    0.599880006,
    0.5998200179994,
    0.5997600359976001,
    0.5997000599940003,
    0.5996400899880009,
    0.5995801259790021,
    0.5995201679664043,
    0.5994602159496076,
    0.5994002699280127,
    0.5993403299010198,
    0.5992803958680297,
    0.599220467828443,
    0.5991605457816601,
    0.599100629727082,
    0.5990407196641093,
    0.5989808155921429,
    0.5989209175105836,
    0.5988610254188326
  ],
  "reward_shaping/weight_T": [
    38400,
    38700,
    39000,
    39300,
    39600,
    39900,
    40200,
    40500,
    40800,
    41100,
    41400,
    41700,
    42000,
    42300,
    42600,
    42900,
    43200,
    43500,
    43800
  ],
  "reward_std": [
    0.0,
    0.19202703110451794,
    0.2565522352273138,
    0.3015074669842711,
    0.4115035014303793
  ],
  "reward_std_T": [
    300,
    10500,
    20700,
    30900,
    41100
  ],
  "target_mean": [
    -0.007762027581532796
  ],
  "target_mean_T": [
    38400
  ],
  "td_error_abs": [
    0.12854886372884114
  ],
  "td_error_abs_T": [
    38400
  ],
  "test_battle_won_mean": [
    0.0,
    0.0,
    0.0,
    0.0,
    0.0
  ],
  "test_battle_won_mean_T": [
    300,
    10500,
    20700,
    30900,
    41100
  ],
  "test_dead_allies_mean": [
    3.0,
    3.0,
    3.0,
    2.90625,
    3.0
  ],
  "test_dead_allies_mean_T": [
    300,
    10500,
    20700,
    30900,
    41100
  ],
  "test_dead_enemies_mean": [
    0.0,
    0.0,
    0.0,
    0.0,
    0.0
  ],
  "test_dead_enemies_mean_T": [
    300,
    10500,
    20700,
    30900,
    41100
  ],
  "test_delta_ally_mean": [
    0.0,
    0.0,
    0.0,
    0.0,
    0.0
  ],
  "test_delta_ally_mean_T": [
    300,
    10500,
    20700,
    30900,
    41100
  ],
  "test_delta_deaths_mean": [
    0.0,
    0.0,
    0.0,
    0.0,
    0.0
  ],
  "test_delta_deaths_mean_T": [
    300,
    10500,
    20700,
    30900,
    41100
  ],
  "test_delta_enemy_mean": [
    -264.20947265625,
    -264.20947265625,
    -264.20947265625,
    -261.8523406982422,
    -264.20947265625
  ],
  "test_delta_enemy_mean_T": [
    300,
    10500,
    20700,
    30900,
    41100
  ],
  "test_ep_length_mean": [
    300.0,
    300.0,
    300.0,
    292.4375,
    300.0
  ],
  "test_ep_length_mean_T": [
    300,
    10500,
    20700,
    30900,
    41100
  ],
  "test_reward_mean": [
    -5.743684188179354,
    -5.743684188179354,
    -5.743684188179354,
    -5.692442189092228,
    -5.743684188179354
  ],
  "test_reward_mean_T": [
    300,
    10500,
    20700,
    30900,
    41100
  ],
  "test_reward_std": [
    0.0,
    0.0,
    0.0,
    0.28366256079813656,
    0.0
  ],
  "test_reward_std_T": [
    300,
    10500,
    20700,
    30900,
    41100
  ],
  "w_to_use": [
    0.7036328315734863
  ],
  "w_to_use_T": [
    38400
  ]
}