{
  "win_rate_history": [
    0.0,
    0.0,
    0.0,
    0.0,
    0.0,
    0.0,
    0.0,
    0.0,
    0.0,
    0.0,
    0.0,
    0.0,
    0.0,
    0.0,
    0.0,
    0.0,
    0.0,
    0.0,
    0.0,
    0.0,
    0.0,
    0.0,
    0.0,
    0.0,
    0.0,
    0.0,
    0.0,
    0.0,
    0.0,
    0.0,
    0.0,
    0.0,
    0.0,
    0.0,
    0.0,
    0.013157894736842105,
    0.0,
    0.0,
    0.0,
    0.0,
    0.0,
    0.0,
    0.0,
    0.0,
    0.0,
    0.0,
    0.0,
    0.0,
    0.0,
    0.0,
    0.0,
    0.0,
    0.0,
    0.0,
    0.0,
    0.0,
    0.0,
    0.0,
    0.0,
    0.0,
    0.0,
    0.0,
    0.0,
    0.018518518518518517,
    0.018867924528301886,
    0.017543859649122806,
    0.03571428571428571,
    0.0,
    0.017543859649122806,
    0.0,
    0.0,
    0.0,
    0.0,
    0.017543859649122806,
    0.03571428571428571,
    0.08196721311475409,
    0.017543859649122806,
    0.08196721311475409,
    0.016129032258064516,
    0.03225806451612903,
    0.09523809523809523,
    0.12903225806451613,
    0.15873015873015872,
    0.31343283582089554,
    0.25333333333333335,
    0.2571428571428571,
    0.4342105263157895,
    0.5,
    0.4794520547945205,
    0.735632183908046,
    0.6588235294117647,
    0.7708333333333334,
    0.8686868686868687,
    0.8425925925925926,
    0.8545454545454545,
    0.8303571428571429,
    0.8761061946902655,
    0.8761061946902655,
    0.8849557522123894,
    0.9304347826086956,
    0.9652173913043478,
    0.9652173913043478,
    0.9478260869565217,
    0.6702127659574468,
    0.9655172413793104,
    0.9396551724137931,
    0.9482758620689655,
    0.9396551724137931,
    0.9380530973451328,
    0.9035087719298246,
    0.8053097345132744,
    0.911504424778761,
    0.8859649122807017,
    0.8859649122807017,
    0.8859649122807017,
    0.8108108108108109,
    0.8620689655172413,
    0.9396551724137931,
    0.896551724137931,
    0.9230769230769231,
    0.9482758620689655,
    0.9145299145299145,
    0.8620689655172413
  ],
  "t_env_history": [
    79,
    10083,
    20110,
    30130,
    40180,
    50257,
    60297,
    70345,
    80400,
    90453,
    100525,
    110597,
    120647,
    130701,
    140761,
    150832,
    160848,
    170854,
    180928,
    190930,
    200987,
    211051,
    221248,
    231319,
    241481,
    251556,
    261592,
    271783,
    281832,
    291887,
    301949,
    311985,
    322036,
    332053,
    342081,
    352168,
    362361,
    372507,
    382526,
    392625,
    402742,
    412792,
    422837,
    432880,
    442932,
    452943,
    463108,
    473168,
    483279,
    493402,
    503510,
    513608,
    523796,
    533852,
    543854,
    553854,
    563888,
    573938,
    583963,
    594017,
    604019,
    614119,
    624136,
    634276,
    644362,
    654386,
    664481,
    674512,
    684521,
    694706,
    704788,
    714923,
    725033,
    735227,
    745329,
    755361,
    765423,
    775512,
    785711,
    795897,
    805915,
    815944,
    826014,
    836031,
    846125,
    856164,
    866213,
    876333,
    886387,
    896403,
    906488,
    916507,
    926557,
    936561,
    946597,
    956648,
    966692,
    976769,
    986816,
    996873,
    1006891,
    1016920,
    1026924,
    1036932,
    1046940,
    1056975,
    1066983,
    1077065,
    1087128,
    1097150,
    1107224,
    1117285,
    1127340,
    1137395,
    1147463,
    1157474,
    1167509,
    1177527,
    1187565,
    1197654,
    1207664,
    1217709,
    1227728
  ]
}