{
  "alpha": [
    0.9323005676269531,
    0.9202588796615601
  ],
  "alpha_T": [
    9926,
    20000
  ],
  "alpha_loss": [
    -12.526917457580566,
    -12.52847671508789
  ],
  "alpha_loss_T": [
    9926,
    20000
  ],
  "battle_won_mean": [
    0.0,
    0.0,
    0.0
  ],
  "battle_won_mean_T": [
    79,
    10081,
    20152
  ],
  "central_loss": [
    0.026774628087878227,
    0.0027970396913588047
  ],
  "central_loss_T": [
    9926,
    20000
  ],
  "comm_loss": [
    0.26539936661720276,
    0.08529240638017654
  ],
  "comm_loss_T": [
    9926,
    20000
  ],
  "dead_allies_mean": [
    1.0,
    1.0,
    1.0
  ],
  "dead_allies_mean_T": [
    79,
    10081,
    20152
  ],
  "dead_enemies_mean": [
    0.0,
    0.0,
    0.0
  ],
  "dead_enemies_mean_T": [
    79,
    10081,
    20152
  ],
  "delta_ally_mean": [
    1000.0,
    1000.0,
    1000.0
  ],
  "delta_ally_mean_T": [
    79,
    10081,
    20152
  ],
  "delta_deaths_mean": [
    -5.0,
    -5.0,
    -5.0
  ],
  "delta_deaths_mean_T": [
    79,
    10081,
    20152
  ],
  "delta_enemy_mean": [
    0.0,
    0.0,
    0.0
  ],
  "delta_enemy_mean_T": [
    79,
    10081,
    20152
  ],
  "ep_length_mean": [
    79.0,
    77.53488372093024,
    77.46923076923076
  ],
  "ep_length_mean_T": [
    79,
    10081,
    20152
  ],
  "episode": [
    129,
    259
  ],
  "episode_T": [
    10004,
    20075
  ],
  "epsilon": [
    0.995,
    0.9004622,
    0.80529125
  ],
  "epsilon_T": [
    79,
    10081,
    20152
  ],
  "grad_norm": [
    {
      "py/reduce": [
        {
          "py/function": "torch._utils._rebuild_tensor_v2"
        },
        {
          "py/tuple": [
            {
              "py/reduce": [
                {
                  "py/function": "torch.storage._load_from_bytes"
                },
                {
                  "py/tuple": [
                    {
                      "py/b64": "gAKKCmz8nEb5IGqoUBkugAJN6QMugAJ9cQAoWBAAAABwcm90b2NvbF92ZXJzaW9ucQFN6QNYDQAAAGxpdHRsZV9lbmRpYW5xAohYCgAAAHR5cGVfc2l6ZXNxA31xBChYBQAAAHNob3J0cQVLAlgDAAAAaW50cQZLBFgEAAAAbG9uZ3EHSwR1dS6AAihYBwAAAHN0b3JhZ2VxAGN0b3JjaApGbG9hdFN0b3JhZ2UKcQFYDgAAADk0ODY0MzQ0NzI4ODk2cQJYBgAAAGN1ZGE6MHEDSwFOdHEEUS6AAl1xAFgOAAAAOTQ4NjQzNDQ3Mjg4OTZxAWEuAQAAAAAAAAAkvAFA"
                    }
                  ]
                }
              ]
            },
            0,
            {
              "py/tuple": []
            },
            {
              "py/tuple": []
            },
            false,
            {
              "py/reduce": [
                {
                  "py/type": "collections.OrderedDict"
                },
                {
                  "py/tuple": []
                },
                null,
                null,
                {
                  "py/tuple": []
                }
              ]
            }
          ]
        }
      ]
    },
    {
      "py/reduce": [
        {
          "py/function": "torch._utils._rebuild_tensor_v2"
        },
        {
          "py/tuple": [
            {
              "py/reduce": [
                {
                  "py/function": "torch.storage._load_from_bytes"
                },
                {
                  "py/tuple": [
                    {
                      "py/b64": "gAKKCmz8nEb5IGqoUBkugAJN6QMugAJ9cQAoWBAAAABwcm90b2NvbF92ZXJzaW9ucQFN6QNYDQAAAGxpdHRsZV9lbmRpYW5xAohYCgAAAHR5cGVfc2l6ZXNxA31xBChYBQAAAHNob3J0cQVLAlgDAAAAaW50cQZLBFgEAAAAbG9uZ3EHSwR1dS6AAihYBwAAAHN0b3JhZ2VxAGN0b3JjaApGbG9hdFN0b3JhZ2UKcQFYDwAAADE0MDI3MjQ5MTI2NzI2NHECWAYAAABjdWRhOjBxA0sBTnRxBFEugAJdcQBYDwAAADE0MDI3MjQ5MTI2NzI2NHEBYS4BAAAAAAAAAOPYpD4="
                    }
                  ]
                }
              ]
            },
            0,
            {
              "py/tuple": []
            },
            {
              "py/tuple": []
            },
            false,
            {
              "py/reduce": [
                {
                  "py/type": "collections.OrderedDict"
                },
                {
                  "py/tuple": []
                },
                null,
                null,
                {
                  "py/tuple": []
                }
              ]
            }
          ]
        }
      ]
    }
  ],
  "grad_norm_T": [
    9926,
    20000
  ],
  "loss": [
    0.4190558195114136,
    0.093948133289814
  ],
  "loss_T": [
    9926,
    20000
  ],
  "mixer_norm": [
    1.7893192857468652,
    0.01875294561843275
  ],
  "mixer_norm_T": [
    9926,
    20000
  ],
  "policy_loss": [
    0.1261061578989029,
    -0.2728533148765564
  ],
  "policy_loss_T": [
    9926,
    20000
  ],
  "q_taken_mean": [
    0.016435997106124384,
    -0.07007305296744293
  ],
  "q_taken_mean_T": [
    9926,
    20000
  ],
  "qmix_loss": [
    0.12688180804252625,
    0.005858684424310923
  ],
  "qmix_loss_T": [
    9926,
    20000
  ],
  "reward_mean": [
    -7.077464788732394,
    -7.077464788732394,
    -7.077464788732394
  ],
  "reward_mean_T": [
    79,
    10081,
    20152
  ],
  "reward_std": [
    0.0,
    2.1444418885531505e-15,
    2.1769780871968976e-15
  ],
  "reward_std_T": [
    79,
    10081,
    20152
  ],
  "target_mean": [
    -0.045771939894280175,
    -0.07171905216154757
  ],
  "target_mean_T": [
    9926,
    20000
  ],
  "td_error_abs": [
    0.4976635205993099,
    0.05084872884967591
  ],
  "td_error_abs_T": [
    9926,
    20000
  ],
  "test_battle_won_mean": [
    0.0,
    0.0,
    0.0
  ],
  "test_battle_won_mean_T": [
    79,
    10081,
    20152
  ],
  "test_dead_allies_mean": [
    1.0,
    1.0,
    1.0
  ],
  "test_dead_allies_mean_T": [
    79,
    10081,
    20152
  ],
  "test_dead_enemies_mean": [
    0.0,
    0.0,
    0.0
  ],
  "test_dead_enemies_mean_T": [
    79,
    10081,
    20152
  ],
  "test_delta_ally_mean": [
    1000.0,
    1000.0,
    1000.0
  ],
  "test_delta_ally_mean_T": [
    79,
    10081,
    20152
  ],
  "test_delta_deaths_mean": [
    -5.0,
    -5.0,
    -5.0
  ],
  "test_delta_deaths_mean_T": [
    79,
    10081,
    20152
  ],
  "test_delta_enemy_mean": [
    0.0,
    0.0,
    0.0
  ],
  "test_delta_enemy_mean_T": [
    79,
    10081,
    20152
  ],
  "test_ep_length_mean": [
    77.46875,
    77.375,
    77.21875
  ],
  "test_ep_length_mean_T": [
    79,
    10081,
    20152
  ],
  "test_reward_mean": [
    -7.077464788732394,
    -7.077464788732393,
    -7.077464788732393
  ],
  "test_reward_mean_T": [
    79,
    10081,
    20152
  ],
  "test_reward_std": [
    2.5072365940373352e-15,
    2.022922624776835e-15,
    2.275280134513746e-15
  ],
  "test_reward_std_T": [
    79,
    10081,
    20152
  ],
  "w_to_use": [
    0.5,
    0.6835029125213623
  ],
  "w_to_use_T": [
    9926,
    20000
  ]
}