{
  "battle_won_mean": [
    0.0,
    0.0
  ],
  "battle_won_mean_T": [
    300,
    10500
  ],
  "dead_allies_mean": [
    4.0,
    3.8823529411764706
  ],
  "dead_allies_mean_T": [
    300,
    10500
  ],
  "dead_enemies_mean": [
    0.0,
    0.0
  ],
  "dead_enemies_mean_T": [
    300,
    10500
  ],
  "delta_ally_mean": [
    20.0,
    14.411269244025736
  ],
  "delta_ally_mean_T": [
    300,
    10500
  ],
  "delta_deaths_mean": [
    -5.0,
    -4.411764705882353
  ],
  "delta_deaths_mean_T": [
    300,
    10500
  ],
  "delta_enemy_mean": [
    -269.6875,
    -264.20947265625
  ],
  "delta_enemy_mean_T": [
    300,
    10500
  ],
  "ep_length_mean": [
    300.0,
    300.0
  ],
  "ep_length_mean_T": [
    300,
    10500
  ],
  "episode": [
    34
  ],
  "episode_T": [
    10200
  ],
  "epsilon": [
    0.995,
    0.89861
  ],
  "epsilon_T": [
    300,
    10500
  ],
  "reward_mean": [
    -6.406250000000006,
    -6.152880578394744
  ],
  "reward_mean_T": [
    300,
    10500
  ],
  "reward_std": [
    0.0,
    0.19673914119687258
  ],
  "reward_std_T": [
    300,
    10500
  ],
  "test_battle_won_mean": [
    0.0,
    0.0
  ],
  "test_battle_won_mean_T": [
    300,
    10500
  ],
  "test_dead_allies_mean": [
    3.0,
    3.0
  ],
  "test_dead_allies_mean_T": [
    300,
    10500
  ],
  "test_dead_enemies_mean": [
    0.0,
    0.0
  ],
  "test_dead_enemies_mean_T": [
    300,
    10500
  ],
  "test_delta_ally_mean": [
    0.0,
    0.0
  ],
  "test_delta_ally_mean_T": [
    300,
    10500
  ],
  "test_delta_deaths_mean": [
    0.0,
    0.0
  ],
  "test_delta_deaths_mean_T": [
    300,
    10500
  ],
  "test_delta_enemy_mean": [
    -264.20947265625,
    -264.20947265625
  ],
  "test_delta_enemy_mean_T": [
    300,
    10500
  ],
  "test_ep_length_mean": [
    300.0,
    300.0
  ],
  "test_ep_length_mean_T": [
    300,
    10500
  ],
  "test_reward_mean": [
    -5.743684188179354,
    -5.743684188179354
  ],
  "test_reward_mean_T": [
    300,
    10500
  ],
  "test_reward_std": [
    0.0,
    0.0
  ],
  "test_reward_std_T": [
    300,
    10500
  ]
}