{
  "alpha": [
    0.9323005676269531
  ],
  "alpha_T": [
    19971
  ],
  "alpha_loss": [
    -19.572097778320312
  ],
  "alpha_loss_T": [
    19971
  ],
  "battle_won_mean": [
    0.0,
    0.0,
    0.0
  ],
  "battle_won_mean_T": [
    68,
    10182,
    20334
  ],
  "central_loss": [
    0.03126611188054085
  ],
  "central_loss_T": [
    19971
  ],
  "comm_loss": [
    0.5807358026504517
  ],
  "comm_loss_T": [
    19971
  ],
  "dead_allies_mean": [
    14.0,
    14.602941176470589,
    14.262295081967213
  ],
  "dead_allies_mean_T": [
    68,
    10182,
    20334
  ],
  "dead_enemies_mean": [
    0.0,
    0.058823529411764705,
    0.06557377049180328
  ],
  "dead_enemies_mean_T": [
    68,
    10182,
    20334
  ],
  "delta_ally_mean": [
    597.5,
    1324.9314144358916,
    1494.286340932377
  ],
  "delta_ally_mean_T": [
    68,
    10182,
    20334
  ],
  "delta_deaths_mean": [
    -70.0,
    -72.42647058823529,
    -70.65573770491804
  ],
  "delta_deaths_mean_T": [
    68,
    10182,
    20334
  ],
  "delta_enemy_mean": [
    48.0,
    49.86764705882353,
    46.24590163934426
  ],
  "delta_enemy_mean_T": [
    68,
    10182,
    20334
  ],
  "ep_length_mean": [
    68.0,
    148.73529411764707,
    166.4262295081967
  ],
  "ep_length_mean_T": [
    68,
    10182,
    20334
  ],
  "episode": [
    68,
    129
  ],
  "episode_T": [
    10000,
    20152
  ],
  "epsilon": [
    0.995,
    0.91625,
    0.836303
  ],
  "epsilon_T": [
    68,
    10182,
    20334
  ],
  "grad_norm": [
    {
      "py/reduce": [
        {
          "py/function": "torch._utils._rebuild_tensor_v2"
        },
        {
          "py/tuple": [
            {
              "py/reduce": [
                {
                  "py/function": "torch.storage._load_from_bytes"
                },
                {
                  "py/tuple": [
                    {
                      "py/b64": "gAKKCmz8nEb5IGqoUBkugAJN6QMugAJ9cQAoWBAAAABwcm90b2NvbF92ZXJzaW9ucQFN6QNYDQAAAGxpdHRsZV9lbmRpYW5xAohYCgAAAHR5cGVfc2l6ZXNxA31xBChYBQAAAHNob3J0cQVLAlgDAAAAaW50cQZLBFgEAAAAbG9uZ3EHSwR1dS6AAihYBwAAAHN0b3JhZ2VxAGN0b3JjaApGbG9hdFN0b3JhZ2UKcQFYDgAAADk0NzUzODgyNzEyMDk2cQJYBgAAAGN1ZGE6MHEDSwFOdHEEUS6AAl1xAFgOAAAAOTQ3NTM4ODI3MTIwOTZxAWEuAQAAAAAAAADjgpE/"
                    }
                  ]
                }
              ]
            },
            0,
            {
              "py/tuple": []
            },
            {
              "py/tuple": []
            },
            false,
            {
              "py/reduce": [
                {
                  "py/type": "collections.OrderedDict"
                },
                {
                  "py/tuple": []
                },
                null,
                null,
                {
                  "py/tuple": []
                }
              ]
            }
          ]
        }
      ]
    }
  ],
  "grad_norm_T": [
    19971
  ],
  "loss": [
    0.6555877327919006
  ],
  "loss_T": [
    19971
  ],
  "mixer_norm": [
    0.8095867766302707
  ],
  "mixer_norm_T": [
    19971
  ],
  "policy_loss": [
    0.06152055412530899
  ],
  "policy_loss_T": [
    19971
  ],
  "q_taken_mean": [
    -0.003218011453521669
  ],
  "q_taken_mean_T": [
    19971
  ],
  "qmix_loss": [
    0.043585799634456635
  ],
  "qmix_loss_T": [
    19971
  ],
  "reward_mean": [
    -4.916666666666669,
    -10.694366967978599,
    -12.053144261888495
  ],
  "reward_mean_T": [
    68,
    10182,
    20334
  ],
  "reward_shaping/weight": [
    0.59988,
    0.599760024,
    0.5996400719952,
    0.599520143980801,
    0.5994002399520049,
    0.5992803599040145,
    0.5991605038320337,
    0.5990406717312673,
    0.5989208635969211,
    0.5988010794242017,
    0.5986813192083169,
    0.5985615829444753,
    0.5984418706278863,
    0.5983221822537608,
    0.59820251781731,
    0.5980828773137465,
    0.5979632607382838,
    0.5978436680861361,
    0.5977240993525189,
    0.5976045545326484,
    0.5974850336217419,
    0.5973655366150176,
    0.5972460635076946,
    0.597126614294993,
    0.597007188972134
  ],
  "reward_shaping/weight_T": [
    19971,
    20152,
    20334,
    20513,
    20574,
    20756,
    20812,
    20872,
    20936,
    21115,
    21166,
    21343,
    21520,
    21669,
    21856,
    22032,
    22219,
    22398,
    22560,
    22740,
    22921,
    23099,
    23279,
    23457,
    23634
  ],
  "reward_std": [
    0.0,
    3.9057559125511547,
    2.8477427527081103
  ],
  "reward_std_T": [
    68,
    10182,
    20334
  ],
  "target_mean": [
    -0.014176199715661928
  ],
  "target_mean_T": [
    19971
  ],
  "td_error_abs": [
    0.22543708885696762
  ],
  "td_error_abs_T": [
    19971
  ],
  "test_battle_won_mean": [
    0.0,
    0.0,
    0.0
  ],
  "test_battle_won_mean_T": [
    68,
    10182,
    20334
  ],
  "test_dead_allies_mean": [
    0.0,
    0.0,
    0.0
  ],
  "test_dead_allies_mean_T": [
    68,
    10182,
    20334
  ],
  "test_dead_enemies_mean": [
    0.0,
    0.0,
    0.0
  ],
  "test_dead_enemies_mean_T": [
    68,
    10182,
    20334
  ],
  "test_delta_ally_mean": [
    0.0,
    0.0,
    0.0
  ],
  "test_delta_ally_mean_T": [
    68,
    10182,
    20334
  ],
  "test_delta_deaths_mean": [
    0.0,
    0.0,
    0.0
  ],
  "test_delta_deaths_mean_T": [
    68,
    10182,
    20334
  ],
  "test_delta_enemy_mean": [
    0.0,
    0.0,
    0.0
  ],
  "test_delta_enemy_mean_T": [
    68,
    10182,
    20334
  ],
  "test_ep_length_mean": [
    200.0,
    200.0,
    200.0
  ],
  "test_ep_length_mean_T": [
    68,
    10182,
    20334
  ],
  "test_reward_mean": [
    0.0,
    0.0,
    0.0
  ],
  "test_reward_mean_T": [
    68,
    10182,
    20334
  ],
  "test_reward_std": [
    0.0,
    0.0,
    0.0
  ],
  "test_reward_std_T": [
    68,
    10182,
    20334
  ],
  "w_to_use": [
    0.7025301456451416
  ],
  "w_to_use_T": [
    19971
  ]
}