{
  "battle_won_mean": [
    0.0,
    0.0
  ],
  "battle_won_mean_T": [
    198,
    10387
  ],
  "dead_allies_mean": [
    12.0,
    12.0
  ],
  "dead_allies_mean_T": [
    198,
    10387
  ],
  "dead_enemies_mean": [
    0.0,
    0.0
  ],
  "dead_enemies_mean_T": [
    198,
    10387
  ],
  "delta_ally_mean": [
    320.0,
    320.0
  ],
  "delta_ally_mean_T": [
    198,
    10387
  ],
  "delta_deaths_mean": [
    -30.0,
    -30.0
  ],
  "delta_deaths_mean_T": [
    198,
    10387
  ],
  "delta_enemy_mean": [
    89.375,
    142.05787037037038
  ],
  "delta_enemy_mean_T": [
    198,
    10387
  ],
  "ep_length_mean": [
    198.0,
    188.6851851851852
  ],
  "ep_length_mean_T": [
    198,
    10387
  ],
  "episode": [
    54
  ],
  "episode_T": [
    10189
  ],
  "epsilon": [
    0.995,
    0.89871395
  ],
  "epsilon_T": [
    198,
    10387
  ],
  "reward_mean": [
    -1.1982758620689653,
    -0.9560557684120902
  ],
  "reward_mean_T": [
    198,
    10387
  ],
  "reward_std": [
    0.0,
    0.13943442045221024
  ],
  "reward_std_T": [
    198,
    10387
  ],
  "test_battle_won_mean": [
    0.0,
    0.0
  ],
  "test_battle_won_mean_T": [
    198,
    10387
  ],
  "test_dead_allies_mean": [
    12.0,
    12.0
  ],
  "test_dead_allies_mean_T": [
    198,
    10387
  ],
  "test_dead_enemies_mean": [
    0.6875,
    0.625
  ],
  "test_dead_enemies_mean_T": [
    198,
    10387
  ],
  "test_delta_ally_mean": [
    320.0,
    320.0
  ],
  "test_delta_ally_mean_T": [
    198,
    10387
  ],
  "test_delta_deaths_mean": [
    -23.125,
    -23.75
  ],
  "test_delta_deaths_mean_T": [
    198,
    10387
  ],
  "test_delta_enemy_mean": [
    219.03125,
    215.5
  ],
  "test_delta_enemy_mean_T": [
    198,
    10387
  ],
  "test_ep_length_mean": [
    193.40625,
    193.8125
  ],
  "test_ep_length_mean_T": [
    198,
    10387
  ],
  "test_reward_mean": [
    -0.5705459770114942,
    -0.5896551724137931
  ],
  "test_reward_mean_T": [
    198,
    10387
  ],
  "test_reward_std": [
    0.16769149592487545,
    0.18864586886371165
  ],
  "test_reward_std_T": [
    198,
    10387
  ]
}