{
  "alpha": [
    0.9323005676269531,
    0.9276528358459473
  ],
  "alpha_T": [
    25600,
    35600
  ],
  "alpha_loss": [
    -10.196029663085938,
    -10.149011611938477
  ],
  "alpha_loss_T": [
    25600,
    35600
  ],
  "battle_won_mean": [
    0.0,
    0.0,
    0.0,
    0.0
  ],
  "battle_won_mean_T": [
    200,
    10200,
    20200,
    30200
  ],
  "central_loss": [
    0.0006072715041227639,
    0.00027592378319241107
  ],
  "central_loss_T": [
    25600,
    35600
  ],
  "comm_loss": [
    0.22334901988506317,
    0.1139238253235817
  ],
  "comm_loss_T": [
    25600,
    35600
  ],
  "dead_allies_mean": [
    0.0,
    0.0,
    0.0,
    0.0
  ],
  "dead_allies_mean_T": [
    200,
    10200,
    20200,
    30200
  ],
  "dead_enemies_mean": [
    0.0,
    0.0,
    0.0,
    0.0
  ],
  "dead_enemies_mean_T": [
    200,
    10200,
    20200,
    30200
  ],
  "delta_ally_mean": [
    0.0,
    0.0,
    0.0,
    0.0
  ],
  "delta_ally_mean_T": [
    200,
    10200,
    20200,
    30200
  ],
  "delta_deaths_mean": [
    0.0,
    0.0,
    0.0,
    0.0
  ],
  "delta_deaths_mean_T": [
    200,
    10200,
    20200,
    30200
  ],
  "delta_enemy_mean": [
    0.0,
    0.0,
    0.0,
    0.0
  ],
  "delta_enemy_mean_T": [
    200,
    10200,
    20200,
    30200
  ],
  "ep_length_mean": [
    200.0,
    200.0,
    200.0,
    200.0
  ],
  "ep_length_mean_T": [
    200,
    10200,
    20200,
    30200
  ],
  "episode": [
    50,
    100,
    150
  ],
  "episode_T": [
    10000,
    20000,
    30000
  ],
  "epsilon": [
    0.995,
    0.9005,
    0.806,
    0.7115
  ],
  "epsilon_T": [
    200,
    10200,
    20200,
    30200
  ],
  "grad_norm": [
    {
      "py/reduce": [
        {
          "py/function": "torch._utils._rebuild_tensor_v2"
        },
        {
          "py/tuple": [
            {
              "py/reduce": [
                {
                  "py/function": "torch.storage._load_from_bytes"
                },
                {
                  "py/tuple": [
                    {
                      "py/b64": "gAKKCmz8nEb5IGqoUBkugAJN6QMugAJ9cQAoWBAAAABwcm90b2NvbF92ZXJzaW9ucQFN6QNYDQAAAGxpdHRsZV9lbmRpYW5xAohYCgAAAHR5cGVfc2l6ZXNxA31xBChYBQAAAHNob3J0cQVLAlgDAAAAaW50cQZLBFgEAAAAbG9uZ3EHSwR1dS6AAihYBwAAAHN0b3JhZ2VxAGN0b3JjaApGbG9hdFN0b3JhZ2UKcQFYDgAAADk0NDAwNjMxNzY4MTI4cQJYBgAAAGN1ZGE6MHEDSwFOdHEEUS6AAl1xAFgOAAAAOTQ0MDA2MzE3NjgxMjhxAWEuAQAAAAAAAAAXHBY/"
                    }
                  ]
                }
              ]
            },
            0,
            {
              "py/tuple": []
            },
            {
              "py/tuple": []
            },
            false,
            {
              "py/reduce": [
                {
                  "py/type": "collections.OrderedDict"
                },
                {
                  "py/tuple": []
                },
                null,
                null,
                {
                  "py/tuple": []
                }
              ]
            }
          ]
        }
      ]
    },
    {
      "py/reduce": [
        {
          "py/function": "torch._utils._rebuild_tensor_v2"
        },
        {
          "py/tuple": [
            {
              "py/reduce": [
                {
                  "py/function": "torch.storage._load_from_bytes"
                },
                {
                  "py/tuple": [
                    {
                      "py/b64": "gAKKCmz8nEb5IGqoUBkugAJN6QMugAJ9cQAoWBAAAABwcm90b2NvbF92ZXJzaW9ucQFN6QNYDQAAAGxpdHRsZV9lbmRpYW5xAohYCgAAAHR5cGVfc2l6ZXNxA31xBChYBQAAAHNob3J0cQVLAlgDAAAAaW50cQZLBFgEAAAAbG9uZ3EHSwR1dS6AAihYBwAAAHN0b3JhZ2VxAGN0b3JjaApGbG9hdFN0b3JhZ2UKcQFYDwAAADEzOTg0MzQyMTY5MDYyNHECWAYAAABjdWRhOjBxA0sBTnRxBFEugAJdcQBYDwAAADEzOTg0MzQyMTY5MDYyNHEBYS4BAAAAAAAAAHNEoz4="
                    }
                  ]
                }
              ]
            },
            0,
            {
              "py/tuple": []
            },
            {
              "py/tuple": []
            },
            false,
            {
              "py/reduce": [
                {
                  "py/type": "collections.OrderedDict"
                },
                {
                  "py/tuple": []
                },
                null,
                null,
                {
                  "py/tuple": []
                }
              ]
            }
          ]
        }
      ]
    }
  ],
  "grad_norm_T": [
    25600,
    35600
  ],
  "loss": [
    0.23339906334877014,
    0.11455570161342621
  ],
  "loss_T": [
    25600,
    35600
  ],
  "mixer_norm": [
    0.5836228321463693,
    0.0060603724624977385
  ],
  "mixer_norm_T": [
    25600,
    35600
  ],
  "policy_loss": [
    0.024484632536768913,
    0.11012347042560577
  ],
  "policy_loss_T": [
    25600,
    35600
  ],
  "q_taken_mean": [
    0.002063013315200806,
    0.01467314839363098
  ],
  "q_taken_mean_T": [
    25600,
    35600
  ],
  "qmix_loss": [
    0.0094427689909935,
    0.00035595038207247853
  ],
  "qmix_loss_T": [
    25600,
    35600
  ],
  "reward_mean": [
    0.0,
    0.0,
    0.0,
    0.0
  ],
  "reward_mean_T": [
    200,
    10200,
    20200,
    30200
  ],
  "reward_std": [
    0.0,
    0.0,
    0.0,
    0.0
  ],
  "reward_std_T": [
    200,
    10200,
    20200,
    30200
  ],
  "target_mean": [
    0.013510738611221313,
    0.014113796949386597
  ],
  "target_mean_T": [
    25600,
    35600
  ],
  "td_error_abs": [
    0.0917710018157959,
    0.017873640060424804
  ],
  "td_error_abs_T": [
    25600,
    35600
  ],
  "test_battle_won_mean": [
    0.0,
    0.0,
    0.0,
    0.0
  ],
  "test_battle_won_mean_T": [
    200,
    10200,
    20200,
    30200
  ],
  "test_dead_allies_mean": [
    0.0,
    0.0,
    0.0,
    0.0
  ],
  "test_dead_allies_mean_T": [
    200,
    10200,
    20200,
    30200
  ],
  "test_dead_enemies_mean": [
    0.0,
    0.0,
    0.0,
    0.0
  ],
  "test_dead_enemies_mean_T": [
    200,
    10200,
    20200,
    30200
  ],
  "test_delta_ally_mean": [
    0.0,
    0.0,
    0.0,
    0.0
  ],
  "test_delta_ally_mean_T": [
    200,
    10200,
    20200,
    30200
  ],
  "test_delta_deaths_mean": [
    0.0,
    0.0,
    0.0,
    0.0
  ],
  "test_delta_deaths_mean_T": [
    200,
    10200,
    20200,
    30200
  ],
  "test_delta_enemy_mean": [
    0.0,
    0.0,
    0.0,
    0.0
  ],
  "test_delta_enemy_mean_T": [
    200,
    10200,
    20200,
    30200
  ],
  "test_ep_length_mean": [
    200.0,
    200.0,
    200.0,
    200.0
  ],
  "test_ep_length_mean_T": [
    200,
    10200,
    20200,
    30200
  ],
  "test_reward_mean": [
    0.0,
    0.0,
    0.0,
    0.0
  ],
  "test_reward_mean_T": [
    200,
    10200,
    20200,
    30200
  ],
  "test_reward_std": [
    0.0,
    0.0,
    0.0,
    0.0
  ],
  "test_reward_std_T": [
    200,
    10200,
    20200,
    30200
  ],
  "w_to_use": [
    0.9969726204872131,
    0.7214257717132568
  ],
  "w_to_use_T": [
    25600,
    35600
  ]
}