{
  "alpha": [
    0.9323005676269531,
    0.9276754260063171
  ],
  "alpha_T": [
    25600,
    35600
  ],
  "alpha_loss": [
    -10.196029663085938,
    -9.849687576293945
  ],
  "alpha_loss_T": [
    25600,
    35600
  ],
  "battle_won_mean": [
    0.0,
    0.0,
    0.0,
    0.0
  ],
  "battle_won_mean_T": [
    200,
    10200,
    20200,
    30200
  ],
  "central_loss": [
    0.0014713575365021825,
    0.0004603301640599966
  ],
  "central_loss_T": [
    25600,
    35600
  ],
  "comm_loss": [
    0.2233501523733139,
    0.0052054342813789845
  ],
  "comm_loss_T": [
    25600,
    35600
  ],
  "dead_allies_mean": [
    0.0,
    0.0,
    0.0,
    0.06
  ],
  "dead_allies_mean_T": [
    200,
    10200,
    20200,
    30200
  ],
  "dead_enemies_mean": [
    0.0,
    0.0,
    0.0,
    0.0
  ],
  "dead_enemies_mean_T": [
    200,
    10200,
    20200,
    30200
  ],
  "delta_ally_mean": [
    0.0,
    0.0,
    0.0,
    1.75
  ],
  "delta_ally_mean_T": [
    200,
    10200,
    20200,
    30200
  ],
  "delta_deaths_mean": [
    0.0,
    0.0,
    0.0,
    -0.3
  ],
  "delta_deaths_mean_T": [
    200,
    10200,
    20200,
    30200
  ],
  "delta_enemy_mean": [
    0.0,
    0.0,
    0.0,
    3.81580078125
  ],
  "delta_enemy_mean_T": [
    200,
    10200,
    20200,
    30200
  ],
  "ep_length_mean": [
    200.0,
    200.0,
    200.0,
    200.0
  ],
  "ep_length_mean_T": [
    200,
    10200,
    20200,
    30200
  ],
  "episode": [
    50,
    100,
    150
  ],
  "episode_T": [
    10000,
    20000,
    30000
  ],
  "epsilon": [
    0.995,
    0.9005,
    0.806,
    0.7115
  ],
  "epsilon_T": [
    200,
    10200,
    20200,
    30200
  ],
  "grad_norm": [
    {
      "py/reduce": [
        {
          "py/function": "torch._utils._rebuild_tensor_v2"
        },
        {
          "py/tuple": [
            {
              "py/reduce": [
                {
                  "py/function": "torch.storage._load_from_bytes"
                },
                {
                  "py/tuple": [
                    {
                      "py/b64": "gAKKCmz8nEb5IGqoUBkugAJN6QMugAJ9cQAoWBAAAABwcm90b2NvbF92ZXJzaW9ucQFN6QNYDQAAAGxpdHRsZV9lbmRpYW5xAohYCgAAAHR5cGVfc2l6ZXNxA31xBChYBQAAAHNob3J0cQVLAlgDAAAAaW50cQZLBFgEAAAAbG9uZ3EHSwR1dS6AAihYBwAAAHN0b3JhZ2VxAGN0b3JjaApGbG9hdFN0b3JhZ2UKcQFYDgAAADk0MzAxMTQ4ODkxNzc2cQJYBgAAAGN1ZGE6MHEDSwFOdHEEUS6AAl1xAFgOAAAAOTQzMDExNDg4OTE3NzZxAWEuAQAAAAAAAAA1vfs/"
                    }
                  ]
                }
              ]
            },
            0,
            {
              "py/tuple": []
            },
            {
              "py/tuple": []
            },
            false,
            {
              "py/reduce": [
                {
                  "py/type": "collections.OrderedDict"
                },
                {
                  "py/tuple": []
                },
                null,
                null,
                {
                  "py/tuple": []
                }
              ]
            }
          ]
        }
      ]
    },
    {
      "py/reduce": [
        {
          "py/function": "torch._utils._rebuild_tensor_v2"
        },
        {
          "py/tuple": [
            {
              "py/reduce": [
                {
                  "py/function": "torch.storage._load_from_bytes"
                },
                {
                  "py/tuple": [
                    {
                      "py/b64": "gAKKCmz8nEb5IGqoUBkugAJN6QMugAJ9cQAoWBAAAABwcm90b2NvbF92ZXJzaW9ucQFN6QNYDQAAAGxpdHRsZV9lbmRpYW5xAohYCgAAAHR5cGVfc2l6ZXNxA31xBChYBQAAAHNob3J0cQVLAlgDAAAAaW50cQZLBFgEAAAAbG9uZ3EHSwR1dS6AAihYBwAAAHN0b3JhZ2VxAGN0b3JjaApGbG9hdFN0b3JhZ2UKcQFYDwAAADE0MDY0NjM3NTcxODI3MnECWAYAAABjdWRhOjBxA0sBTnRxBFEugAJdcQBYDwAAADE0MDY0NjM3NTcxODI3MnEBYS4BAAAAAAAAAJabijw="
                    }
                  ]
                }
              ]
            },
            0,
            {
              "py/tuple": []
            },
            {
              "py/tuple": []
            },
            false,
            {
              "py/reduce": [
                {
                  "py/type": "collections.OrderedDict"
                },
                {
                  "py/tuple": []
                },
                null,
                null,
                {
                  "py/tuple": []
                }
              ]
            }
          ]
        }
      ]
    }
  ],
  "grad_norm_T": [
    25600,
    35600
  ],
  "loss": [
    0.3762131333351135,
    0.006516233552247286
  ],
  "loss_T": [
    25600,
    35600
  ],
  "mixer_norm": [
    1.9656902632086153,
    0.009050108785158864
  ],
  "mixer_norm_T": [
    25600,
    35600
  ],
  "policy_loss": [
    -0.25326764583587646,
    0.1287025660276413
  ],
  "policy_loss_T": [
    25600,
    35600
  ],
  "q_taken_mean": [
    -0.032398145198822025,
    0.01696868658065796
  ],
  "q_taken_mean_T": [
    25600,
    35600
  ],
  "qmix_loss": [
    0.1513916254043579,
    0.0008504691068083048
  ],
  "qmix_loss_T": [
    25600,
    35600
  ],
  "reward_mean": [
    0.0,
    0.0,
    0.0,
    0.023702023909395974
  ],
  "reward_mean_T": [
    200,
    10200,
    20200,
    30200
  ],
  "reward_std": [
    0.0,
    0.0,
    0.0,
    0.11626218964801201
  ],
  "reward_std_T": [
    200,
    10200,
    20200,
    30200
  ],
  "target_mean": [
    0.016000306606292723,
    0.015449147224426269
  ],
  "target_mean_T": [
    25600,
    35600
  ],
  "td_error_abs": [
    0.387187614440918,
    0.02904806613922119
  ],
  "td_error_abs_T": [
    25600,
    35600
  ],
  "test_battle_won_mean": [
    0.0,
    0.0,
    0.0,
    0.0
  ],
  "test_battle_won_mean_T": [
    200,
    10200,
    20200,
    30200
  ],
  "test_dead_allies_mean": [
    0.0,
    0.0,
    0.0,
    0.0
  ],
  "test_dead_allies_mean_T": [
    200,
    10200,
    20200,
    30200
  ],
  "test_dead_enemies_mean": [
    0.0,
    0.0,
    0.0,
    0.0
  ],
  "test_dead_enemies_mean_T": [
    200,
    10200,
    20200,
    30200
  ],
  "test_delta_ally_mean": [
    0.0,
    0.0,
    0.0,
    0.0
  ],
  "test_delta_ally_mean_T": [
    200,
    10200,
    20200,
    30200
  ],
  "test_delta_deaths_mean": [
    0.0,
    0.0,
    0.0,
    0.0
  ],
  "test_delta_deaths_mean_T": [
    200,
    10200,
    20200,
    30200
  ],
  "test_delta_enemy_mean": [
    0.0,
    0.0,
    0.0,
    0.0
  ],
  "test_delta_enemy_mean_T": [
    200,
    10200,
    20200,
    30200
  ],
  "test_ep_length_mean": [
    200.0,
    200.0,
    200.0,
    200.0
  ],
  "test_ep_length_mean_T": [
    200,
    10200,
    20200,
    30200
  ],
  "test_reward_mean": [
    0.0,
    0.0,
    0.0,
    0.0
  ],
  "test_reward_mean_T": [
    200,
    10200,
    20200,
    30200
  ],
  "test_reward_std": [
    0.0,
    0.0,
    0.0,
    0.0
  ],
  "test_reward_std_T": [
    200,
    10200,
    20200,
    30200
  ],
  "w_to_use": [
    1.0,
    0.67529296875
  ],
  "w_to_use_T": [
    25600,
    35600
  ]
}