{
  "alpha": [
    0.9323005676269531,
    0.9203450083732605
  ],
  "alpha_T": [
    9926,
    19943
  ],
  "alpha_loss": [
    -12.526917457580566,
    -12.528818130493164
  ],
  "alpha_loss_T": [
    9926,
    19943
  ],
  "battle_won_mean": [
    0.0,
    0.0,
    0.0
  ],
  "battle_won_mean_T": [
    79,
    10083,
    20097
  ],
  "central_loss": [
    0.028194798156619072,
    0.0020262186881154776
  ],
  "central_loss_T": [
    9926,
    19943
  ],
  "comm_loss": [
    0.2653774619102478,
    0.06151523068547249
  ],
  "comm_loss_T": [
    9926,
    19943
  ],
  "dead_allies_mean": [
    1.0,
    1.0,
    1.0
  ],
  "dead_allies_mean_T": [
    79,
    10083,
    20097
  ],
  "dead_enemies_mean": [
    0.0,
    0.0,
    0.0
  ],
  "dead_enemies_mean_T": [
    79,
    10083,
    20097
  ],
  "delta_ally_mean": [
    1000.0,
    1000.0,
    1000.0
  ],
  "delta_ally_mean_T": [
    79,
    10083,
    20097
  ],
  "delta_deaths_mean": [
    -5.0,
    -5.0,
    -5.0
  ],
  "delta_deaths_mean_T": [
    79,
    10083,
    20097
  ],
  "delta_enemy_mean": [
    0.0,
    0.0,
    0.0
  ],
  "delta_enemy_mean_T": [
    79,
    10083,
    20097
  ],
  "ep_length_mean": [
    79.0,
    77.55038759689923,
    77.62790697674419
  ],
  "ep_length_mean_T": [
    79,
    10083,
    20097
  ],
  "episode": [
    129,
    258
  ],
  "episode_T": [
    10005,
    20020
  ],
  "epsilon": [
    0.995,
    0.90045275,
    0.805811
  ],
  "epsilon_T": [
    79,
    10083,
    20097
  ],
  "grad_norm": [
    {
      "py/reduce": [
        {
          "py/function": "torch._utils._rebuild_tensor_v2"
        },
        {
          "py/tuple": [
            {
              "py/reduce": [
                {
                  "py/function": "torch.storage._load_from_bytes"
                },
                {
                  "py/tuple": [
                    {
                      "py/b64": "gAKKCmz8nEb5IGqoUBkugAJN6QMugAJ9cQAoWBAAAABwcm90b2NvbF92ZXJzaW9ucQFN6QNYDQAAAGxpdHRsZV9lbmRpYW5xAohYCgAAAHR5cGVfc2l6ZXNxA31xBChYBQAAAHNob3J0cQVLAlgDAAAAaW50cQZLBFgEAAAAbG9uZ3EHSwR1dS6AAihYBwAAAHN0b3JhZ2VxAGN0b3JjaApGbG9hdFN0b3JhZ2UKcQFYDgAAADkzOTA2NTY3Njk4Mjg4cQJYBgAAAGN1ZGE6MHEDSwFOdHEEUS6AAl1xAFgOAAAAOTM5MDY1Njc2OTgyODhxAWEuAQAAAAAAAACaH+c/"
                    }
                  ]
                }
              ]
            },
            0,
            {
              "py/tuple": []
            },
            {
              "py/tuple": []
            },
            false,
            {
              "py/reduce": [
                {
                  "py/type": "collections.OrderedDict"
                },
                {
                  "py/tuple": []
                },
                null,
                null,
                {
                  "py/tuple": []
                }
              ]
            }
          ]
        }
      ]
    },
    {
      "py/reduce": [
        {
          "py/function": "torch._utils._rebuild_tensor_v2"
        },
        {
          "py/tuple": [
            {
              "py/reduce": [
                {
                  "py/function": "torch.storage._load_from_bytes"
                },
                {
                  "py/tuple": [
                    {
                      "py/b64": "gAKKCmz8nEb5IGqoUBkugAJN6QMugAJ9cQAoWBAAAABwcm90b2NvbF92ZXJzaW9ucQFN6QNYDQAAAGxpdHRsZV9lbmRpYW5xAohYCgAAAHR5cGVfc2l6ZXNxA31xBChYBQAAAHNob3J0cQVLAlgDAAAAaW50cQZLBFgEAAAAbG9uZ3EHSwR1dS6AAihYBwAAAHN0b3JhZ2VxAGN0b3JjaApGbG9hdFN0b3JhZ2UKcQFYDwAAADEzOTY5MTA2MDgzNzM0NHECWAYAAABjdWRhOjBxA0sBTnRxBFEugAJdcQBYDwAAADEzOTY5MTA2MDgzNzM0NHEBYS4BAAAAAAAAAOuVrD4="
                    }
                  ]
                }
              ]
            },
            0,
            {
              "py/tuple": []
            },
            {
              "py/tuple": []
            },
            false,
            {
              "py/reduce": [
                {
                  "py/type": "collections.OrderedDict"
                },
                {
                  "py/tuple": []
                },
                null,
                null,
                {
                  "py/tuple": []
                }
              ]
            }
          ]
        }
      ]
    }
  ],
  "grad_norm_T": [
    9926,
    19943
  ],
  "loss": [
    0.410176157951355,
    0.06757134199142456
  ],
  "loss_T": [
    9926,
    19943
  ],
  "mixer_norm": [
    1.5305789864619022,
    0.016983308280374355
  ],
  "mixer_norm_T": [
    9926,
    19943
  ],
  "policy_loss": [
    0.2376885861158371,
    -0.1550292670726776
  ],
  "policy_loss_T": [
    9926,
    19943
  ],
  "q_taken_mean": [
    0.03056879022441851,
    -0.0544794778335158
  ],
  "q_taken_mean_T": [
    9926,
    19943
  ],
  "qmix_loss": [
    0.11660388112068176,
    0.004029890988022089
  ],
  "qmix_loss_T": [
    9926,
    19943
  ],
  "reward_mean": [
    -7.077464788732394,
    -7.077464788732394,
    -7.077464788732394
  ],
  "reward_mean_T": [
    79,
    10083,
    20097
  ],
  "reward_std": [
    0.0,
    2.1215060217521736e-15,
    2.1070443261056627e-15
  ],
  "reward_std_T": [
    79,
    10083,
    20097
  ],
  "target_mean": [
    -0.02906989013622683,
    -0.05599802613054339
  ],
  "target_mean_T": [
    9926,
    19943
  ],
  "td_error_abs": [
    0.47710946748123617,
    0.046246871863752766
  ],
  "td_error_abs_T": [
    9926,
    19943
  ],
  "test_battle_won_mean": [
    0.0,
    0.0,
    0.0
  ],
  "test_battle_won_mean_T": [
    79,
    10083,
    20097
  ],
  "test_dead_allies_mean": [
    1.0,
    1.0,
    1.0
  ],
  "test_dead_allies_mean_T": [
    79,
    10083,
    20097
  ],
  "test_dead_enemies_mean": [
    0.0,
    0.0,
    0.0
  ],
  "test_dead_enemies_mean_T": [
    79,
    10083,
    20097
  ],
  "test_delta_ally_mean": [
    1000.0,
    1000.0,
    1000.0
  ],
  "test_delta_ally_mean_T": [
    79,
    10083,
    20097
  ],
  "test_delta_deaths_mean": [
    -5.0,
    -5.0,
    -5.0
  ],
  "test_delta_deaths_mean_T": [
    79,
    10083,
    20097
  ],
  "test_delta_enemy_mean": [
    0.0,
    0.0,
    0.0
  ],
  "test_delta_enemy_mean_T": [
    79,
    10083,
    20097
  ],
  "test_ep_length_mean": [
    77.46875,
    76.78125,
    77.78125
  ],
  "test_ep_length_mean_T": [
    79,
    10083,
    20097
  ],
  "test_reward_mean": [
    -7.077464788732394,
    -7.077464788732394,
    -7.077464788732394
  ],
  "test_reward_mean_T": [
    79,
    10083,
    20097
  ],
  "test_reward_std": [
    2.5072365940373352e-15,
    2.531698018113677e-15,
    2.2806910342703256e-15
  ],
  "test_reward_std_T": [
    79,
    10083,
    20097
  ],
  "w_to_use": [
    0.5,
    0.6911337375640869
  ],
  "w_to_use_T": [
    9926,
    19943
  ]
}