{
  "battle_won_mean": [
    0.0,
    0.0
  ],
  "battle_won_mean_T": [
    150,
    10282
  ],
  "dead_allies_mean": [
    11.0,
    9.314285714285715
  ],
  "dead_allies_mean_T": [
    150,
    10282
  ],
  "dead_enemies_mean": [
    1.0,
    0.18571428571428572
  ],
  "dead_enemies_mean_T": [
    150,
    10282
  ],
  "delta_ally_mean": [
    247.5,
    236.81717878069196
  ],
  "delta_ally_mean_T": [
    150,
    10282
  ],
  "delta_deaths_mean": [
    -45.0,
    -44.714285714285715
  ],
  "delta_deaths_mean_T": [
    150,
    10282
  ],
  "delta_enemy_mean": [
    150.0,
    46.49285714285714
  ],
  "delta_enemy_mean_T": [
    150,
    10282
  ],
  "ep_length_mean": [
    150.0,
    144.74285714285713
  ],
  "ep_length_mean_T": [
    150,
    10282
  ],
  "episode": [
    70
  ],
  "episode_T": [
    10132
  ],
  "epsilon": [
    0.995,
    0.8992526
  ],
  "epsilon_T": [
    150,
    10282
  ],
  "reward_mean": [
    -0.33888228299643297,
    -0.5589503147493949
  ],
  "reward_mean_T": [
    150,
    10282
  ],
  "reward_std": [
    0.0,
    0.2208158728739529
  ],
  "reward_std_T": [
    150,
    10282
  ],
  "test_battle_won_mean": [
    0.0,
    0.0
  ],
  "test_battle_won_mean_T": [
    150,
    10282
  ],
  "test_dead_allies_mean": [
    0.0,
    0.0
  ],
  "test_dead_allies_mean_T": [
    150,
    10282
  ],
  "test_dead_enemies_mean": [
    0.0,
    0.0
  ],
  "test_dead_enemies_mean_T": [
    150,
    10282
  ],
  "test_delta_ally_mean": [
    0.0,
    0.0
  ],
  "test_delta_ally_mean_T": [
    150,
    10282
  ],
  "test_delta_deaths_mean": [
    0.0,
    0.0
  ],
  "test_delta_deaths_mean_T": [
    150,
    10282
  ],
  "test_delta_enemy_mean": [
    0.0,
    0.0
  ],
  "test_delta_enemy_mean_T": [
    150,
    10282
  ],
  "test_ep_length_mean": [
    150.0,
    150.0
  ],
  "test_ep_length_mean_T": [
    150,
    10282
  ],
  "test_reward_mean": [
    0.0,
    0.0
  ],
  "test_reward_mean_T": [
    150,
    10282
  ],
  "test_reward_std": [
    0.0,
    0.0
  ],
  "test_reward_std_T": [
    150,
    10282
  ]
}