{
  "battle_won_mean": [
    0.0,
    0.0,
    0.0
  ],
  "battle_won_mean_T": [
    241,
    10411,
    20567
  ],
  "dead_allies_mean": [
    5.0,
    2.9310344827586206,
    3.22
  ],
  "dead_allies_mean_T": [
    241,
    10411,
    20567
  ],
  "dead_enemies_mean": [
    1.0,
    0.05172413793103448,
    0.06
  ],
  "dead_enemies_mean_T": [
    241,
    10411,
    20567
  ],
  "delta_ally_mean": [
    772.21875,
    318.4334674703664,
    520.20939453125
  ],
  "delta_ally_mean_T": [
    241,
    10411,
    20567
  ],
  "delta_deaths_mean": [
    -15.0,
    -14.137931034482758,
    -15.5
  ],
  "delta_deaths_mean_T": [
    241,
    10411,
    20567
  ],
  "delta_enemy_mean": [
    -739.84375,
    -798.5148504849138,
    -856.0623046875
  ],
  "delta_enemy_mean_T": [
    241,
    10411,
    20567
  ],
  "ep_length_mean": [
    241.0,
    175.3448275862069,
    203.12
  ],
  "ep_length_mean_T": [
    241,
    10411,
    20567
  ],
  "episode": [
    57,
    107
  ],
  "episode_T": [
    10023,
    20140
  ],
  "epsilon": [
    1.0,
    0.902777,
    0.8065895000000001
  ],
  "epsilon_T": [
    241,
    10411,
    20567
  ],
  "reward_mean": [
    -9.757587859424916,
    -7.227388172458548,
    -8.89310989916134
  ],
  "reward_mean_T": [
    241,
    10411,
    20567
  ],
  "reward_std": [
    0.0,
    2.8203946048124298,
    1.8464233986977936
  ],
  "reward_std_T": [
    241,
    10411,
    20567
  ],
  "test_battle_won_mean": [
    0.0,
    0.0,
    0.0
  ],
  "test_battle_won_mean_T": [
    241,
    10411,
    20567
  ],
  "test_dead_allies_mean": [
    2.15625,
    2.09375,
    2.15625
  ],
  "test_dead_allies_mean_T": [
    241,
    10411,
    20567
  ],
  "test_dead_enemies_mean": [
    0.03125,
    0.0,
    0.0
  ],
  "test_dead_enemies_mean_T": [
    241,
    10411,
    20567
  ],
  "test_delta_ally_mean": [
    582.5405426025391,
    593.45458984375,
    594.6003723144531
  ],
  "test_delta_ally_mean_T": [
    241,
    10411,
    20567
  ],
  "test_delta_deaths_mean": [
    -10.46875,
    -10.46875,
    -10.78125
  ],
  "test_delta_deaths_mean_T": [
    241,
    10411,
    20567
  ],
  "test_delta_enemy_mean": [
    -893.978515625,
    -898.978515625,
    -898.978515625
  ],
  "test_delta_enemy_mean_T": [
    241,
    10411,
    20567
  ],
  "test_ep_length_mean": [
    204.15625,
    203.46875,
    204.59375
  ],
  "test_ep_length_mean_T": [
    241,
    10411,
    20567
  ],
  "test_reward_mean": [
    -9.501519541390028,
    -9.603206744209267,
    -9.612524843063598
  ],
  "test_reward_mean_T": [
    241,
    10411,
    20567
  ],
  "test_reward_std": [
    0.47840314431938075,
    0.41016910148560093,
    0.4842705737346954
  ],
  "test_reward_std_T": [
    241,
    10411,
    20567
  ]
}