{
  "alpha": [
    0.9323005676269531,
    0.8901985287666321,
    0.8491948246955872,
    0.8097496628761292,
    0.7718282341957092
  ],
  "alpha_T": [
    2803,
    12806,
    22816,
    32823,
    42823
  ],
  "alpha_loss": [
    -4.951482772827148,
    -4.956695079803467,
    -4.960246562957764,
    -4.969145774841309,
    -4.973156929016113
  ],
  "alpha_loss_T": [
    2803,
    12806,
    22816,
    32823,
    42823
  ],
  "battle_won_mean": [
    0.0,
    0.0,
    0.0,
    0.0,
    0.0
  ],
  "battle_won_mean_T": [
    22,
    10036,
    20037,
    30053,
    40072
  ],
  "central_loss": [
    0.06720265001058578,
    0.003376301610842347,
    0.003155418438836932,
    0.0024252652656286955,
    0.0029580476693809032
  ],
  "central_loss_T": [
    2803,
    12806,
    22816,
    32823,
    42823
  ],
  "comm_loss": [
    0.1283199042081833,
    0.036501772701740265,
    0.027544250711798668,
    0.050309307873249054,
    0.04690539091825485
  ],
  "comm_loss_T": [
    2803,
    12806,
    22816,
    32823,
    42823
  ],
  "dead_allies_mean": [
    4.0,
    4.0,
    4.0,
    4.0,
    4.0
  ],
  "dead_allies_mean_T": [
    22,
    10036,
    20037,
    30053,
    40072
  ],
  "dead_enemies_mean": [
    0.0,
    0.006521739130434782,
    0.010660980810234541,
    0.027426160337552744,
    0.020876826722338204
  ],
  "dead_enemies_mean_T": [
    22,
    10036,
    20037,
    30053,
    40072
  ],
  "delta_ally_mean": [
    290.0,
    290.0,
    290.0,
    290.0,
    290.0
  ],
  "delta_ally_mean_T": [
    22,
    10036,
    20037,
    30053,
    40072
  ],
  "delta_deaths_mean": [
    -20.0,
    -19.934782608695652,
    -19.893390191897655,
    -19.72573839662447,
    -19.79123173277662
  ],
  "delta_deaths_mean_T": [
    22,
    10036,
    20037,
    30053,
    40072
  ],
  "delta_enemy_mean": [
    63.5,
    119.26358695652173,
    141.87766524520256,
    158.64293248945148,
    177.12734864300626
  ],
  "delta_enemy_mean_T": [
    22,
    10036,
    20037,
    30053,
    40072
  ],
  "ep_length_mean": [
    22.0,
    21.769565217391303,
    21.32409381663113,
    21.130801687763714,
    20.916492693110648
  ],
  "ep_length_mean_T": [
    22,
    10036,
    20037,
    30053,
    40072
  ],
  "episode": [
    460,
    929,
    1403,
    1882
  ],
  "episode_T": [
    10015,
    20015,
    30032,
    40051
  ],
  "epsilon": [
    0.995,
    0.90035825,
    0.80585825,
    0.7111976,
    0.61651805
  ],
  "epsilon_T": [
    22,
    10036,
    20037,
    30053,
    40072
  ],
  "grad_norm": [
    {
      "py/reduce": [
        {
          "py/function": "torch._utils._rebuild_tensor_v2"
        },
        {
          "py/tuple": [
            {
              "py/reduce": [
                {
                  "py/function": "torch.storage._load_from_bytes"
                },
                {
                  "py/tuple": [
                    {
                      "py/b64": "gAKKCmz8nEb5IGqoUBkugAJN6QMugAJ9cQAoWBAAAABwcm90b2NvbF92ZXJzaW9ucQFN6QNYDQAAAGxpdHRsZV9lbmRpYW5xAohYCgAAAHR5cGVfc2l6ZXNxA31xBChYBQAAAHNob3J0cQVLAlgDAAAAaW50cQZLBFgEAAAAbG9uZ3EHSwR1dS6AAihYBwAAAHN0b3JhZ2VxAGN0b3JjaApGbG9hdFN0b3JhZ2UKcQFYDgAAADk0ODczNjk1Mjk0NTYwcQJYBgAAAGN1ZGE6MHEDSwFOdHEEUS6AAl1xAFgOAAAAOTQ4NzM2OTUyOTQ1NjBxAWEuAQAAAAAAAACBHpc/"
                    }
                  ]
                }
              ]
            },
            0,
            {
              "py/tuple": []
            },
            {
              "py/tuple": []
            },
            false,
            {
              "py/reduce": [
                {
                  "py/type": "collections.OrderedDict"
                },
                {
                  "py/tuple": []
                },
                null,
                null,
                {
                  "py/tuple": []
                }
              ]
            }
          ]
        }
      ]
    },
    {
      "py/reduce": [
        {
          "py/function": "torch._utils._rebuild_tensor_v2"
        },
        {
          "py/tuple": [
            {
              "py/reduce": [
                {
                  "py/function": "torch.storage._load_from_bytes"
                },
                {
                  "py/tuple": [
                    {
                      "py/b64": "gAKKCmz8nEb5IGqoUBkugAJN6QMugAJ9cQAoWBAAAABwcm90b2NvbF92ZXJzaW9ucQFN6QNYDQAAAGxpdHRsZV9lbmRpYW5xAohYCgAAAHR5cGVfc2l6ZXNxA31xBChYBQAAAHNob3J0cQVLAlgDAAAAaW50cQZLBFgEAAAAbG9uZ3EHSwR1dS6AAihYBwAAAHN0b3JhZ2VxAGN0b3JjaApGbG9hdFN0b3JhZ2UKcQFYDgAAADk0ODczNTM1NzY1NDQwcQJYBgAAAGN1ZGE6MHEDSwFOdHEEUS6AAl1xAFgOAAAAOTQ4NzM1MzU3NjU0NDBxAWEuAQAAAAAAAADSiSw+"
                    }
                  ]
                }
              ]
            },
            0,
            {
              "py/tuple": []
            },
            {
              "py/tuple": []
            },
            false,
            {
              "py/reduce": [
                {
                  "py/type": "collections.OrderedDict"
                },
                {
                  "py/tuple": []
                },
                null,
                null,
                {
                  "py/tuple": []
                }
              ]
            }
          ]
        }
      ]
    },
    {
      "py/reduce": [
        {
          "py/function": "torch._utils._rebuild_tensor_v2"
        },
        {
          "py/tuple": [
            {
              "py/reduce": [
                {
                  "py/function": "torch.storage._load_from_bytes"
                },
                {
                  "py/tuple": [
                    {
                      "py/b64": "gAKKCmz8nEb5IGqoUBkugAJN6QMugAJ9cQAoWBAAAABwcm90b2NvbF92ZXJzaW9ucQFN6QNYDQAAAGxpdHRsZV9lbmRpYW5xAohYCgAAAHR5cGVfc2l6ZXNxA31xBChYBQAAAHNob3J0cQVLAlgDAAAAaW50cQZLBFgEAAAAbG9uZ3EHSwR1dS6AAihYBwAAAHN0b3JhZ2VxAGN0b3JjaApGbG9hdFN0b3JhZ2UKcQFYDgAAADk0ODczNTMzNjI2MzIwcQJYBgAAAGN1ZGE6MHEDSwFOdHEEUS6AAl1xAFgOAAAAOTQ4NzM1MzM2MjYzMjBxAWEuAQAAAAAAAACXh20+"
                    }
                  ]
                }
              ]
            },
            0,
            {
              "py/tuple": []
            },
            {
              "py/tuple": []
            },
            false,
            {
              "py/reduce": [
                {
                  "py/type": "collections.OrderedDict"
                },
                {
                  "py/tuple": []
                },
                null,
                null,
                {
                  "py/tuple": []
                }
              ]
            }
          ]
        }
      ]
    },
    {
      "py/reduce": [
        {
          "py/function": "torch._utils._rebuild_tensor_v2"
        },
        {
          "py/tuple": [
            {
              "py/reduce": [
                {
                  "py/function": "torch.storage._load_from_bytes"
                },
                {
                  "py/tuple": [
                    {
                      "py/b64": "gAKKCmz8nEb5IGqoUBkugAJN6QMugAJ9cQAoWBAAAABwcm90b2NvbF92ZXJzaW9ucQFN6QNYDQAAAGxpdHRsZV9lbmRpYW5xAohYCgAAAHR5cGVfc2l6ZXNxA31xBChYBQAAAHNob3J0cQVLAlgDAAAAaW50cQZLBFgEAAAAbG9uZ3EHSwR1dS6AAihYBwAAAHN0b3JhZ2VxAGN0b3JjaApGbG9hdFN0b3JhZ2UKcQFYDgAAADk0ODczNzIwOTYxNTUycQJYBgAAAGN1ZGE6MHEDSwFOdHEEUS6AAl1xAFgOAAAAOTQ4NzM3MjA5NjE1NTJxAWEuAQAAAAAAAAA6pbM+"
                    }
                  ]
                }
              ]
            },
            0,
            {
              "py/tuple": []
            },
            {
              "py/tuple": []
            },
            false,
            {
              "py/reduce": [
                {
                  "py/type": "collections.OrderedDict"
                },
                {
                  "py/tuple": []
                },
                null,
                null,
                {
                  "py/tuple": []
                }
              ]
            }
          ]
        }
      ]
    },
