{
  "alpha": [
    0.9323005676269531
  ],
  "alpha_T": [
    25481
  ],
  "alpha_loss": [
    -6.843268871307373
  ],
  "alpha_loss_T": [
    25481
  ],
  "battle_won_mean": [
    0.0,
    0.0,
    0.0,
    0.0
  ],
  "battle_won_mean_T": [
    200,
    10325,
    20481,
    30481
  ],
  "central_loss": [
    0.0008863159455358982
  ],
  "central_loss_T": [
    25481
  ],
  "comm_loss": [
    0.14772461354732513
  ],
  "comm_loss_T": [
    25481
  ],
  "dead_allies_mean": [
    0.0,
    0.49019607843137253,
    0.7254901960784313,
    0.16
  ],
  "dead_allies_mean_T": [
    200,
    10325,
    20481,
    30481
  ],
  "dead_enemies_mean": [
    0.0,
    0.0392156862745098,
    0.0,
    0.0
  ],
  "dead_enemies_mean_T": [
    200,
    10325,
    20481,
    30481
  ],
  "delta_ally_mean": [
    0.0,
    20.01593137254902,
    29.621323529411764,
    6.4
  ],
  "delta_ally_mean_T": [
    200,
    10325,
    20481,
    30481
  ],
  "delta_deaths_mean": [
    0.0,
    -2.0588235294117645,
    -3.627450980392157,
    -0.8
  ],
  "delta_deaths_mean_T": [
    200,
    10325,
    20481,
    30481
  ],
  "delta_enemy_mean": [
    0.0,
    6.3001685049019605,
    6.5809302236519605,
    0.494140625
  ],
  "delta_enemy_mean_T": [
    200,
    10325,
    20481,
    30481
  ],
  "ep_length_mean": [
    200.0,
    198.52941176470588,
    199.13725490196077,
    200.0
  ],
  "ep_length_mean_T": [
    200,
    10325,
    20481,
    30481
  ],
  "episode": [
    51,
    102,
    152
  ],
  "episode_T": [
    10125,
    20281,
    30281
  ],
  "epsilon": [
    0.995,
    0.89931875,
    0.80334455,
    0.70884455
  ],
  "epsilon_T": [
    200,
    10325,
    20481,
    30481
  ],
  "grad_norm": [
    {
      "py/reduce": [
        {
          "py/function": "torch._utils._rebuild_tensor_v2"
        },
        {
          "py/tuple": [
            {
              "py/reduce": [
                {
                  "py/function": "torch.storage._load_from_bytes"
                },
                {
                  "py/tuple": [
                    {
                      "py/b64": "gAKKCmz8nEb5IGqoUBkugAJN6QMugAJ9cQAoWBAAAABwcm90b2NvbF92ZXJzaW9ucQFN6QNYDQAAAGxpdHRsZV9lbmRpYW5xAohYCgAAAHR5cGVfc2l6ZXNxA31xBChYBQAAAHNob3J0cQVLAlgDAAAAaW50cQZLBFgEAAAAbG9uZ3EHSwR1dS6AAihYBwAAAHN0b3JhZ2VxAGN0b3JjaApGbG9hdFN0b3JhZ2UKcQFYDgAAADk0NTQ0NjM4NjIzMjQ4cQJYBgAAAGN1ZGE6MHEDSwFOdHEEUS6AAl1xAFgOAAAAOTQ1NDQ2Mzg2MjMyNDhxAWEuAQAAAAAAAADdo5A/"
                    }
                  ]
                }
              ]
            },
            0,
            {
              "py/tuple": []
            },
            {
              "py/tuple": []
            },
            false,
            {
              "py/reduce": [
                {
                  "py/type": "collections.OrderedDict"
                },
                {
                  "py/tuple": []
                },
                null,
                null,
                {
                  "py/tuple": []
                }
              ]
            }
          ]
        }
      ]
    }
  ],
  "grad_norm_T": [
    25481
  ],
  "loss": [
    0.2398470938205719
  ],
  "loss_T": [
    25481
  ],
  "mixer_norm": [
    1.1288121077979385
  ],
  "mixer_norm_T": [
    25481
  ],
  "policy_loss": [
    0.1973509043455124
  ],
  "policy_loss_T": [
    25481
  ],
  "q_taken_mean": [
    0.03811432875230564
  ],
  "q_taken_mean_T": [
    25481
  ],
  "qmix_loss": [
    0.0912361592054367
  ],
  "qmix_loss_T": [
    25481
  ],
  "reward_mean": [
    0.0,
    -0.026770617559709473,
    -0.04525726650174284,
    -0.011380329868476875
  ],
  "reward_mean_T": [
    200,
    10325,
    20481,
    30481
  ],
  "reward_std": [
    0.0,
    0.052997257787423556,
    0.0728510355648613,
    0.03325402655477521
  ],
  "reward_std_T": [
    200,
    10325,
    20481,
    30481
  ],
  "target_mean": [
    -0.04682798273713747
  ],
  "target_mean_T": [
    25481
  ],
  "td_error_abs": [
    0.42471155744721556
  ],
  "td_error_abs_T": [
    25481
  ],
  "test_battle_won_mean": [
    0.0,
    0.0,
    0.0,
    0.0
  ],
  "test_battle_won_mean_T": [
    200,
    10325,
    20481,
    30481
  ],
  "test_dead_allies_mean": [
    0.0,
    0.0,
    0.0,
    0.0
  ],
  "test_dead_allies_mean_T": [
    200,
    10325,
    20481,
    30481
  ],
  "test_dead_enemies_mean": [
    0.0,
    0.0,
    0.0,
    0.0
  ],
  "test_dead_enemies_mean_T": [
    200,
    10325,
    20481,
    30481
  ],
  "test_delta_ally_mean": [
    0.0,
    0.0,
    0.0,
    0.0
  ],
  "test_delta_ally_mean_T": [
    200,
    10325,
    20481,
    30481
  ],
  "test_delta_deaths_mean": [
    0.0,
    0.0,
    0.0,
    0.0
  ],
  "test_delta_deaths_mean_T": [
    200,
    10325,
    20481,
    30481
  ],
  "test_delta_enemy_mean": [
    0.0,
    0.0,
    0.0,
    0.0
  ],
  "test_delta_enemy_mean_T": [
    200,
    10325,
    20481,
    30481
  ],
  "test_ep_length_mean": [
    200.0,
    200.0,
    200.0,
    200.0
  ],
  "test_ep_length_mean_T": [
    200,
    10325,
    20481,
    30481
  ],
  "test_reward_mean": [
    0.0,
    0.0,
    0.0,
    0.0
  ],
  "test_reward_mean_T": [
    200,
    10325,
    20481,
    30481
  ],
  "test_reward_std": [
    0.0,
    0.0,
    0.0,
    0.0
  ],
  "test_reward_std_T": [
    200,
    10325,
    20481,
    30481
  ],
  "w_to_use": [
    0.5
  ],
  "w_to_use_T": [
    25481
  ]
}