{
  "alpha": [
    0.9323005676269531,
    0.9254270792007446
  ],
  "alpha_T": [
    15623,
    25707
  ],
  "alpha_loss": [
    -14.878610610961914,
    -14.864030838012695
  ],
  "alpha_loss_T": [
    15623,
    25707
  ],
  "battle_won_mean": [
    0.0,
    0.0,
    0.0
  ],
  "battle_won_mean_T": [
    65,
    10126,
    20183
  ],
  "central_loss": [
    0.015252158977091312,
    0.0126483840867877
  ],
  "central_loss_T": [
    15623,
    25707
  ],
  "comm_loss": [
    0.591430127620697,
    0.12376401573419571
  ],
  "comm_loss_T": [
    15623,
    25707
  ],
  "dead_allies_mean": [
    16.0,
    15.5,
    15.4875
  ],
  "dead_allies_mean_T": [
    65,
    10126,
    20183
  ],
  "dead_enemies_mean": [
    0.0,
    0.0,
    0.0
  ],
  "dead_enemies_mean_T": [
    65,
    10126,
    20183
  ],
  "delta_ally_mean": [
    280.0,
    716.4801055163872,
    741.1248321533203
  ],
  "delta_ally_mean_T": [
    65,
    10126,
    20183
  ],
  "delta_deaths_mean": [
    -80.0,
    -77.5,
    -77.4375
  ],
  "delta_deaths_mean_T": [
    65,
    10126,
    20183
  ],
  "delta_enemy_mean": [
    5.0,
    6.7682926829268295,
    3.75
  ],
  "delta_enemy_mean_T": [
    65,
    10126,
    20183
  ],
  "ep_length_mean": [
    65.0,
    122.6951219512195,
    125.7125
  ],
  "ep_length_mean_T": [
    65,
    10126,
    20183
  ],
  "episode": [
    83,
    163
  ],
  "episode_T": [
    10126,
    20183
  ],
  "epsilon": [
    0.995,
    0.90088745,
    0.80578265
  ],
  "epsilon_T": [
    65,
    10126,
    20183
  ],
  "grad_norm": [
    {
      "py/reduce": [
        {
          "py/function": "torch._utils._rebuild_tensor_v2"
        },
        {
          "py/tuple": [
            {
              "py/reduce": [
                {
                  "py/function": "torch.storage._load_from_bytes"
                },
                {
                  "py/tuple": [
                    {
                      "py/b64": "gAKKCmz8nEb5IGqoUBkugAJN6QMugAJ9cQAoWBAAAABwcm90b2NvbF92ZXJzaW9ucQFN6QNYDQAAAGxpdHRsZV9lbmRpYW5xAohYCgAAAHR5cGVfc2l6ZXNxA31xBChYBQAAAHNob3J0cQVLAlgDAAAAaW50cQZLBFgEAAAAbG9uZ3EHSwR1dS6AAihYBwAAAHN0b3JhZ2VxAGN0b3JjaApGbG9hdFN0b3JhZ2UKcQFYDgAAADk0MDYzNzM5MjY3NTg0cQJYBgAAAGN1ZGE6MHEDSwFOdHEEUS6AAl1xAFgOAAAAOTQwNjM3MzkyNjc1ODRxAWEuAQAAAAAAAAAVxOVA"
                    }
                  ]
                }
              ]
            },
            0,
            {
              "py/tuple": []
            },
            {
              "py/tuple": []
            },
            false,
            {
              "py/reduce": [
                {
                  "py/type": "collections.OrderedDict"
                },
                {
                  "py/tuple": []
                },
                null,
                null,
                {
                  "py/tuple": []
                }
              ]
            }
          ]
        }
      ]
    },
    {
      "py/reduce": [
        {
          "py/function": "torch._utils._rebuild_tensor_v2"
        },
        {
          "py/tuple": [
            {
              "py/reduce": [
                {
                  "py/function": "torch.storage._load_from_bytes"
                },
                {
                  "py/tuple": [
                    {
                      "py/b64": "gAKKCmz8nEb5IGqoUBkugAJN6QMugAJ9cQAoWBAAAABwcm90b2NvbF92ZXJzaW9ucQFN6QNYDQAAAGxpdHRsZV9lbmRpYW5xAohYCgAAAHR5cGVfc2l6ZXNxA31xBChYBQAAAHNob3J0cQVLAlgDAAAAaW50cQZLBFgEAAAAbG9uZ3EHSwR1dS6AAihYBwAAAHN0b3JhZ2VxAGN0b3JjaApGbG9hdFN0b3JhZ2UKcQFYDgAAADk0MDYzNTg5MzYwMDAwcQJYBgAAAGN1ZGE6MHEDSwFOdHEEUS6AAl1xAFgOAAAAOTQwNjM1ODkzNjAwMDBxAWEuAQAAAAAAAABamjs/"
                    }
                  ]
                }
              ]
            },
            0,
            {
              "py/tuple": []
            },
            {
              "py/tuple": []
            },
            false,
            {
              "py/reduce": [
                {
                  "py/type": "collections.OrderedDict"
                },
                {
                  "py/tuple": []
                },
                null,
                null,
                {
                  "py/tuple": []
                }
              ]
            }
          ]
        }
      ]
    }
  ],
  "grad_norm_T": [
    15623,
    25707
  ],
  "loss": [
    1.0262333154678345,
    0.1522952914237976
  ],
  "loss_T": [
    15623,
    25707
  ],
  "mixer_norm": [
    4.6449290132792065,
    0.5315692342025037
  ],
  "mixer_norm_T": [
    15623,
    25707
  ],
  "policy_loss": [
    -0.4702884256839752,
    -0.44181257486343384
  ],
  "policy_loss_T": [
    15623,
    25707
  ],
  "q_taken_mean": [
    0.04593409279917241,
    -0.003459854078288884
  ],
  "q_taken_mean_T": [
    15623,
    25707
  ],
  "qmix_loss": [
    0.4195510149002075,
    0.015882892534136772
  ],
  "qmix_loss_T": [
    15623,
    25707
  ],
  "reward_mean": [
    -3.1004366812227073,
    -6.875212339156846,
    -7.116264909635973
  ],
  "reward_mean_T": [
    65,
    10126,
    20183
  ],
  "reward_shaping/weight": [
    0.099,
    0.09801,
    0.0970299,
    0.096059601,
    0.09509900499,
    0.0941480149401,
    0.093206534790699,
    0.09227446944279201,
    0.09135172474836409,
    0.09043820750088044,
    0.08953382542587164,
    0.08863848717161292,
    0.08775210229989679,
    0.08687458127689782,
    0.08600583546412884,
    0.08514577710948755,
    0.08429431933839267,
    0.08345137614500873,
    0.08261686238355864,
    0.08179069375972306,
    0.08097278682212583,
    0.08016305895390458,
    0.07936142836436554,
    0.07856781408072187,
    0.07778213593991465,
    0.0770043145805155,
    0.07623427143471034,
    0.07547192872036323,
    0.0747172094331596,
    0.073970037338828,
    0.07323033696543972,
    0.07249803359578533,
    0.07177305325982747,
    0.0710553227272292,
    0.07034476949995691,
    0.06964132180495734,
    0.06894490858690777,
    0.06825545950103869,
    0.0675729049060283,
    0.06689717585696801,
    0.06622820409839833,
    0.06556592205741435,
    0.0649102628368402,
    0.06426116020847181,
    0.06361854860638709,
    0.06298236312032322,
    0.06235253948911999,
    0.06172901409422879,
    0.061111723953286505,
    0.06050060671375364,
    0.0598956006466161,
    0.05929664464014994,
    0.05870367819374844,
    0.05811664141181096,
    0.05753547499769285,
    0.05696012024771592,
    0.05639051904523876,
    0.05582661385478637,
    0.05526834771623851,
    0.054715664239076124,
    0.054168507596685365,
    0.053626822520718515,
    0.05309055429551133,
    0.05255964875255621,
    0.05203405226503065,
    0.05151371174238034,
    0.050998574624956536,
    0.05048858887870697,
    0.0499837029899199,
    0.049483865960020704,
    0.0489890273004205,
    0.048499137027416296,
    0.048014145657142134,
    0.04753400420057071,
    0.047058664158565,
    0.046588077516979354,
    0.04612219674180956
  ],
  "reward_shaping/weight_T": [
    15623,
    15779,
    15941,
    16098,
    16162,
    16324,
    16415,
    16574,
    16742,
    16905,
    17071,
    17230,
    17291,
    17448,
    17509,
    17573,
    17631,
    17792,
    17854,
    17916,
    18075,
    18229,
    18394,
    18556,
    18720,
    18782,
    18933,
    19097,
    19261,
    19423,
    19589,
    19751,
    19810,
    19967,
    20023,
    20183,
    20347,
    20512,
    20668,
    20735,
    20806,
    20965,
    21120,
    21283,
    21446,
    21605,
    21772,
    21842,
    22002,
    22162,
    22221,
    22379,
    22543,
    22604,
    22765,
    22825,
    22907,
    23072,
    23234,
    23390,
    23549,
    23713,
    23874,
    24038,
    24197,
    24356,
    24515,
    24674,
    24730,
    24892,
    25048,
    25212,
    25375,
    25544,
    25707,
    25867,
    26026
  ],
  "reward_std": [
    0.0,
    2.9990644674271993,
    2.980812446059102
  ],
  "reward_std_T": [
    65,
    10126,
    20183
  ],