{
  "alpha": [
    0.9323005676269531,
    0.927554726600647,
    0.9228333234786987
  ],
  "alpha_T": [
    25483,
    35584,
    45655
  ],
  "alpha_loss": [
    -6.796827793121338,
    -6.827845096588135,
    -6.827484130859375
  ],
  "alpha_loss_T": [
    25483,
    35584,
    45655
  ],
  "battle_won_mean": [
    0.0,
    0.0,
    0.0,
    0.0,
    0.0
  ],
  "battle_won_mean_T": [
    200,
    10200,
    20398,
    30584,
    40655
  ],
  "central_loss": [
    0.0004365289642009884,
    0.00015960840391926467,
    6.295064667938277e-05
  ],
  "central_loss_T": [
    25483,
    35584,
    45655
  ],
  "comm_loss": [
    0.14355358481407166,
    0.07605721056461334,
    0.07833525538444519
  ],
  "comm_loss_T": [
    25483,
    35584,
    45655
  ],
  "dead_allies_mean": [
    1.0,
    1.36,
    1.3137254901960784,
    0.9615384615384616,
    0.3137254901960784
  ],
  "dead_allies_mean_T": [
    200,
    10200,
    20398,
    30584,
    40655
  ],
  "dead_enemies_mean": [
    0.0,
    0.0,
    0.0784313725490196,
    0.09615384615384616,
    0.0196078431372549
  ],
  "dead_enemies_mean_T": [
    200,
    10200,
    20398,
    30584,
    40655
  ],
  "delta_ally_mean": [
    44.0,
    54.9,
    54.22181372549019,
    41.74399038461539,
    14.147058823529411
  ],
  "delta_ally_mean_T": [
    200,
    10200,
    20398,
    30584,
    40655
  ],
  "delta_deaths_mean": [
    -5.0,
    -6.8,
    -5.784313725490196,
    -3.8461538461538463,
    -1.3725490196078431
  ],
  "delta_deaths_mean_T": [
    200,
    10200,
    20398,
    30584,
    40655
  ],
  "delta_enemy_mean": [
    0.0,
    13.487177734375,
    11.652420343137255,
    10.758282001201923,
    1.9401041666666667
  ],
  "delta_enemy_mean_T": [
    200,
    10200,
    20398,
    30584,
    40655
  ],
  "ep_length_mean": [
    200.0,
    200.0,
    199.9607843137255,
    195.8846153846154,
    197.47058823529412
  ],
  "ep_length_mean_T": [
    200,
    10200,
    20398,
    30584,
    40655
  ],
  "episode": [
    50,
    101,
    153,
    204
  ],
  "episode_T": [
    10000,
    20198,
    30384,
    40455
  ],
  "epsilon": [
    0.995,
    0.9005,
    0.8041289,
    0.7078712,
    0.6127002500000001
  ],
  "epsilon_T": [
    200,
    10200,
    20398,
    30584,
    40655
  ],
  "grad_norm": [
    {
      "py/reduce": [
        {
          "py/function": "torch._utils._rebuild_tensor_v2"
        },
        {
          "py/tuple": [
            {
              "py/reduce": [
                {
                  "py/function": "torch.storage._load_from_bytes"
                },
                {
                  "py/tuple": [
                    {
                      "py/b64": "gAKKCmz8nEb5IGqoUBkugAJN6QMugAJ9cQAoWBAAAABwcm90b2NvbF92ZXJzaW9ucQFN6QNYDQAAAGxpdHRsZV9lbmRpYW5xAohYCgAAAHR5cGVfc2l6ZXNxA31xBChYBQAAAHNob3J0cQVLAlgDAAAAaW50cQZLBFgEAAAAbG9uZ3EHSwR1dS6AAihYBwAAAHN0b3JhZ2VxAGN0b3JjaApGbG9hdFN0b3JhZ2UKcQFYDgAAADk0NjEzNDA2NzE2MDE2cQJYBgAAAGN1ZGE6MHEDSwFOdHEEUS6AAl1xAFgOAAAAOTQ2MTM0MDY3MTYwMTZxAWEuAQAAAAAAAAAyGzRA"
                    }
                  ]
                }
              ]
            },
            0,
            {
              "py/tuple": []
            },
            {
              "py/tuple": []
            },
            false,
            {
              "py/reduce": [
                {
                  "py/type": "collections.OrderedDict"
                },
                {
                  "py/tuple": []
                },
                null,
                null,
                {
                  "py/tuple": []
                }
              ]
            }
          ]
        }
      ]
    },
    {
      "py/reduce": [
        {
          "py/function": "torch._utils._rebuild_tensor_v2"
        },
        {
          "py/tuple": [
            {
              "py/reduce": [
                {
                  "py/function": "torch.storage._load_from_bytes"
                },
                {
                  "py/tuple": [
                    {
                      "py/b64": "gAKKCmz8nEb5IGqoUBkugAJN6QMugAJ9cQAoWBAAAABwcm90b2NvbF92ZXJzaW9ucQFN6QNYDQAAAGxpdHRsZV9lbmRpYW5xAohYCgAAAHR5cGVfc2l6ZXNxA31xBChYBQAAAHNob3J0cQVLAlgDAAAAaW50cQZLBFgEAAAAbG9uZ3EHSwR1dS6AAihYBwAAAHN0b3JhZ2VxAGN0b3JjaApGbG9hdFN0b3JhZ2UKcQFYDgAAADk0NjEzNDUyMzgzMjgwcQJYBgAAAGN1ZGE6MHEDSwFOdHEEUS6AAl1xAFgOAAAAOTQ2MTM0NTIzODMyODBxAWEuAQAAAAAAAACUvgo+"
                    }
                  ]
                }
              ]
            },
            0,
            {
              "py/tuple": []
            },
            {
              "py/tuple": []
            },
            false,
            {
              "py/reduce": [
                {
                  "py/type": "collections.OrderedDict"
                },
                {
                  "py/tuple": []
                },
                null,
                null,
                {
                  "py/tuple": []
                }
              ]
            }
          ]
        }
      ]
    },
    {
      "py/reduce": [
        {
          "py/function": "torch._utils._rebuild_tensor_v2"
        },
        {
          "py/tuple": [
            {
              "py/reduce": [
                {
                  "py/function": "torch.storage._load_from_bytes"
                },
                {
                  "py/tuple": [
                    {
                      "py/b64": "gAKKCmz8nEb5IGqoUBkugAJN6QMugAJ9cQAoWBAAAABwcm90b2NvbF92ZXJzaW9ucQFN6QNYDQAAAGxpdHRsZV9lbmRpYW5xAohYCgAAAHR5cGVfc2l6ZXNxA31xBChYBQAAAHNob3J0cQVLAlgDAAAAaW50cQZLBFgEAAAAbG9uZ3EHSwR1dS6AAihYBwAAAHN0b3JhZ2VxAGN0b3JjaApGbG9hdFN0b3JhZ2UKcQFYDgAAADk0NjEzNDQyNzIwNzg0cQJYBgAAAGN1ZGE6MHEDSwFOdHEEUS6AAl1xAFgOAAAAOTQ2MTM0NDI3MjA3ODRxAWEuAQAAAAAAAAAMoqo9"
                    }
                  ]
                }
              ]
            },
            0,
            {
              "py/tuple": []
            },
            {
              "py/tuple": []
            },
            false,
            {
              "py/reduce": [
                {
                  "py/type": "collections.OrderedDict"
                },
                {
                  "py/tuple": []
                },
                null,
                null,
                {
                  "py/tuple": []
                }
              ]
            }
          ]
        }
      ]
    }
  ],
  "grad_norm_T": [
    25483,
    35584,
    45655
  ],
  "loss": [
    0.21829119324684143,
    0.07708550244569778,
    0.0788024440407753
  ],
  "loss_T": [
    25483,
    35584,
    45655
  ],
  "mixer_norm": [
    2.6705328549385006,
    0.05986073963823613,
    0.016496703147910928
  ],
  "mixer_norm_T": [
    25483,
    35584,
    45655
  ],
  "policy_loss": [
    -0.3106677830219269,
    -0.3941262364387512,
    -0.26123252511024475
  ],
  "policy_loss_T": [
    25483,
    35584,
    45655
  ],
  "q_taken_mean": [
    0.050184271898177216,
    -0.012649826329903786,
    -0.010433198008779067
  ],
  "q_taken_mean_T": [
    25483,
    35584,
    45655
  ],
  "qmix_loss": [
    0.0743010863661766,
    0.0008686846704222262,
    0.0004042414657305926
  ],
  "qmix_loss_T": [
    25483,
    35584,
    45655
  ],
  "reward_mean": [
    -0.08315655494272373,
    -0.08182065721786165,
    -0.08205974901628026,
    -0.05911219725000817,
    -0.02304540292994583
  ],
  "reward_mean_T": [
    200,
    10200,
    20398,
    30584,
    40655
  ],
  "reward_std": [
    0.0,
    0.06878138937152585,
    0.11474970532172594,
    0.07051067940617721,
    0.04426919710299333
  ],
  "reward_std_T": [
    200,
    10200,
    20398,
    30584,
    40655
  ],
  "target_mean": [
    -0.012765449637993956,
    -0.01284174878931793,
    -0.012182576977679797
  ],
  "target_mean_T": [
    25483,
    35584,
    45655
  ],
  "td_error_abs": [
    0.32695276477210294,
    0.026851730088219148,
    0.01958953269831943
  ],
  "td_error_abs_T": [
    25483,
    35584,
    45655
  ],