{
  "alpha": [
    0.9323005676269531
  ],
  "alpha_T": [
    24196
  ],
  "alpha_loss": [
    -15.322659492492676
  ],
  "alpha_loss_T": [
    24196
  ],
  "battle_won_mean": [
    0.0,
    0.0,
    0.0
  ],
  "battle_won_mean_T": [
    198,
    10387,
    20436
  ],
  "central_loss": [
    0.001429497147910297
  ],
  "central_loss_T": [
    24196
  ],
  "comm_loss": [
    0.3561139702796936
  ],
  "comm_loss_T": [
    24196
  ],
  "curriculum/difficulty": [
    0.024196,
    0.024386,
    0.02457,
    0.024754,
    0.024931,
    0.025117,
    0.025293,
    0.025474,
    0.025663,
    0.025841,
    0.026028,
    0.026209,
    0.026393,
    0.026575,
    0.026759,
    0.026943,
    0.027124,
    0.027313,
    0.027502,
    0.027692,
    0.027882,
    0.028069,
    0.02825,
    0.028434,
    0.028618,
    0.028806,
    0.028991,
    0.029173,
    0.029359,
    0.029548,
    0.029742,
    0.029928
  ],
  "curriculum/difficulty_T": [
    24196,
    24386,
    24570,
    24754,
    24931,
    25117,
    25293,
    25474,
    25663,
    25841,
    26028,
    26209,
    26393,
    26575,
    26759,
    26943,
    27124,
    27313,
    27502,
    27692,
    27882,
    28069,
    28250,
    28434,
    28618,
    28806,
    28991,
    29173,
    29359,
    29548,
    29742,
    29928
  ],
  "curriculum/progress": [
    0.024196,
    0.024386,
    0.02457,
    0.024754,
    0.024931,
    0.025117,
    0.025293,
    0.025474,
    0.025663,
    0.025841,
    0.026028,
    0.026209,
    0.026393,
    0.026575,
    0.026759,
    0.026943,
    0.027124,
    0.027313,
    0.027502,
    0.027692,
    0.027882,
    0.028069,
    0.02825,
    0.028434,
    0.028618,
    0.028806,
    0.028991,
    0.029173,
    0.029359,
    0.029548,
    0.029742,
    0.029928
  ],
  "curriculum/progress_T": [
    24196,
    24386,
    24570,
    24754,
    24931,
    25117,
    25293,
    25474,
    25663,
    25841,
    26028,
    26209,
    26393,
    26575,
    26759,
    26943,
    27124,
    27313,
    27502,
    27692,
    27882,
    28069,
    28250,
    28434,
    28618,
    28806,
    28991,
    29173,
    29359,
    29548,
    29742,
    29928
  ],
  "dead_allies_mean": [
    12.0,
    12.0,
    12.0
  ],
  "dead_allies_mean_T": [
    198,
    10387,
    20436
  ],
  "dead_enemies_mean": [
    0.0,
    0.0,
    0.0
  ],
  "dead_enemies_mean_T": [
    198,
    10387,
    20436
  ],
  "delta_ally_mean": [
    320.0,
    320.0,
    320.0
  ],
  "delta_ally_mean_T": [
    198,
    10387,
    20436
  ],
  "delta_deaths_mean": [
    -30.0,
    -30.0,
    -30.0
  ],
  "delta_deaths_mean_T": [
    198,
    10387,
    20436
  ],
  "delta_enemy_mean": [
    89.375,
    142.05787037037038,
    159.83490566037736
  ],
  "delta_enemy_mean_T": [
    198,
    10387,
    20436
  ],
  "ep_length_mean": [
    198.0,
    188.6851851851852,
    189.60377358490567
  ],
  "ep_length_mean_T": [
    198,
    10387,
    20436
  ],
  "episode": [
    54,
    107
  ],
  "episode_T": [
    10189,
    20246
  ],
  "epsilon": [
    0.995,
    0.89871395,
    0.8036753
  ],
  "epsilon_T": [
    198,
    10387,
    20436
  ],
  "grad_norm": [
    {
      "py/reduce": [
        {
          "py/function": "torch._utils._rebuild_tensor_v2"
        },
        {
          "py/tuple": [
            {
              "py/reduce": [
                {
                  "py/function": "torch.storage._load_from_bytes"
                },
                {
                  "py/tuple": [
                    {
                      "py/b64": "gAKKCmz8nEb5IGqoUBkugAJN6QMugAJ9cQAoWBAAAABwcm90b2NvbF92ZXJzaW9ucQFN6QNYDQAAAGxpdHRsZV9lbmRpYW5xAohYCgAAAHR5cGVfc2l6ZXNxA31xBChYBQAAAHNob3J0cQVLAlgDAAAAaW50cQZLBFgEAAAAbG9uZ3EHSwR1dS6AAihYBwAAAHN0b3JhZ2VxAGN0b3JjaApGbG9hdFN0b3JhZ2UKcQFYDgAAADkzODY5NzYzMzc5MjY0cQJYBgAAAGN1ZGE6MHEDSwFOdHEEUS6AAl1xAFgOAAAAOTM4Njk3NjMzNzkyNjRxAWEuAQAAAAAAAABaboBA"
                    }
                  ]
                }
              ]
            },
            0,
            {
              "py/tuple": []
            },
            {
              "py/tuple": []
            },
            false,
            {
              "py/reduce": [
                {
                  "py/type": "collections.OrderedDict"
                },
                {
                  "py/tuple": []
                },
                null,
                null,
                {
                  "py/tuple": []
                }
              ]
            }
          ]
        }
      ]
    }
  ],
  "grad_norm_T": [
    24196
  ],
  "loss": [
    0.47331178188323975
  ],
  "loss_T": [
    24196
  ],
  "mixer_norm": [
    3.318164528721989
  ],
  "mixer_norm_T": [
    24196
  ],
  "policy_loss": [
    -0.9503872394561768
  ],
  "policy_loss_T": [
    24196
  ],
  "q_taken_mean": [
    0.01624987293171306
  ],
  "q_taken_mean_T": [
    24196
  ],
  "qmix_loss": [
    0.11576832085847855
  ],
  "qmix_loss_T": [
    24196
  ],
  "reward_mean": [
    -1.1982758620689653,
    -0.9560557684120902,
    -0.8743222728258511
  ],
  "reward_mean_T": [
    198,
    10387,
    20436
  ],
  "reward_std": [
    0.0,
    0.13943442045221024,
    0.11815942872011503
  ],
  "reward_std_T": [
    198,
    10387,
    20436
  ],
  "target_mean": [
    -0.019815907515382192
  ],
  "target_mean_T": [
    24196
  ],
  "td_error_abs": [
    0.4336564702068524
  ],
  "td_error_abs_T": [
    24196
  ],
  "test_battle_won_mean": [
    0.0,
    0.0,
    0.0
  ],
  "test_battle_won_mean_T": [
    198,
    10387,
    20436
  ],
  "test_dead_allies_mean": [
    12.0,
    12.0,
    12.0
  ],
  "test_dead_allies_mean_T": [
    198,
    10387,
    20436
  ],
  "test_dead_enemies_mean": [
    0.6875,
    0.625,
    0.53125
  ],
  "test_dead_enemies_mean_T": [
    198,
    10387,
    20436
  ],
  "test_delta_ally_mean": [
    320.0,
    320.0,
    320.0
  ],
  "test_delta_ally_mean_T": [
    198,
    10387,
    20436
  ],
  "test_delta_deaths_mean": [
    -23.125,
    -23.75,
    -24.6875
  ],
  "test_delta_deaths_mean_T": [
    198,
    10387,
    20436
  ],
  "test_delta_enemy_mean": [
    219.03125,
    215.5,
    214.1875
  ],
  "test_delta_enemy_mean_T": [
    198,
    10387,
    20436
  ],
  "test_ep_length_mean": [
    193.40625,
    193.8125,
    194.09375
  ],
  "test_ep_length_mean_T": [
    198,
    10387,
    20436
  ],
  "test_reward_mean": [
    -0.5705459770114942,
    -0.5896551724137931,
    -0.6
  ],
  "test_reward_mean_T": [
    198,
    10387,
    20436
  ],
  "test_reward_std": [
    0.16769149592487545,
    0.18864586886371165,
    0.18451050745582637
  ],
  "test_reward_std_T": [
    198,
    10387,
    20436
  ],
  "w_to_use": [
    0.5309374928474426
  ],
  "w_to_use_T": [
    24196
  ]
}