{
  "battle_won_mean": [
    0.0,
    0.0,
    0.0
  ],
  "battle_won_mean_T": [
    198,
    10387,
    20436
  ],
  "dead_allies_mean": [
    12.0,
    12.0,
    12.0
  ],
  "dead_allies_mean_T": [
    198,
    10387,
    20436
  ],
  "dead_enemies_mean": [
    0.0,
    0.0,
    0.0
  ],
  "dead_enemies_mean_T": [
    198,
    10387,
    20436
  ],
  "delta_ally_mean": [
    320.0,
    320.0,
    320.0
  ],
  "delta_ally_mean_T": [
    198,
    10387,
    20436
  ],
  "delta_deaths_mean": [
    -30.0,
    -30.0,
    -30.0
  ],
  "delta_deaths_mean_T": [
    198,
    10387,
    20436
  ],
  "delta_enemy_mean": [
    89.375,
    142.05787037037038,
    159.83490566037736
  ],
  "delta_enemy_mean_T": [
    198,
    10387,
    20436
  ],
  "ep_length_mean": [
    198.0,
    188.6851851851852,
    189.60377358490567
  ],
  "ep_length_mean_T": [
    198,
    10387,
    20436
  ],
  "episode": [
    54,
    107
  ],
  "episode_T": [
    10189,
    20246
  ],
  "epsilon": [
    0.995,
    0.89871395,
    0.8036753
  ],
  "epsilon_T": [
    198,
    10387,
    20436
  ],
  "reward_mean": [
    -1.1982758620689653,
    -0.9560557684120902,
    -0.8743222728258511
  ],
  "reward_mean_T": [
    198,
    10387,
    20436
  ],
  "reward_std": [
    0.0,
    0.13943442045221024,
    0.11815942872011503
  ],
  "reward_std_T": [
    198,
    10387,
    20436
  ],
  "test_battle_won_mean": [
    0.0,
    0.0,
    0.0
  ],
  "test_battle_won_mean_T": [
    198,
    10387,
    20436
  ],
  "test_dead_allies_mean": [
    12.0,
    12.0,
    12.0
  ],
  "test_dead_allies_mean_T": [
    198,
    10387,
    20436
  ],
  "test_dead_enemies_mean": [
    0.6875,
    0.625,
    0.53125
  ],
  "test_dead_enemies_mean_T": [
    198,
    10387,
    20436
  ],
  "test_delta_ally_mean": [
    320.0,
    320.0,
    320.0
  ],
  "test_delta_ally_mean_T": [
    198,
    10387,
    20436
  ],
  "test_delta_deaths_mean": [
    -23.125,
    -23.75,
    -24.6875
  ],
  "test_delta_deaths_mean_T": [
    198,
    10387,
    20436
  ],
  "test_delta_enemy_mean": [
    219.03125,
    215.5,
    214.1875
  ],
  "test_delta_enemy_mean_T": [
    198,
    10387,
    20436
  ],
  "test_ep_length_mean": [
    193.40625,
    193.8125,
    194.09375
  ],
  "test_ep_length_mean_T": [
    198,
    10387,
    20436
  ],
  "test_reward_mean": [
    -0.5705459770114942,
    -0.5896551724137931,
    -0.6
  ],
  "test_reward_mean_T": [
    198,
    10387,
    20436
  ],
  "test_reward_std": [
    0.16769149592487545,
    0.18864586886371165,
    0.18451050745582637
  ],
  "test_reward_std_T": [
    198,
    10387,
    20436
  ]
}