{
  "alpha": [
    0.9323005676269531,
    0.9260737299919128
  ],
  "alpha_T": [
    9600,
    19650
  ],
  "alpha_loss": [
    -26.055217742919922,
    -26.060840606689453
  ],
  "alpha_loss_T": [
    9600,
    19650
  ],
  "battle_won_mean": [
    0.0,
    0.0,
    0.0
  ],
  "battle_won_mean_T": [
    150,
    10200,
    20250
  ],
  "central_loss": [
    0.01019255816936493,
    0.003269993932917714
  ],
  "central_loss_T": [
    9600,
    19650
  ],
  "comm_loss": [
    0.6449117064476013,
    0.29057982563972473
  ],
  "comm_loss_T": [
    9600,
    19650
  ],
  "dead_allies_mean": [
    3.0,
    5.626865671641791,
    1.7164179104477613
  ],
  "dead_allies_mean_T": [
    150,
    10200,
    20250
  ],
  "dead_enemies_mean": [
    0.0,
    0.0,
    0.0
  ],
  "dead_enemies_mean_T": [
    150,
    10200,
    20250
  ],
  "delta_ally_mean": [
    52.5,
    101.78003294076493,
    30.981959100979477
  ],
  "delta_ally_mean_T": [
    150,
    10200,
    20250
  ],
  "delta_deaths_mean": [
    -15.0,
    -28.134328358208954,
    -8.582089552238806
  ],
  "delta_deaths_mean_T": [
    150,
    10200,
    20250
  ],
  "delta_enemy_mean": [
    0.0,
    0.0,
    0.0
  ],
  "delta_enemy_mean_T": [
    150,
    10200,
    20250
  ],
  "ep_length_mean": [
    150.0,
    150.0,
    150.0
  ],
  "ep_length_mean_T": [
    150,
    10200,
    20250
  ],
  "episode": [
    67,
    134
  ],
  "episode_T": [
    10050,
    20100
  ],
  "epsilon": [
    0.995,
    0.91585625,
    0.8367125
  ],
  "epsilon_T": [
    150,
    10200,
    20250
  ],
  "grad_norm": [
    {
      "py/reduce": [
        {
          "py/function": "torch._utils._rebuild_tensor_v2"
        },
        {
          "py/tuple": [
            {
              "py/reduce": [
                {
                  "py/function": "torch.storage._load_from_bytes"
                },
                {
                  "py/tuple": [
                    {
                      "py/b64": "gAKKCmz8nEb5IGqoUBkugAJN6QMugAJ9cQAoWBAAAABwcm90b2NvbF92ZXJzaW9ucQFN6QNYDQAAAGxpdHRsZV9lbmRpYW5xAohYCgAAAHR5cGVfc2l6ZXNxA31xBChYBQAAAHNob3J0cQVLAlgDAAAAaW50cQZLBFgEAAAAbG9uZ3EHSwR1dS6AAihYBwAAAHN0b3JhZ2VxAGN0b3JjaApGbG9hdFN0b3JhZ2UKcQFYDgAAADk0Njk0OTA4MzA5MDA4cQJYBgAAAGN1ZGE6MHEDSwFOdHEEUS6AAl1xAFgOAAAAOTQ2OTQ5MDgzMDkwMDhxAWEuAQAAAAAAAAC9Nr5A"
                    }
                  ]
                }
              ]
            },
            0,
            {
              "py/tuple": []
            },
            {
              "py/tuple": []
            },
            false,
            {
              "py/reduce": [
                {
                  "py/type": "collections.OrderedDict"
                },
                {
                  "py/tuple": []
                },
                null,
                null,
                {
                  "py/tuple": []
                }
              ]
            }
          ]
        }
      ]
    },
    {
      "py/reduce": [
        {
          "py/function": "torch._utils._rebuild_tensor_v2"
        },
        {
          "py/tuple": [
            {
              "py/reduce": [
                {
                  "py/function": "torch.storage._load_from_bytes"
                },
                {
                  "py/tuple": [
                    {
                      "py/b64": "gAKKCmz8nEb5IGqoUBkugAJN6QMugAJ9cQAoWBAAAABwcm90b2NvbF92ZXJzaW9ucQFN6QNYDQAAAGxpdHRsZV9lbmRpYW5xAohYCgAAAHR5cGVfc2l6ZXNxA31xBChYBQAAAHNob3J0cQVLAlgDAAAAaW50cQZLBFgEAAAAbG9uZ3EHSwR1dS6AAihYBwAAAHN0b3JhZ2VxAGN0b3JjaApGbG9hdFN0b3JhZ2UKcQFYDwAAADE0MDA1ODQyMDE1MTQ1NnECWAYAAABjdWRhOjBxA0sBTnRxBFEugAJdcQBYDwAAADE0MDA1ODQyMDE1MTQ1NnEBYS4BAAAAAAAAACYCqj4="
                    }
                  ]
                }
              ]
            },
            0,
            {
              "py/tuple": []
            },
            {
              "py/tuple": []
            },
            false,
            {
              "py/reduce": [
                {
                  "py/type": "collections.OrderedDict"
                },
                {
                  "py/tuple": []
                },
                null,
                null,
                {
                  "py/tuple": []
                }
              ]
            }
          ]
        }
      ]
    }
  ],
  "grad_norm_T": [
    9600,
    19650
  ],
  "loss": [
    0.766002357006073,
    0.2980613112449646
  ],
  "loss_T": [
    9600,
    19650
  ],
  "mixer_norm": [
    3.5528822590999845,
    0.04179673589268184
  ],
  "mixer_norm_T": [
    9600,
    19650
  ],
  "policy_loss": [
    -2.5748720169067383,
    -1.3918336629867554
  ],
  "policy_loss_T": [
    9600,
    19650
  ],
  "q_taken_mean": [
    0.01008010016547309,
    -0.0022697061962551543
  ],
  "q_taken_mean_T": [
    9600,
    19650
  ],
  "qmix_loss": [
    0.11089809238910675,
    0.004211501218378544
  ],
  "qmix_loss_T": [
    9600,
    19650
  ],
  "reward_mean": [
    -1.5,
    -2.886985806643864,
    -0.8792010811826285
  ],
  "reward_mean_T": [
    150,
    10200,
    20250
  ],
  "reward_shaping/weight": [
    0.59988,
    0.599760024,
    0.5996400719952,
    0.599520143980801,
    0.5994002399520049,
    0.5992803599040145,
    0.5991605038320337,
    0.5990406717312673,
    0.5989208635969211,
    0.5988010794242017,
    0.5986813192083169,
    0.5985615829444753,
    0.5984418706278863,
    0.5983221822537608,
    0.59820251781731,
    0.5980828773137465,
    0.5979632607382838,
    0.5978436680861361,
    0.5977240993525189,
    0.5976045545326484,
    0.5974850336217419,
    0.5973655366150176,
    0.5972460635076946,
    0.597126614294993,
    0.597007188972134,
    0.5968877875343396,
    0.5967684099768327,
    0.5966490562948373,
    0.5965297264835784,
    0.5964104205382816,
    0.596291138454174,
    0.5961718802264832,
    0.5960526458504378,
    0.5959334353212677,
    0.5958142486342035,
    0.5956950857844767,
    0.5955759467673198,
    0.5954568315779664,
    0.5953377402116508,
    0.5952186726636084,
    0.5950996289290756,
    0.5949806090032899,
    0.5948616128814892,
    0.5947426405589129,
    0.5946236920308011,
    0.594504767292395,
    0.5943858663389365,
    0.5942669891656688,
    0.5941481357678357,
    0.5940293061406821,
    0.5939105002794539,
    0.593791718179398,
    0.5936729598357622,
    0.5935542252437951,
    0.5934355143987463,
    0.5933168272958665,
    0.5931981639304074,
    0.5930795242976213,
    0.5929609083927618,
    0.5928423162110833,
    0.5927237477478411,
    0.5926052029982916,
    0.5924866819576919,
    0.5923681846213004,
    0.5922497109843761,
    0.5921312610421792,
    0.5920128347899708,
    0.5918944322230129,
    0.5917760533365682,
    0.591657698125901,
    0.5915393665862758,
    0.5914210587129586,
    0.591302774501216,
    0.5911845139463158,
    0.5910662770435265,
    0.5909480637881178,
    0.5908298741753603,
    0.5907117082005252,
    0.5905935658588851,
    0.5904754471457133,
    0.5903573520562841,
    0.5902392805858729,
    0.5901212327297558,
    0.5900032084832099,
    0.5898852078415132,
    0.589767230799945,
    0.589649277353785,
    0.5895313474983143,
    0.5894134412288146,
    0.5892955585405688,
    0.5891776994288607,
    0.5890598638889749,
    0.5889420519161971,
    0.5888242635058138,
    0.5887064986531128,
    0.5885887573533821,
    0.5884710396019115,
    0.5883533453939911,
    0.5882356747249123,
    0.5881180275899673,
    0.5880004039844493,
    0.5878828039036524,
    0.5877652273428717,
    0.5876476742974032,
    0.5875301447625437,
    0.5874126387335913,
    0.5872951562058446,
    0.5871776971746034,
    0.5870602616351686,
    0.5869428495828415,
    0.5868254610129249,
    0.5867080959207223
  ],