{
  "alpha": [
    0.9323005676269531
  ],
  "alpha_T": [
    19200
  ],
  "alpha_loss": [
    -25.976146697998047
  ],
  "alpha_loss_T": [
    19200
  ],
  "battle_won_mean": [
    0.0,
    0.0,
    0.0
  ],
  "battle_won_mean_T": [
    150,
    10200,
    20250
  ],
  "central_loss": [
    0.01136691402643919
  ],
  "central_loss_T": [
    19200
  ],
  "comm_loss": [
    0.6428327560424805
  ],
  "comm_loss_T": [
    19200
  ],
  "dead_allies_mean": [
    2.0,
    4.940298507462686,
    7.0
  ],
  "dead_allies_mean_T": [
    150,
    10200,
    20250
  ],
  "dead_enemies_mean": [
    0.0,
    0.0,
    0.0
  ],
  "dead_enemies_mean_T": [
    150,
    10200,
    20250
  ],
  "delta_ally_mean": [
    35.0,
    88.35280506646455,
    125.80814190764926
  ],
  "delta_ally_mean_T": [
    150,
    10200,
    20250
  ],
  "delta_deaths_mean": [
    -10.0,
    -24.70149253731343,
    -35.0
  ],
  "delta_deaths_mean_T": [
    150,
    10200,
    20250
  ],
  "delta_enemy_mean": [
    0.0,
    0.0,
    0.11940298507462686
  ],
  "delta_enemy_mean_T": [
    150,
    10200,
    20250
  ],
  "ep_length_mean": [
    150.0,
    150.0,
    150.0
  ],
  "ep_length_mean_T": [
    150,
    10200,
    20250
  ],
  "episode": [
    67,
    134
  ],
  "episode_T": [
    10050,
    20100
  ],
  "epsilon": [
    0.995,
    0.9000275,
    0.8050550000000001
  ],
  "epsilon_T": [
    150,
    10200,
    20250
  ],
  "grad_norm": [
    {
      "py/reduce": [
        {
          "py/function": "torch._utils._rebuild_tensor_v2"
        },
        {
          "py/tuple": [
            {
              "py/reduce": [
                {
                  "py/function": "torch.storage._load_from_bytes"
                },
                {
                  "py/tuple": [
                    {
                      "py/b64": "gAKKCmz8nEb5IGqoUBkugAJN6QMugAJ9cQAoWBAAAABwcm90b2NvbF92ZXJzaW9ucQFN6QNYDQAAAGxpdHRsZV9lbmRpYW5xAohYCgAAAHR5cGVfc2l6ZXNxA31xBChYBQAAAHNob3J0cQVLAlgDAAAAaW50cQZLBFgEAAAAbG9uZ3EHSwR1dS6AAihYBwAAAHN0b3JhZ2VxAGN0b3JjaApGbG9hdFN0b3JhZ2UKcQFYDgAAADk0NjU0Njk0NTk1NzYwcQJYBgAAAGN1ZGE6MHEDSwFOdHEEUS6AAl1xAFgOAAAAOTQ2NTQ2OTQ1OTU3NjBxAWEuAQAAAAAAAADpUb1B"
                    }
                  ]
                }
              ]
            },
            0,
            {
              "py/tuple": []
            },
            {
              "py/tuple": []
            },
            false,
            {
              "py/reduce": [
                {
                  "py/type": "collections.OrderedDict"
                },
                {
                  "py/tuple": []
                },
                null,
                null,
                {
                  "py/tuple": []
                }
              ]
            }
          ]
        }
      ]
    }
  ],
  "grad_norm_T": [
    19200
  ],
  "loss": [
    1.5305113792419434
  ],
  "loss_T": [
    19200
  ],
  "mixer_norm": [
    17.762970556879235
  ],
  "mixer_norm_T": [
    19200
  ],
  "policy_loss": [
    -1.0114185810089111
  ],
  "policy_loss_T": [
    19200
  ],
  "q_taken_mean": [
    -0.034607596927218966
  ],
  "q_taken_mean_T": [
    19200
  ],
  "qmix_loss": [
    0.8763116598129272
  ],
  "qmix_loss_T": [
    19200
  ],
  "reward_mean": [
    -1.0,
    -2.5123177245284,
    -3.570860864946103
  ],
  "reward_mean_T": [
    150,
    10200,
    20250
  ],
  "reward_std": [
    0.0,
    2.9730023950469717,
    3.2161725017023337
  ],
  "reward_std_T": [
    150,
    10200,
    20250
  ],
  "target_mean": [
    -0.0003220674726698134
  ],
  "target_mean_T": [
    19200
  ],
  "td_error_abs": [
    0.8802553304036458
  ],
  "td_error_abs_T": [
    19200
  ],
  "test_battle_won_mean": [
    0.0,
    0.0,
    0.0
  ],
  "test_battle_won_mean_T": [
    150,
    10200,
    20250
  ],
  "test_dead_allies_mean": [
    3.40625,
    1.40625,
    0.375
  ],
  "test_dead_allies_mean_T": [
    150,
    10200,
    20250
  ],
  "test_dead_enemies_mean": [
    0.0,
    0.0,
    0.0
  ],
  "test_dead_enemies_mean_T": [
    150,
    10200,
    20250
  ],
  "test_delta_ally_mean": [
    59.74189758300781,
    24.662322998046875,
    6.5625
  ],
  "test_delta_ally_mean_T": [
    150,
    10200,
    20250
  ],
  "test_delta_deaths_mean": [
    -17.03125,
    -7.03125,
    -1.875
  ],
  "test_delta_deaths_mean_T": [
    150,
    10200,
    20250
  ],
  "test_delta_enemy_mean": [
    0.125,
    0.0,
    0.0
  ],
  "test_delta_enemy_mean_T": [
    150,
    10200,
    20250
  ],
  "test_ep_length_mean": [
    150.0,
    150.0,
    150.0
  ],
  "test_ep_length_mean_T": [
    150,
    10200,
    20250
  ],
  "test_reward_mean": [
    -1.7032921685112856,
    -0.704301622178819,
    -0.1875
  ],
  "test_reward_mean_T": [
    150,
    10200,
    20250
  ],
  "test_reward_std": [
    2.308253426103523,
    1.083489334494084,
    0.2724311839712921
  ],
  "test_reward_std_T": [
    150,
    10200,
    20250
  ],
  "w_to_use": [
    0.9682552218437195
  ],
  "w_to_use_T": [
    19200
  ]
}