{
  "alpha": [
    0.9323005676269531,
    0.9257996082305908,
    0.9191655516624451
  ],
  "alpha_T": [
    18832,
    28921,
    39018
  ],
  "alpha_loss": [
    -30.50152587890625,
    -30.441097259521484,
    -30.42252540588379
  ],
  "alpha_loss_T": [
    18832,
    28921,
    39018
  ],
  "battle_won_mean": [
    0.0,
    0.0,
    0.0,
    0.0,
    0.0
  ],
  "battle_won_mean_T": [
    150,
    10282,
    20332,
    30460,
    40518
  ],
  "central_loss": [
    0.0006241178489290178,
    0.00037768451147712767,
    0.00016521476209163666
  ],
  "central_loss_T": [
    18832,
    28921,
    39018
  ],
  "comm_loss": [
    0.565083920955658,
    0.2012866884469986,
    0.10361869633197784
  ],
  "comm_loss_T": [
    18832,
    28921,
    39018
  ],
  "dead_allies_mean": [
    11.0,
    9.314285714285715,
    4.432835820895522,
    9.535211267605634,
    6.845070422535211
  ],
  "dead_allies_mean_T": [
    150,
    10282,
    20332,
    30460,
    40518
  ],
  "dead_enemies_mean": [
    1.0,
    0.18571428571428572,
    0.11940298507462686,
    0.15492957746478872,
    0.07042253521126761
  ],
  "dead_enemies_mean_T": [
    150,
    10282,
    20332,
    30460,
    40518
  ],
  "ep_length_mean": [
    150.0,
    144.74285714285713,
    150.0,
    142.64788732394365,
    141.66197183098592
  ],
  "ep_length_mean_T": [
    150,
    10282,
    20332,
    30460,
    40518
  ],
  "episode": [
    70,
    137,
    208,
    279
  ],
  "episode_T": [
    10132,
    20182,
    30310,
    40368
  ],
  "epsilon": [
    0.995,
    0.8992526,
    0.8042800999999999,
    0.7085705,
    0.6135224
  ],
  "epsilon_T": [
    150,
    10282,
    20332,
    30460,
    40518
  ],
  "grad_norm": [
    {
      "py/reduce": [
        {
          "py/function": "torch._utils._rebuild_tensor_v2"
        },
        {
          "py/tuple": [
            {
              "py/reduce": [
                {
                  "py/function": "torch.storage._load_from_bytes"
                },
                {
                  "py/tuple": [
                    {
                      "py/b64": "gAKKCmz8nEb5IGqoUBkugAJN6QMugAJ9cQAoWBAAAABwcm90b2NvbF92ZXJzaW9ucQFN6QNYDQAAAGxpdHRsZV9lbmRpYW5xAohYCgAAAHR5cGVfc2l6ZXNxA31xBChYBQAAAHNob3J0cQVLAlgDAAAAaW50cQZLBFgEAAAAbG9uZ3EHSwR1dS6AAihYBwAAAHN0b3JhZ2VxAGN0b3JjaApGbG9hdFN0b3JhZ2UKcQFYDgAAADk0NTQxMzE4NzY0NTc2cQJYBgAAAGN1ZGE6MHEDSwFOdHEEUS6AAl1xAFgOAAAAOTQ1NDEzMTg3NjQ1NzZxAWEuAQAAAAAAAAB9TwlA"
                    }
                  ]
                }
              ]
            },
            0,
            {
              "py/tuple": []
            },
            {
              "py/tuple": []
            },
            false,
            {
              "py/reduce": [
                {
                  "py/type": "collections.OrderedDict"
                },
                {
                  "py/tuple": []
                },
                null,
                null,
                {
                  "py/tuple": []
                }
              ]
            }
          ]
        }
      ]
    },
    {
      "py/reduce": [
        {
          "py/function": "torch._utils._rebuild_tensor_v2"
        },
        {
          "py/tuple": [
            {
              "py/reduce": [
                {
                  "py/function": "torch.storage._load_from_bytes"
                },
                {
                  "py/tuple": [
                    {
                      "py/b64": "gAKKCmz8nEb5IGqoUBkugAJN6QMugAJ9cQAoWBAAAABwcm90b2NvbF92ZXJzaW9ucQFN6QNYDQAAAGxpdHRsZV9lbmRpYW5xAohYCgAAAHR5cGVfc2l6ZXNxA31xBChYBQAAAHNob3J0cQVLAlgDAAAAaW50cQZLBFgEAAAAbG9uZ3EHSwR1dS6AAihYBwAAAHN0b3JhZ2VxAGN0b3JjaApGbG9hdFN0b3JhZ2UKcQFYDgAAADk0NTQxMTU2MjEyMTI4cQJYBgAAAGN1ZGE6MHEDSwFOdHEEUS6AAl1xAFgOAAAAOTQ1NDExNTYyMTIxMjhxAWEuAQAAAAAAAAD+3zc+"
                    }
                  ]
                }
              ]
            },
            0,
            {
              "py/tuple": []
            },
            {
              "py/tuple": []
            },
            false,
            {
              "py/reduce": [
                {
                  "py/type": "collections.OrderedDict"
                },
                {
                  "py/tuple": []
                },
                null,
                null,
                {
                  "py/tuple": []
                }
              ]
            }
          ]
        }
      ]
    },
    {
      "py/reduce": [
        {
          "py/function": "torch._utils._rebuild_tensor_v2"
        },
        {
          "py/tuple": [
            {
              "py/reduce": [
                {
                  "py/function": "torch.storage._load_from_bytes"
                },
                {
                  "py/tuple": [
                    {
                      "py/b64": "gAKKCmz8nEb5IGqoUBkugAJN6QMugAJ9cQAoWBAAAABwcm90b2NvbF92ZXJzaW9ucQFN6QNYDQAAAGxpdHRsZV9lbmRpYW5xAohYCgAAAHR5cGVfc2l6ZXNxA31xBChYBQAAAHNob3J0cQVLAlgDAAAAaW50cQZLBFgEAAAAbG9uZ3EHSwR1dS6AAihYBwAAAHN0b3JhZ2VxAGN0b3JjaApGbG9hdFN0b3JhZ2UKcQFYDgAAADk0NTQxMjExODAwMDMycQJYBgAAAGN1ZGE6MHEDSwFOdHEEUS6AAl1xAFgOAAAAOTQ1NDEyMTE4MDAwMzJxAWEuAQAAAAAAAADVB0E9"
                    }
                  ]
                }
              ]
            },
            0,
            {
              "py/tuple": []
            },
            {
              "py/tuple": []
            },
            false,
            {
              "py/reduce": [
                {
                  "py/type": "collections.OrderedDict"
                },
                {
                  "py/tuple": []
                },
                null,
                null,
                {
                  "py/tuple": []
                }
              ]
            }
          ]
        }
      ]
    }
  ],
  "grad_norm_T": [
    18832,
    28921,
    39018
  ],
  "loss": [
    0.6087959408760071,
    0.20231886208057404,
    0.10408339649438858
  ],
  "loss_T": [
    18832,
    28921,
    39018
  ],
  "mixer_norm": [
    1.992757509617087,
    0.006426636154338605,
    0.005163666053967525
  ],
  "mixer_norm_T": [
    18832,
    28921,
    39018
  ],
  "policy_loss": [
    -0.6573078036308289,
    -0.628029465675354,
    -0.4213966131210327
  ],
  "policy_loss_T": [
    18832,
    28921,
    39018
  ],
  "q_taken_mean": [
    0.012117814941175777,
    0.0008490472534039471,
    0.000375060837236487
  ],
  "q_taken_mean_T": [
    18832,
    28921,
    39018
  ],
  "qmix_loss": [
    0.043087929487228394,
    0.0006544835050590336,
    0.0002994889800902456
  ],
  "qmix_loss_T": [
    18832,
    28921,
    39018
  ],
  "return_mean": [
    {
      "dtype": "float64",
      "py/object": "numpy.float64",
      "value": -0.33888228299643297
    },
    {
      "dtype": "float64",
      "py/object": "numpy.float64",
      "value": -0.5589503147493949
    },
    {
      "dtype": "float64",
      "py/object": "numpy.float64",
      "value": -0.262294120652497
    },
    {
      "dtype": "float64",
      "py/object": "numpy.float64",
      "value": -0.5849191754738448
    },
    {
      "dtype": "float64",
      "py/object": "numpy.float64",
      "value": -0.4258053324685778
    }
  ],
  "return_mean_T": [
    150,
    10282,
    20332,
    30460,
    40518
  ],
  "return_std": [
    {
      "dtype": "float64",
      "py/object": "numpy.float64",
      "value": 0.0
    },
    {
      "dtype": "float64",
      "py/object": "numpy.float64",
      "value": 0.2208158728739529
    },
    {
      "dtype": "float64",
      "py/object": "numpy.float64",
      "value": 0.21971776418783096
    },
    {
      "dtype": "float64",
      "py/object": "numpy.float64",
      "value": 0.24954342571355628
    },
    {
      "dtype": "float64",
      "py/object": "numpy.float64",
      "value": 0.2893887372604247
    }
  ],
  "return_std_T": [
    150,
    10282,
    20332,
    30460,
    40518
  ],