{
  "alpha": [
    0.9323005676269531,
    0.9179369211196899
  ],
  "alpha_T": [
    7941,
    17947
  ],
  "alpha_loss": [
    -6.828069686889648,
    -6.518637180328369
  ],
  "alpha_loss_T": [
    7941,
    17947
  ],
  "battle_won_mean": [
    0.0,
    0.0,
    0.0
  ],
  "battle_won_mean_T": [
    64,
    10121,
    20127
  ],
  "central_loss": [
    0.031019898131489754,
    0.010105086490511894
  ],
  "central_loss_T": [
    7941,
    17947
  ],
  "comm_loss": [
    0.29567983746528625,
    0.09028927236795425
  ],
  "comm_loss_T": [
    7941,
    17947
  ],
  "dead_allies_mean": [
    5.0,
    5.012422360248447,
    5.006369426751593
  ],
  "dead_allies_mean_T": [
    64,
    10121,
    20127
  ],
  "dead_enemies_mean": [
    0.0,
    0.10559006211180125,
    0.21019108280254778
  ],
  "dead_enemies_mean_T": [
    64,
    10121,
    20127
  ],
  "delta_ally_mean": [
    335.0,
    337.51358695652175,
    335.8519108280255
  ],
  "delta_ally_mean_T": [
    64,
    10121,
    20127
  ],
  "delta_deaths_mean": [
    -25.0,
    -23.975155279503106,
    -22.898089171974522
  ],
  "delta_deaths_mean_T": [
    64,
    10121,
    20127
  ],
  "delta_enemy_mean": [
    160.375,
    269.4976708074534,
    297.9872611464968
  ],
  "delta_enemy_mean_T": [
    64,
    10121,
    20127
  ],
  "ep_length_mean": [
    64.0,
    62.46583850931677,
    63.732484076433124
  ],
  "ep_length_mean_T": [
    64,
    10121,
    20127
  ],
  "episode": [
    161,
    318
  ],
  "episode_T": [
    10057,
    20066
  ],
  "epsilon": [
    0.995,
    0.89996135,
    0.8053763
  ],
  "epsilon_T": [
    64,
    10121,
    20127
  ],
  "grad_norm": [
    {
      "py/reduce": [
        {
          "py/function": "torch._utils._rebuild_tensor_v2"
        },
        {
          "py/tuple": [
            {
              "py/reduce": [
                {
                  "py/function": "torch.storage._load_from_bytes"
                },
                {
                  "py/tuple": [
                    {
                      "py/b64": "gAKKCmz8nEb5IGqoUBkugAJN6QMugAJ9cQAoWBAAAABwcm90b2NvbF92ZXJzaW9ucQFN6QNYDQAAAGxpdHRsZV9lbmRpYW5xAohYCgAAAHR5cGVfc2l6ZXNxA31xBChYBQAAAHNob3J0cQVLAlgDAAAAaW50cQZLBFgEAAAAbG9uZ3EHSwR1dS6AAihYBwAAAHN0b3JhZ2VxAGN0b3JjaApGbG9hdFN0b3JhZ2UKcQFYDgAAADk0MjI2MDI3NDEyNDk2cQJYBgAAAGN1ZGE6MHEDSwFOdHEEUS6AAl1xAFgOAAAAOTQyMjYwMjc0MTI0OTZxAWEuAQAAAAAAAADJrsM+"
                    }
                  ]
                }
              ]
            },
            0,
            {
              "py/tuple": []
            },
            {
              "py/tuple": []
            },
            false,
            {
              "py/reduce": [
                {
                  "py/type": "collections.OrderedDict"
                },
                {
                  "py/tuple": []
                },
                null,
                null,
                {
                  "py/tuple": []
                }
              ]
            }
          ]
        }
      ]
    },
    {
      "py/reduce": [
        {
          "py/function": "torch._utils._rebuild_tensor_v2"
        },
        {
          "py/tuple": [
            {
              "py/reduce": [
                {
                  "py/function": "torch.storage._load_from_bytes"
                },
                {
                  "py/tuple": [
                    {
                      "py/b64": "gAKKCmz8nEb5IGqoUBkugAJN6QMugAJ9cQAoWBAAAABwcm90b2NvbF92ZXJzaW9ucQFN6QNYDQAAAGxpdHRsZV9lbmRpYW5xAohYCgAAAHR5cGVfc2l6ZXNxA31xBChYBQAAAHNob3J0cQVLAlgDAAAAaW50cQZLBFgEAAAAbG9uZ3EHSwR1dS6AAihYBwAAAHN0b3JhZ2VxAGN0b3JjaApGbG9hdFN0b3JhZ2UKcQFYDgAAADk0MjI1ODI5NzI4MjI0cQJYBgAAAGN1ZGE6MHEDSwFOdHEEUS6AAl1xAFgOAAAAOTQyMjU4Mjk3MjgyMjRxAWEuAQAAAAAAAADMSi8+"
                    }
                  ]
                }
              ]
            },
            0,
            {
              "py/tuple": []
            },
            {
              "py/tuple": []
            },
            false,
            {
              "py/reduce": [
                {
                  "py/type": "collections.OrderedDict"
                },
                {
                  "py/tuple": []
                },
                null,
                null,
                {
                  "py/tuple": []
                }
              ]
            }
          ]
        }
      ]
    }
  ],
  "grad_norm_T": [
    7941,
    17947
  ],
  "loss": [
    0.37293174862861633,
    0.1264343410730362
  ],
  "loss_T": [
    7941,
    17947
  ],
  "mixer_norm": [
    0.28238719954419506,
    0.020741924720172267
  ],
  "mixer_norm_T": [
    7941,
    17947
  ],
  "policy_loss": [
    0.08967379480600357,
    0.2513711452484131
  ],
  "policy_loss_T": [
    7941,
    17947
  ],
  "q_taken_mean": [
    0.011196139303513587,
    0.017654280304974002
  ],
  "q_taken_mean_T": [
    7941,
    17947
  ],
  "qmix_loss": [
    0.04623200744390488,
    0.026039984077215195
  ],
  "qmix_loss_T": [
    7941,
    17947
  ],
  "reward_mean": [
    -3.731308411214954,
    -1.7194592790387182,
    -1.1357521281028629
  ],
  "reward_mean_T": [
    64,
    10121,
    20127
  ],
  "reward_std": [
    0.0,
    1.2916178875310187,
    1.7415475295772944
  ],
  "reward_std_T": [
    64,
    10121,
    20127
  ],
  "target_mean": [
    0.010537683132284627,
    0.012553586996378112
  ],
  "target_mean_T": [
    7941,
    17947
  ],
  "td_error_abs": [
    0.1964797080126086,
    0.14666787133428263
  ],
  "td_error_abs_T": [
    7941,
    17947
  ],
  "test_battle_won_mean": [
    0.0,
    0.0,
    0.0
  ],
  "test_battle_won_mean_T": [
    64,
    10121,
    20127
  ],
  "test_dead_allies_mean": [
    5.0,
    5.1875,
    5.0
  ],
  "test_dead_allies_mean_T": [
    64,
    10121,
    20127
  ],
  "test_dead_enemies_mean": [
    0.0,
    1.0,
    0.0
  ],
  "test_dead_enemies_mean_T": [
    64,
    10121,
    20127
  ],
  "test_delta_ally_mean": [
    341.953125,
    335.0,
    335.0
  ],
  "test_delta_ally_mean_T": [
    64,
    10121,
    20127
  ],
  "test_delta_deaths_mean": [
    -25.0,
    -15.0,
    -25.0
  ],
  "test_delta_deaths_mean_T": [
    64,
    10121,
    20127
  ],
  "test_delta_enemy_mean": [
    29.5,
    293.19921875,
    0.0
  ],
  "test_delta_enemy_mean_T": [
    64,
    10121,
    20127
  ],
  "test_ep_length_mean": [
    77.65625,
    65.03125,
    68.21875
  ],
  "test_ep_length_mean_T": [
    64,
    10121,
    20127
  ],
  "test_reward_mean": [
    -6.307535046728971,
    -1.0616968457943927,
    -6.728971962616822
  ],
  "test_reward_mean_T": [
    64,
    10121,
    20127
  ],
  "test_reward_std": [
    0.7690327814749507,
    1.5897646207290097,
    1.0295784775289034e-15
  ],
  "test_reward_std_T": [
    64,
    10121,
    20127
  ],
  "w_to_use": [
    0.6993566155433655,
    0.7844209671020508
  ],
  "w_to_use_T": [
    7941,
    17947
  ]
}