{
  "alpha": [
    0.9323005676269531,
    0.9276503920555115
  ],
  "alpha_T": [
    25600,
    35600
  ],
  "alpha_loss": [
    -10.207915306091309,
    -10.213085174560547
  ],
  "alpha_loss_T": [
    25600,
    35600
  ],
  "battle_won_mean": [
    0.0,
    0.0,
    0.0,
    0.0
  ],
  "battle_won_mean_T": [
    200,
    10200,
    20200,
    30200
  ],
  "central_loss": [
    0.0009889502543956041,
    0.0002464406716171652
  ],
  "central_loss_T": [
    25600,
    35600
  ],
  "comm_loss": [
    0.23101265728473663,
    0.08313953876495361
  ],
  "comm_loss_T": [
    25600,
    35600
  ],
  "dead_allies_mean": [
    0.0,
    0.0,
    0.0,
    0.0
  ],
  "dead_allies_mean_T": [
    200,
    10200,
    20200,
    30200
  ],
  "dead_enemies_mean": [
    0.0,
    0.0,
    0.0,
    0.0
  ],
  "dead_enemies_mean_T": [
    200,
    10200,
    20200,
    30200
  ],
  "delta_ally_mean": [
    0.0,
    0.1,
    0.0,
    0.0
  ],
  "delta_ally_mean_T": [
    200,
    10200,
    20200,
    30200
  ],
  "delta_deaths_mean": [
    0.0,
    0.0,
    0.0,
    0.0
  ],
  "delta_deaths_mean_T": [
    200,
    10200,
    20200,
    30200
  ],
  "delta_enemy_mean": [
    0.0,
    1.740390625,
    0.0,
    0.8164453125
  ],
  "delta_enemy_mean_T": [
    200,
    10200,
    20200,
    30200
  ],
  "ep_length_mean": [
    200.0,
    200.0,
    200.0,
    200.0
  ],
  "ep_length_mean_T": [
    200,
    10200,
    20200,
    30200
  ],
  "episode": [
    50,
    100,
    150
  ],
  "episode_T": [
    10000,
    20000,
    30000
  ],
  "epsilon": [
    0.995,
    0.9005,
    0.806,
    0.7115
  ],
  "epsilon_T": [
    200,
    10200,
    20200,
    30200
  ],
  "grad_norm": [
    {
      "py/reduce": [
        {
          "py/function": "torch._utils._rebuild_tensor_v2"
        },
        {
          "py/tuple": [
            {
              "py/reduce": [
                {
                  "py/function": "torch.storage._load_from_bytes"
                },
                {
                  "py/tuple": [
                    {
                      "py/b64": "gAKKCmz8nEb5IGqoUBkugAJN6QMugAJ9cQAoWBAAAABwcm90b2NvbF92ZXJzaW9ucQFN6QNYDQAAAGxpdHRsZV9lbmRpYW5xAohYCgAAAHR5cGVfc2l6ZXNxA31xBChYBQAAAHNob3J0cQVLAlgDAAAAaW50cQZLBFgEAAAAbG9uZ3EHSwR1dS6AAihYBwAAAHN0b3JhZ2VxAGN0b3JjaApGbG9hdFN0b3JhZ2UKcQFYDgAAADk0NDcyNzg0MjkyNzY4cQJYBgAAAGN1ZGE6MHEDSwFOdHEEUS6AAl1xAFgOAAAAOTQ0NzI3ODQyOTI3NjhxAWEuAQAAAAAAAADISABB"
                    }
                  ]
                }
              ]
            },
            0,
            {
              "py/tuple": []
            },
            {
              "py/tuple": []
            },
            false,
            {
              "py/reduce": [
                {
                  "py/type": "collections.OrderedDict"
                },
                {
                  "py/tuple": []
                },
                null,
                null,
                {
                  "py/tuple": []
                }
              ]
            }
          ]
        }
      ]
    },
    {
      "py/reduce": [
        {
          "py/function": "torch._utils._rebuild_tensor_v2"
        },
        {
          "py/tuple": [
            {
              "py/reduce": [
                {
                  "py/function": "torch.storage._load_from_bytes"
                },
                {
                  "py/tuple": [
                    {
                      "py/b64": "gAKKCmz8nEb5IGqoUBkugAJN6QMugAJ9cQAoWBAAAABwcm90b2NvbF92ZXJzaW9ucQFN6QNYDQAAAGxpdHRsZV9lbmRpYW5xAohYCgAAAHR5cGVfc2l6ZXNxA31xBChYBQAAAHNob3J0cQVLAlgDAAAAaW50cQZLBFgEAAAAbG9uZ3EHSwR1dS6AAihYBwAAAHN0b3JhZ2VxAGN0b3JjaApGbG9hdFN0b3JhZ2UKcQFYDgAAADk0NDcyODY0OTEwNDE2cQJYBgAAAGN1ZGE6MHEDSwFOdHEEUS6AAl1xAFgOAAAAOTQ0NzI4NjQ5MTA0MTZxAWEuAQAAAAAAAACM6ZE+"
                    }
                  ]
                }
              ]
            },
            0,
            {
              "py/tuple": []
            },
            {
              "py/tuple": []
            },
            false,
            {
              "py/reduce": [
                {
                  "py/type": "collections.OrderedDict"
                },
                {
                  "py/tuple": []
                },
                null,
                null,
                {
                  "py/tuple": []
                }
              ]
            }
          ]
        }
      ]
    }
  ],
  "grad_norm_T": [
    25600,
    35600
  ],
  "loss": [
    0.5187878012657166,
    0.08456571400165558
  ],
  "loss_T": [
    25600,
    35600
  ],
  "mixer_norm": [
    7.0880786742075275,
    0.08944456708592609
  ],
  "mixer_norm_T": [
    25600,
    35600
  ],
  "policy_loss": [
    -1.1855090856552124,
    -0.4967076778411865
  ],
  "policy_loss_T": [
    25600,
    35600
  ],
  "q_taken_mean": [
    -0.06027618408203125,
    0.0051884686946868895
  ],
  "q_taken_mean_T": [
    25600,
    35600
  ],
  "qmix_loss": [
    0.28678616881370544,
    0.001179732964374125
  ],
  "qmix_loss_T": [
    25600,
    35600
  ],
  "reward_mean": [
    0.0,
    0.022018666107382567,
    0.0,
    0.010958997483221478
  ],
  "reward_mean_T": [
    200,
    10200,
    20200,
    30200
  ],
  "reward_std": [
    0.0,
    0.15413066275167803,
    0.0,
    0.05496824356592082
  ],
  "reward_std_T": [
    200,
    10200,
    20200,
    30200
  ],
  "target_mean": [
    0.001331319510936737,
    0.0018748323619365691
  ],
  "target_mean_T": [
    25600,
    35600
  ],
  "td_error_abs": [
    0.4943257904052734,
    0.03744710445404053
  ],
  "td_error_abs_T": [
    25600,
    35600
  ],
  "test_battle_won_mean": [
    0.0,
    0.0,
    0.0,
    0.0
  ],
  "test_battle_won_mean_T": [
    200,
    10200,
    20200,
    30200
  ],
  "test_dead_allies_mean": [
    0.0,
    0.0,
    0.0,
    0.0
  ],
  "test_dead_allies_mean_T": [
    200,
    10200,
    20200,
    30200
  ],
  "test_dead_enemies_mean": [
    0.0,
    0.0,
    0.0,
    0.0
  ],
  "test_dead_enemies_mean_T": [
    200,
    10200,
    20200,
    30200
  ],
  "test_delta_ally_mean": [
    0.0,
    0.0,
    0.0,
    0.0
  ],
  "test_delta_ally_mean_T": [
    200,
    10200,
    20200,
    30200
  ],
  "test_delta_deaths_mean": [
    0.0,
    0.0,
    0.0,
    0.0
  ],
  "test_delta_deaths_mean_T": [
    200,
    10200,
    20200,
    30200
  ],
  "test_delta_enemy_mean": [
    0.0,
    0.0,
    0.0,
    0.0
  ],
  "test_delta_enemy_mean_T": [
    200,
    10200,
    20200,
    30200
  ],
  "test_ep_length_mean": [
    200.0,
    200.0,
    200.0,
    200.0
  ],
  "test_ep_length_mean_T": [
    200,
    10200,
    20200,
    30200
  ],
  "test_reward_mean": [
    0.0,
    0.0,
    0.0,
    0.0
  ],
  "test_reward_mean_T": [
    200,
    10200,
    20200,
    30200
  ],
  "test_reward_std": [
    0.0,
    0.0,
    0.0,
    0.0
  ],
  "test_reward_std_T": [
    200,
    10200,
    20200,
    30200
  ],
  "w_to_use": [
    0.994921863079071,
    0.6190234422683716
  ],
  "w_to_use_T": [
    25600,
    35600
  ]
}