{
  "battle_won_mean": [
    0.0,
    0.0,
    0.0
  ],
  "battle_won_mean_T": [
    200,
    10325,
    20481
  ],
  "dead_allies_mean": [
    0.0,
    0.49019607843137253,
    0.7254901960784313
  ],
  "dead_allies_mean_T": [
    200,
    10325,
    20481
  ],
  "dead_enemies_mean": [
    0.0,
    0.0392156862745098,
    0.0
  ],
  "dead_enemies_mean_T": [
    200,
    10325,
    20481
  ],
  "delta_ally_mean": [
    0.0,
    20.01593137254902,
    29.621323529411764
  ],
  "delta_ally_mean_T": [
    200,
    10325,
    20481
  ],
  "delta_deaths_mean": [
    0.0,
    -2.0588235294117645,
    -3.627450980392157
  ],
  "delta_deaths_mean_T": [
    200,
    10325,
    20481
  ],
  "delta_enemy_mean": [
    0.0,
    6.3001685049019605,
    6.5809302236519605
  ],
  "delta_enemy_mean_T": [
    200,
    10325,
    20481
  ],
  "ep_length_mean": [
    200.0,
    198.52941176470588,
    199.13725490196077
  ],
  "ep_length_mean_T": [
    200,
    10325,
    20481
  ],
  "episode": [
    51,
    102
  ],
  "episode_T": [
    10125,
    20281
  ],
  "epsilon": [
    0.995,
    0.89931875,
    0.80334455
  ],
  "epsilon_T": [
    200,
    10325,
    20481
  ],
  "reward_mean": [
    0.0,
    -0.026770617559709473,
    -0.04525726650174284
  ],
  "reward_mean_T": [
    200,
    10325,
    20481
  ],
  "reward_std": [
    0.0,
    0.052997257787423556,
    0.0728510355648613
  ],
  "reward_std_T": [
    200,
    10325,
    20481
  ],
  "test_battle_won_mean": [
    0.0,
    0.0,
    0.0
  ],
  "test_battle_won_mean_T": [
    200,
    10325,
    20481
  ],
  "test_dead_allies_mean": [
    0.0,
    0.0,
    0.0
  ],
  "test_dead_allies_mean_T": [
    200,
    10325,
    20481
  ],
  "test_dead_enemies_mean": [
    0.0,
    0.0,
    0.0
  ],
  "test_dead_enemies_mean_T": [
    200,
    10325,
    20481
  ],
  "test_delta_ally_mean": [
    0.0,
    0.0,
    0.0
  ],
  "test_delta_ally_mean_T": [
    200,
    10325,
    20481
  ],
  "test_delta_deaths_mean": [
    0.0,
    0.0,
    0.0
  ],
  "test_delta_deaths_mean_T": [
    200,
    10325,
    20481
  ],
  "test_delta_enemy_mean": [
    0.0,
    0.0,
    0.0
  ],
  "test_delta_enemy_mean_T": [
    200,
    10325,
    20481
  ],
  "test_ep_length_mean": [
    200.0,
    200.0,
    200.0
  ],
  "test_ep_length_mean_T": [
    200,
    10325,
    20481
  ],
  "test_reward_mean": [
    0.0,
    0.0,
    0.0
  ],
  "test_reward_mean_T": [
    200,
    10325,
    20481
  ],
  "test_reward_std": [
    0.0,
    0.0,
    0.0
  ],
  "test_reward_std_T": [
    200,
    10325,
    20481
  ]
}