{
  "alpha": [
    0.9323005676269531,
    0.9173226952552795
  ],
  "alpha_T": [
    7941,
    17957
  ],
  "alpha_loss": [
    -6.828069686889648,
    -6.823886394500732
  ],
  "alpha_loss_T": [
    7941,
    17957
  ],
  "battle_won_mean": [
    0.0,
    0.0,
    0.0
  ],
  "battle_won_mean_T": [
    64,
    10069,
    20081
  ],
  "central_loss": [
    0.026852259412407875,
    0.008585251867771149
  ],
  "central_loss_T": [
    7941,
    17957
  ],
  "comm_loss": [
    0.2955514192581177,
    0.062078312039375305
  ],
  "comm_loss_T": [
    7941,
    17957
  ],
  "dead_allies_mean": [
    5.0,
    5.0062111801242235,
    5.0
  ],
  "dead_allies_mean_T": [
    64,
    10069,
    20081
  ],
  "dead_enemies_mean": [
    0.0,
    0.15527950310559005,
    0.26380368098159507
  ],
  "dead_enemies_mean_T": [
    64,
    10069,
    20081
  ],
  "delta_ally_mean": [
    335.0,
    336.8505434782609,
    336.24616564417175
  ],
  "delta_ally_mean_T": [
    64,
    10069,
    20081
  ],
  "delta_deaths_mean": [
    -25.0,
    -23.47826086956522,
    -22.36196319018405
  ],
  "delta_deaths_mean_T": [
    64,
    10069,
    20081
  ],
  "delta_enemy_mean": [
    160.375,
    276.9976708074534,
    336.8865030674847
  ],
  "delta_enemy_mean_T": [
    64,
    10069,
    20081
  ],
  "ep_length_mean": [
    64.0,
    62.142857142857146,
    61.423312883435585
  ],
  "ep_length_mean_T": [
    64,
    10069,
    20081
  ],
  "episode": [
    161,
    324
  ],
  "episode_T": [
    10006,
    20024
  ],
  "epsilon": [
    0.995,
    0.9004433000000001,
    0.8057732
  ],
  "epsilon_T": [
    64,
    10069,
    20081
  ],
  "grad_norm": [
    {
      "py/reduce": [
        {
          "py/function": "torch._utils._rebuild_tensor_v2"
        },
        {
          "py/tuple": [
            {
              "py/reduce": [
                {
                  "py/function": "torch.storage._load_from_bytes"
                },
                {
                  "py/tuple": [
                    {
                      "py/b64": "gAKKCmz8nEb5IGqoUBkugAJN6QMugAJ9cQAoWBAAAABwcm90b2NvbF92ZXJzaW9ucQFN6QNYDQAAAGxpdHRsZV9lbmRpYW5xAohYCgAAAHR5cGVfc2l6ZXNxA31xBChYBQAAAHNob3J0cQVLAlgDAAAAaW50cQZLBFgEAAAAbG9uZ3EHSwR1dS6AAihYBwAAAHN0b3JhZ2VxAGN0b3JjaApGbG9hdFN0b3JhZ2UKcQFYDgAAADkzOTcxNjU4ODAxMzI4cQJYBgAAAGN1ZGE6MHEDSwFOdHEEUS6AAl1xAFgOAAAAOTM5NzE2NTg4MDEzMjhxAWEuAQAAAAAAAACr3cE/"
                    }
                  ]
                }
              ]
            },
            0,
            {
              "py/tuple": []
            },
            {
              "py/tuple": []
            },
            false,
            {
              "py/reduce": [
                {
                  "py/type": "collections.OrderedDict"
                },
                {
                  "py/tuple": []
                },
                null,
                null,
                {
                  "py/tuple": []
                }
              ]
            }
          ]
        }
      ]
    },
    {
      "py/reduce": [
        {
          "py/function": "torch._utils._rebuild_tensor_v2"
        },
        {
          "py/tuple": [
            {
              "py/reduce": [
                {
                  "py/function": "torch.storage._load_from_bytes"
                },
                {
                  "py/tuple": [
                    {
                      "py/b64": "gAKKCmz8nEb5IGqoUBkugAJN6QMugAJ9cQAoWBAAAABwcm90b2NvbF92ZXJzaW9ucQFN6QNYDQAAAGxpdHRsZV9lbmRpYW5xAohYCgAAAHR5cGVfc2l6ZXNxA31xBChYBQAAAHNob3J0cQVLAlgDAAAAaW50cQZLBFgEAAAAbG9uZ3EHSwR1dS6AAihYBwAAAHN0b3JhZ2VxAGN0b3JjaApGbG9hdFN0b3JhZ2UKcQFYDgAAADkzOTcxNDQzODA4NTEycQJYBgAAAGN1ZGE6MHEDSwFOdHEEUS6AAl1xAFgOAAAAOTM5NzE0NDM4MDg1MTJxAWEuAQAAAAAAAAA5YIU9"
                    }
                  ]
                }
              ]
            },
            0,
            {
              "py/tuple": []
            },
            {
              "py/tuple": []
            },
            false,
            {
              "py/reduce": [
                {
                  "py/type": "collections.OrderedDict"
                },
                {
                  "py/tuple": []
                },
                null,
                null,
                {
                  "py/tuple": []
                }
              ]
            }
          ]
        }
      ]
    }
  ],
  "grad_norm_T": [
    7941,
    17957
  ],
  "loss": [
    0.4268535077571869,
    0.09052030742168427
  ],
  "loss_T": [
    7941,
    17957
  ],
  "mixer_norm": [
    1.2570636245933506,
    0.04714022534308885
  ],
  "mixer_norm_T": [
    7941,
    17957
  ],
  "policy_loss": [
    -0.00016241433331742883,
    -0.650698184967041
  ],
  "policy_loss_T": [
    7941,
    17957
  ],
  "q_taken_mean": [
    0.019287589327956003,
    -0.007785571940998643
  ],
  "q_taken_mean_T": [
    7941,
    17957
  ],
  "qmix_loss": [
    0.10444982349872589,
    0.01985674537718296
  ],
  "qmix_loss_T": [
    7941,
    17957
  ],
  "reward_mean": [
    -3.731308411214954,
    -1.5575912811284611,
    -0.40601169657703107
  ],
  "reward_mean_T": [
    64,
    10069,
    20081
  ],
  "reward_std": [
    0.0,
    1.2750968172406107,
    1.3703136650481453
  ],
  "reward_std_T": [
    64,
    10069,
    20081
  ],
  "target_mean": [
    -0.02385191119521663,
    -0.013668457065652962
  ],
  "target_mean_T": [
    7941,
    17957
  ],
  "td_error_abs": [
    0.4046393974408922,
    0.13143283454541851
  ],
  "td_error_abs_T": [
    7941,
    17957
  ],
  "test_battle_won_mean": [
    0.0,
    0.0,
    0.0
  ],
  "test_battle_won_mean_T": [
    64,
    10069,
    20081
  ],
  "test_dead_allies_mean": [
    5.0,
    5.3125,
    5.34375
  ],
  "test_dead_allies_mean_T": [
    64,
    10069,
    20081
  ],
  "test_dead_enemies_mean": [
    0.0,
    0.5625,
    1.4375
  ],
  "test_dead_enemies_mean_T": [
    64,
    10069,
    20081
  ],
  "test_delta_ally_mean": [
    341.953125,
    335.0,
    333.138671875
  ],
  "test_delta_ally_mean_T": [
    64,
    10069,
    20081
  ],
  "test_delta_deaths_mean": [
    -25.0,
    -19.375,
    -10.625
  ],
  "test_delta_deaths_mean_T": [
    64,
    10069,
    20081
  ],
  "test_delta_enemy_mean": [
    29.5,
    249.08984375,
    579.49609375
  ],
  "test_delta_enemy_mean_T": [
    64,
    10069,
    20081
  ],
  "test_ep_length_mean": [
    77.65625,
    57.09375,
    79.375
  ],
  "test_ep_length_mean_T": [
    64,
    10069,
    20081
  ],
  "test_reward_mean": [
    -6.307535046728971,
    -1.9679468457943927,
    4.406213492990657
  ],
  "test_reward_mean_T": [
    64,
    10069,
    20081
  ],
  "test_reward_std": [
    0.7690327814749507,
    0.730697739076826,
    1.174323383601021
  ],
  "test_reward_std_T": [
    64,
    10069,
    20081
  ],
  "w_to_use": [
    0.521323561668396,
    0.7706342339515686
  ],
  "w_to_use_T": [
    7941,
    17957
  ]
}