{
  "battle_won_mean": [
    0.0,
    0.0,
    0.0
  ],
  "battle_won_mean_T": [
    68,
    10119,
    20275
  ],
  "curriculum/difficulty": [
    0.020793
  ],
  "curriculum/difficulty_T": [
    20793
  ],
  "curriculum/progress": [
    0.020793
  ],
  "curriculum/progress_T": [
    20793
  ],
  "dead_allies_mean": [
    14.0,
    14.661538461538461,
    14.254237288135593
  ],
  "dead_allies_mean_T": [
    68,
    10119,
    20275
  ],
  "dead_enemies_mean": [
    0.0,
    0.046153846153846156,
    0.1016949152542373
  ],
  "dead_enemies_mean_T": [
    68,
    10119,
    20275
  ],
  "delta_ally_mean": [
    597.5,
    1364.8492074819712,
    1522.8008433196503
  ],
  "delta_ally_mean_T": [
    68,
    10119,
    20275
  ],
  "delta_deaths_mean": [
    -70.0,
    -72.84615384615384,
    -70.2542372881356
  ],
  "delta_deaths_mean_T": [
    68,
    10119,
    20275
  ],
  "delta_enemy_mean": [
    48.0,
    54.50769230769231,
    52.79661016949152
  ],
  "delta_enemy_mean_T": [
    68,
    10119,
    20275
  ],
  "ep_length_mean": [
    68.0,
    154.63076923076923,
    172.135593220339
  ],
  "ep_length_mean_T": [
    68,
    10119,
    20275
  ],
  "episode": [
    66,
    125
  ],
  "episode_T": [
    10119,
    20275
  ],
  "epsilon": [
    0.995,
    0.9010670000000001,
    0.8051495
  ],
  "epsilon_T": [
    68,
    10119,
    20275
  ],
  "reward_mean": [
    -4.916666666666669,
    -10.977679912860573,
    -12.224273574907098
  ],
  "reward_mean_T": [
    68,
    10119,
    20275
  ],
  "reward_std": [
    0.0,
    3.710615387802524,
    2.518174334680108
  ],
  "reward_std_T": [
    68,
    10119,
    20275
  ],
  "test_battle_won_mean": [
    0.0,
    0.0,
    0.0
  ],
  "test_battle_won_mean_T": [
    68,
    10119,
    20275
  ],
  "test_dead_allies_mean": [
    0.0,
    0.0,
    0.0
  ],
  "test_dead_allies_mean_T": [
    68,
    10119,
    20275
  ],
  "test_dead_enemies_mean": [
    0.0,
    0.0,
    0.0
  ],
  "test_dead_enemies_mean_T": [
    68,
    10119,
    20275
  ],
  "test_delta_ally_mean": [
    0.0,
    0.0,
    0.0
  ],
  "test_delta_ally_mean_T": [
    68,
    10119,
    20275
  ],
  "test_delta_deaths_mean": [
    0.0,
    0.0,
    0.0
  ],
  "test_delta_deaths_mean_T": [
    68,
    10119,
    20275
  ],
  "test_delta_enemy_mean": [
    0.0,
    0.0,
    0.0
  ],
  "test_delta_enemy_mean_T": [
    68,
    10119,
    20275
  ],
  "test_ep_length_mean": [
    200.0,
    200.0,
    200.0
  ],
  "test_ep_length_mean_T": [
    68,
    10119,
    20275
  ],
  "test_reward_mean": [
    0.0,
    0.0,
    0.0
  ],
  "test_reward_mean_T": [
    68,
    10119,
    20275
  ],
  "test_reward_std": [
    0.0,
    0.0,
    0.0
  ],
  "test_reward_std_T": [
    68,
    10119,
    20275
  ]
}