{
  "alpha": [
    0.9323005676269531,
    0.9257996082305908,
    0.9193494319915771,
    0.9131160378456116,
    0.9070033431053162,
    0.9009249210357666
  ],
  "alpha_T": [
    18832,
    28836,
    38936,
    49078,
    59128,
    69178
  ],
  "alpha_loss": [
    -30.50152587890625,
    -30.435312271118164,
    -30.428115844726562,
    -30.503143310546875,
    -30.507383346557617,
    -30.639862060546875
  ],
  "alpha_loss_T": [
    18832,
    28836,
    38936,
    49078,
    59128,
    69178
  ],
  "battle_won_mean": [
    0.0,
    0.0,
    0.0,
    0.0,
    0.0,
    0.0,
    0.0,
    0.0
  ],
  "battle_won_mean_T": [
    150,
    10282,
    20332,
    30394,
    40436,
    50578,
    60628,
    70678
  ],
  "central_loss": [
    0.0006241178489290178,
    0.0003775622171815485,
    0.00016692733333911747,
    0.00013970554573461413,
    0.0001352803665213287,
    6.308344745775685e-05
  ],
  "central_loss_T": [
    18832,
    28836,
    38936,
    49078,
    59128,
    69178
  ],
  "comm_loss": [
    0.565083920955658,
    0.2005661129951477,
    0.11837548762559891,
    0.07441718131303787,
    0.12904109060764313,
    0.07160772383213043
  ],
  "comm_loss_T": [
    18832,
    28836,
    38936,
    49078,
    59128,
    69178
  ],
  "dead_allies_mean": [
    11.0,
    9.314285714285715,
    4.432835820895522,
    9.647887323943662,
    6.507246376811594,
    1.4558823529411764,
    0.5373134328358209,
    0.19402985074626866
  ],
  "dead_allies_mean_T": [
    150,
    10282,
    20332,
    30394,
    40436,
    50578,
    60628,
    70678
  ],
  "dead_enemies_mean": [
    1.0,
    0.18571428571428572,
    0.11940298507462686,
    0.2112676056338028,
    0.17391304347826086,
    0.04411764705882353,
    0.0,
    0.0
  ],
  "dead_enemies_mean_T": [
    150,
    10282,
    20332,
    30394,
    40436,
    50578,
    60628,
    70678
  ],
  "ep_length_mean": [
    150.0,
    144.74285714285713,
    150.0,
    141.71830985915494,
    145.53623188405797,
    149.14705882352942,
    150.0,
    150.0
  ],
  "ep_length_mean_T": [
    150,
    10282,
    20332,
    30394,
    40436,
    50578,
    60628,
    70678
  ],
  "episode": [
    70,
    137,
    208,
    277,
    345,
    412,
    479
  ],
  "episode_T": [
    10132,
    20182,
    30244,
    40286,
    50428,
    60478,
    70528
  ],
  "epsilon": [
    0.995,
    0.8992526,
    0.8042800999999999,
    0.7091942,
    0.6142973,
    0.5184554,
    0.4234829,
    0.3285104000000001
  ],
  "epsilon_T": [
    150,
    10282,
    20332,
    30394,
    40436,
    50578,
    60628,
    70678
  ],
  "grad_norm": [
    {
      "py/reduce": [
        {
          "py/function": "torch._utils._rebuild_tensor_v2"
        },
        {
          "py/tuple": [
            {
              "py/reduce": [
                {
                  "py/function": "torch.storage._load_from_bytes"
                },
                {
                  "py/tuple": [
                    {
                      "py/b64": "gAKKCmz8nEb5IGqoUBkugAJN6QMugAJ9cQAoWBAAAABwcm90b2NvbF92ZXJzaW9ucQFN6QNYDQAAAGxpdHRsZV9lbmRpYW5xAohYCgAAAHR5cGVfc2l6ZXNxA31xBChYBQAAAHNob3J0cQVLAlgDAAAAaW50cQZLBFgEAAAAbG9uZ3EHSwR1dS6AAihYBwAAAHN0b3JhZ2VxAGN0b3JjaApGbG9hdFN0b3JhZ2UKcQFYDgAAADk0NjEyNzkwMjE4MjA4cQJYBgAAAGN1ZGE6MHEDSwFOdHEEUS6AAl1xAFgOAAAAOTQ2MTI3OTAyMTgyMDhxAWEuAQAAAAAAAAB9TwlA"
                    }
                  ]
                }
              ]
            },
            0,
            {
              "py/tuple": []
            },
            {
              "py/tuple": []
            },
            false,
            {
              "py/reduce": [
                {
                  "py/type": "collections.OrderedDict"
                },
                {
                  "py/tuple": []
                },
                null,
                null,
                {
                  "py/tuple": []
                }
              ]
            }
          ]
        }
      ]
    },
    {
      "py/reduce": [
        {
          "py/function": "torch._utils._rebuild_tensor_v2"
        },
        {
          "py/tuple": [
            {
              "py/reduce": [
                {
                  "py/function": "torch.storage._load_from_bytes"
                },
                {
                  "py/tuple": [
                    {
                      "py/b64": "gAKKCmz8nEb5IGqoUBkugAJN6QMugAJ9cQAoWBAAAABwcm90b2NvbF92ZXJzaW9ucQFN6QNYDQAAAGxpdHRsZV9lbmRpYW5xAohYCgAAAHR5cGVfc2l6ZXNxA31xBChYBQAAAHNob3J0cQVLAlgDAAAAaW50cQZLBFgEAAAAbG9uZ3EHSwR1dS6AAihYBwAAAHN0b3JhZ2VxAGN0b3JjaApGbG9hdFN0b3JhZ2UKcQFYDwAAADE0MDU3OTg3NzMwMTAwOHECWAYAAABjdWRhOjBxA0sBTnRxBFEugAJdcQBYDwAAADE0MDU3OTg3NzMwMTAwOHEBYS4BAAAAAAAAAPj6Nj4="
                    }
                  ]
                }
              ]
            },
            0,
            {
              "py/tuple": []
            },
            {
              "py/tuple": []
            },
            false,
            {
              "py/reduce": [
                {
                  "py/type": "collections.OrderedDict"
                },
                {
                  "py/tuple": []
                },
                null,
                null,
                {
                  "py/tuple": []
                }
              ]
            }
          ]
        }
      ]
    },
    {
      "py/reduce": [
        {
          "py/function": "torch._utils._rebuild_tensor_v2"
        },
        {
          "py/tuple": [
            {
              "py/reduce": [
                {
                  "py/function": "torch.storage._load_from_bytes"
                },
                {
                  "py/tuple": [
                    {
                      "py/b64": "gAKKCmz8nEb5IGqoUBkugAJN6QMugAJ9cQAoWBAAAABwcm90b2NvbF92ZXJzaW9ucQFN6QNYDQAAAGxpdHRsZV9lbmRpYW5xAohYCgAAAHR5cGVfc2l6ZXNxA31xBChYBQAAAHNob3J0cQVLAlgDAAAAaW50cQZLBFgEAAAAbG9uZ3EHSwR1dS6AAihYBwAAAHN0b3JhZ2VxAGN0b3JjaApGbG9hdFN0b3JhZ2UKcQFYDwAAADE0MDU3OTg2NDU2NDY4OHECWAYAAABjdWRhOjBxA0sBTnRxBFEugAJdcQBYDwAAADE0MDU3OTg2NDU2NDY4OHEBYS4BAAAAAAAAAB8BJj0="
                    }
                  ]
                }
              ]
            },
            0,
            {
              "py/tuple": []
            },
            {
              "py/tuple": []
            },
            false,
            {
              "py/reduce": [
                {
                  "py/type": "collections.OrderedDict"
                },
                {
                  "py/tuple": []
                },
                null,
                null,
                {
                  "py/tuple": []
                }
              ]
            }
          ]
        }
      ]
    },
    {
      "py/reduce": [
        {
          "py/function": "torch._utils._rebuild_tensor_v2"
        },
        {
          "py/tuple": [
            {
              "py/reduce": [
                {
                  "py/function": "torch.storage._load_from_bytes"
                },
                {
                  "py/tuple": [
                    {
                      "py/b64": "gAKKCmz8nEb5IGqoUBkugAJN6QMugAJ9cQAoWBAAAABwcm90b2NvbF92ZXJzaW9ucQFN6QNYDQAAAGxpdHRsZV9lbmRpYW5xAohYCgAAAHR5cGVfc2l6ZXNxA31xBChYBQAAAHNob3J0cQVLAlgDAAAAaW50cQZLBFgEAAAAbG9uZ3EHSwR1dS6AAihYBwAAAHN0b3JhZ2VxAGN0b3JjaApGbG9hdFN0b3JhZ2UKcQFYDwAAADE0MDU3OTg3NzEzNzQ0MHECWAYAAABjdWRhOjBxA0sBTnRxBFEugAJdcQBYDwAAADE0MDU3OTg3NzEzNzQ0MHEBYS4BAAAAAAAAACM+ED0="
                    }
                  ]
                }
              ]
            },
            0,
            {
              "py/tuple": []
            },
            {
              "py/tuple": []
            },
            false,
            {
              "py/reduce": [
                {
                  "py/type": "collections.OrderedDict"
                },
                {
                  "py/tuple": []
                },
                null,
                null,
                {
                  "py/tuple": []
