{
  "battle_won_mean": [
    0.0,
    0.0
  ],
  "battle_won_mean_T": [
    68,
    10119
  ],
  "dead_allies_mean": [
    14.0,
    14.661538461538461
  ],
  "dead_allies_mean_T": [
    68,
    10119
  ],
  "dead_enemies_mean": [
    0.0,
    0.046153846153846156
  ],
  "dead_enemies_mean_T": [
    68,
    10119
  ],
  "delta_ally_mean": [
    597.5,
    1364.8492074819712
  ],
  "delta_ally_mean_T": [
    68,
    10119
  ],
  "delta_deaths_mean": [
    -70.0,
    -72.84615384615384
  ],
  "delta_deaths_mean_T": [
    68,
    10119
  ],
  "delta_enemy_mean": [
    48.0,
    54.50769230769231
  ],
  "delta_enemy_mean_T": [
    68,
    10119
  ],
  "ep_length_mean": [
    68.0,
    154.63076923076923
  ],
  "ep_length_mean_T": [
    68,
    10119
  ],
  "episode": [
    66
  ],
  "episode_T": [
    10119
  ],
  "epsilon": [
    0.995,
    0.9010670000000001
  ],
  "epsilon_T": [
    68,
    10119
  ],
  "reward_mean": [
    -4.916666666666669,
    -10.977679912860573
  ],
  "reward_mean_T": [
    68,
    10119
  ],
  "reward_std": [
    0.0,
    3.710615387802524
  ],
  "reward_std_T": [
    68,
    10119
  ],
  "test_battle_won_mean": [
    0.0,
    0.0
  ],
  "test_battle_won_mean_T": [
    68,
    10119
  ],
  "test_dead_allies_mean": [
    0.0,
    0.0
  ],
  "test_dead_allies_mean_T": [
    68,
    10119
  ],
  "test_dead_enemies_mean": [
    0.0,
    0.0
  ],
  "test_dead_enemies_mean_T": [
    68,
    10119
  ],
  "test_delta_ally_mean": [
    0.0,
    0.0
  ],
  "test_delta_ally_mean_T": [
    68,
    10119
  ],
  "test_delta_deaths_mean": [
    0.0,
    0.0
  ],
  "test_delta_deaths_mean_T": [
    68,
    10119
  ],
  "test_delta_enemy_mean": [
    0.0,
    0.0
  ],
  "test_delta_enemy_mean_T": [
    68,
    10119
  ],
  "test_ep_length_mean": [
    200.0,
    200.0
  ],
  "test_ep_length_mean_T": [
    68,
    10119
  ],
  "test_reward_mean": [
    0.0,
    0.0
  ],
  "test_reward_mean_T": [
    68,
    10119
  ],
  "test_reward_std": [
    0.0,
    0.0
  ],
  "test_reward_std_T": [
    68,
    10119
  ]
}