{
  "alpha": [
    0.9323005676269531,
    0.9272798895835876
  ],
  "alpha_T": [
    24710,
    34909
  ],
  "alpha_loss": [
    -12.344929695129395,
    -12.339181900024414
  ],
  "alpha_loss_T": [
    24710,
    34909
  ],
  "battle_won_mean": [
    0.0,
    0.0,
    0.0,
    0.0,
    0.0
  ],
  "battle_won_mean_T": [
    235,
    10436,
    20614,
    30757,
    40764
  ],
  "central_loss": [
    0.009697363711893559,
    0.0018286360427737236
  ],
  "central_loss_T": [
    24710,
    34909
  ],
  "comm_loss": [
    0.3381918966770172,
    0.030977046117186546
  ],
  "comm_loss_T": [
    24710,
    34909
  ],
  "dead_allies_mean": [
    5.0,
    3.0689655172413794,
    3.32,
    3.6,
    3.142857142857143
  ],
  "dead_allies_mean_T": [
    235,
    10436,
    20614,
    30757,
    40764
  ],
  "dead_enemies_mean": [
    1.0,
    0.06896551724137931,
    0.04,
    0.06,
    0.08928571428571429
  ],
  "dead_enemies_mean_T": [
    235,
    10436,
    20614,
    30757,
    40764
  ],
  "delta_ally_mean": [
    682.21875,
    367.3639715786638,
    516.969873046875,
    530.147978515625,
    283.4772687639509
  ],
  "delta_ally_mean_T": [
    235,
    10436,
    20614,
    30757,
    40764
  ],
  "delta_deaths_mean": [
    -15.0,
    -14.655172413793103,
    -16.2,
    -17.4,
    -14.910714285714286
  ],
  "delta_deaths_mean_T": [
    235,
    10436,
    20614,
    30757,
    40764
  ],
  "delta_enemy_mean": [
    -739.84375,
    -781.2572400323276,
    -864.1278125,
    -850.278671875,
    -814.2079380580357
  ],
  "delta_enemy_mean_T": [
    235,
    10436,
    20614,
    30757,
    40764
  ],
  "ep_length_mean": [
    235.0,
    175.8793103448276,
    203.56,
    202.86,
    178.69642857142858
  ],
  "ep_length_mean_T": [
    235,
    10436,
    20614,
    30757,
    40764
  ],
  "episode": [
    58,
    108,
    158,
    214
  ],
  "episode_T": [
    10219,
    20400,
    30591,
    40608
  ],
  "epsilon": [
    0.995,
    0.89843045,
    0.80222,
    0.70591505,
    0.6112544
  ],
  "epsilon_T": [
    235,
    10436,
    20614,
    30757,
    40764
  ],
  "grad_norm": [
    {
      "py/reduce": [
        {
          "py/function": "torch._utils._rebuild_tensor_v2"
        },
        {
          "py/tuple": [
            {
              "py/reduce": [
                {
                  "py/function": "torch.storage._load_from_bytes"
                },
                {
                  "py/tuple": [
                    {
                      "py/b64": "gAKKCmz8nEb5IGqoUBkugAJN6QMugAJ9cQAoWBAAAABwcm90b2NvbF92ZXJzaW9ucQFN6QNYDQAAAGxpdHRsZV9lbmRpYW5xAohYCgAAAHR5cGVfc2l6ZXNxA31xBChYBQAAAHNob3J0cQVLAlgDAAAAaW50cQZLBFgEAAAAbG9uZ3EHSwR1dS6AAihYBwAAAHN0b3JhZ2VxAGN0b3JjaApGbG9hdFN0b3JhZ2UKcQFYDgAAADk0MzUzNjkwMDE1OTY4cQJYBgAAAGN1ZGE6MHEDSwFOdHEEUS6AAl1xAFgOAAAAOTQzNTM2OTAwMTU5NjhxAWEuAQAAAAAAAABbA38/"
                    }
                  ]
                }
              ]
            },
            0,
            {
              "py/tuple": []
            },
            {
              "py/tuple": []
            },
            false,
            {
              "py/reduce": [
                {
                  "py/type": "collections.OrderedDict"
                },
                {
                  "py/tuple": []
                },
                null,
                null,
                {
                  "py/tuple": []
                }
              ]
            }
          ]
        }
      ]
    },
    {
      "py/reduce": [
        {
          "py/function": "torch._utils._rebuild_tensor_v2"
        },
        {
          "py/tuple": [
            {
              "py/reduce": [
                {
                  "py/function": "torch.storage._load_from_bytes"
                },
                {
                  "py/tuple": [
                    {
                      "py/b64": "gAKKCmz8nEb5IGqoUBkugAJN6QMugAJ9cQAoWBAAAABwcm90b2NvbF92ZXJzaW9ucQFN6QNYDQAAAGxpdHRsZV9lbmRpYW5xAohYCgAAAHR5cGVfc2l6ZXNxA31xBChYBQAAAHNob3J0cQVLAlgDAAAAaW50cQZLBFgEAAAAbG9uZ3EHSwR1dS6AAihYBwAAAHN0b3JhZ2VxAGN0b3JjaApGbG9hdFN0b3JhZ2UKcQFYDwAAADEzOTY3MDY4NDkxMzgyNHECWAYAAABjdWRhOjBxA0sBTnRxBFEugAJdcQBYDwAAADEzOTY3MDY4NDkxMzgyNHEBYS4BAAAAAAAAAJb8XT0="
                    }
                  ]
                }
              ]
            },
            0,
            {
              "py/tuple": []
            },
            {
              "py/tuple": []
            },
            false,
            {
              "py/reduce": [
                {
                  "py/type": "collections.OrderedDict"
                },
                {
                  "py/tuple": []
                },
                null,
                null,
                {
                  "py/tuple": []
                }
              ]
            }
          ]
        }
      ]
    }
  ],
  "grad_norm_T": [
    24710,
    34909
  ],
  "loss": [
    0.3790416717529297,
    0.03542153164744377
  ],
  "loss_T": [
    24710,
    34909
  ],
  "mixer_norm": [
    0.8368031603957101,
    0.04277014801391323
  ],
  "mixer_norm_T": [
    24710,
    34909
  ],
  "policy_loss": [
    -0.46713241934776306,
    -0.41851821541786194
  ],
  "policy_loss_T": [
    24710,
    34909
  ],
  "q_taken_mean": [
    -0.0034893926996738558,
    -0.011824382888152579
  ],
  "q_taken_mean_T": [
    24710,
    34909
  ],
  "qmix_loss": [
    0.03115241229534149,
    0.0026158508844673634
  ],
  "qmix_loss_T": [
    24710,
    34909
  ],
  "reward_mean": [
    -9.18250798722044,
    -7.433075936260602,
    -8.92841971595447,
    -8.931799683007188,
    -7.109239112509269
  ],
  "reward_mean_T": [
    235,
    10436,
    20614,
    30757,
    40764
  ],