{
  "battle_won_mean": [
    0.0,
    0.0,
    0.0,
    0.0
  ],
  "battle_won_mean_T": [
    300,
    10500,
    20700,
    30900
  ],
  "dead_allies_mean": [
    4.0,
    3.911764705882353,
    3.676470588235294,
    3.4705882352941178
  ],
  "dead_allies_mean_T": [
    300,
    10500,
    20700,
    30900
  ],
  "dead_enemies_mean": [
    0.0,
    0.0,
    0.0,
    0.0
  ],
  "dead_enemies_mean_T": [
    300,
    10500,
    20700,
    30900
  ],
  "delta_ally_mean": [
    20.0,
    14.452234604779411,
    10.341473747702207,
    6.397554285386029
  ],
  "delta_ally_mean_T": [
    300,
    10500,
    20700,
    30900
  ],
  "delta_deaths_mean": [
    -5.0,
    -4.5588235294117645,
    -3.3823529411764706,
    -2.3529411764705883
  ],
  "delta_deaths_mean_T": [
    300,
    10500,
    20700,
    30900
  ],
  "delta_enemy_mean": [
    -269.6875,
    -264.20947265625,
    -264.20947265625,
    -264.20947265625
  ],
  "delta_enemy_mean_T": [
    300,
    10500,
    20700,
    30900
  ],
  "ep_length_mean": [
    300.0,
    300.0,
    300.0,
    300.0
  ],
  "ep_length_mean_T": [
    300,
    10500,
    20700,
    30900
  ],
  "episode": [
    34,
    68,
    102
  ],
  "episode_T": [
    10200,
    20400,
    30600
  ],
  "epsilon": [
    0.995,
    0.93074,
    0.86648,
    0.8022199999999999
  ],
  "epsilon_T": [
    300,
    10500,
    20700,
    30900
  ],
  "reward_mean": [
    -6.406250000000006,
    -6.156968060661769,
    -6.042028246633234,
    -5.933912350393624
  ],
  "reward_mean_T": [
    300,
    10500,
    20700,
    30900
  ],
  "reward_shaping/weight": [
    0.59994
  ],
  "reward_shaping/weight_T": [
    38400
  ],
  "reward_std": [
    0.0,
    0.19202703110451794,
    0.2565522352273138,
    0.3015074669842711
  ],
  "reward_std_T": [
    300,
    10500,
    20700,
    30900
  ],
  "test_battle_won_mean": [
    0.0,
    0.0,
    0.0,
    0.0
  ],
  "test_battle_won_mean_T": [
    300,
    10500,
    20700,
    30900
  ],
  "test_dead_allies_mean": [
    3.0,
    3.0,
    3.0,
    2.90625
  ],
  "test_dead_allies_mean_T": [
    300,
    10500,
    20700,
    30900
  ],
  "test_dead_enemies_mean": [
    0.0,
    0.0,
    0.0,
    0.0
  ],
  "test_dead_enemies_mean_T": [
    300,
    10500,
    20700,
    30900
  ],
  "test_delta_ally_mean": [
    0.0,
    0.0,
    0.0,
    0.0
  ],
  "test_delta_ally_mean_T": [
    300,
    10500,
    20700,
    30900
  ],
  "test_delta_deaths_mean": [
    0.0,
    0.0,
    0.0,
    0.0
  ],
  "test_delta_deaths_mean_T": [
    300,
    10500,
    20700,
    30900
  ],
  "test_delta_enemy_mean": [
    -264.20947265625,
    -264.20947265625,
    -264.20947265625,
    -261.8523406982422
  ],
  "test_delta_enemy_mean_T": [
    300,
    10500,
    20700,
    30900
  ],
  "test_ep_length_mean": [
    300.0,
    300.0,
    300.0,
    292.4375
  ],
  "test_ep_length_mean_T": [
    300,
    10500,
    20700,
    30900
  ],
  "test_reward_mean": [
    -5.743684188179354,
    -5.743684188179354,
    -5.743684188179354,
    -5.692442189092228
  ],
  "test_reward_mean_T": [
    300,
    10500,
    20700,
    30900
  ],
  "test_reward_std": [
    0.0,
    0.0,
    0.0,
    0.28366256079813656
  ],
  "test_reward_std_T": [
    300,
    10500,
    20700,
    30900
  ]
}