{
  "alpha": [
    0.9323005676269531,
    0.8903709053993225,
    0.8501585125923157
  ],
  "alpha_T": [
    2803,
    12811,
    22823
  ],
  "alpha_loss": [
    -4.951482772827148,
    -4.9500837326049805,
    -4.955216407775879
  ],
  "alpha_loss_T": [
    2803,
    12811,
    22823
  ],
  "battle_won_mean": [
    0.0,
    0.0,
    0.0
  ],
  "battle_won_mean_T": [
    22,
    10028,
    20038
  ],
  "central_loss": [
    0.061998654156923294,
    0.002388891065493226,
    0.002086132299154997
  ],
  "central_loss_T": [
    2803,
    12811,
    22823
  ],
  "comm_loss": [
    0.12867946922779083,
    0.040614355355501175,
    0.03321191295981407
  ],
  "comm_loss_T": [
    2803,
    12811,
    22823
  ],
  "dead_allies_mean": [
    4.0,
    4.0,
    4.0
  ],
  "dead_allies_mean_T": [
    22,
    10028,
    20038
  ],
  "dead_enemies_mean": [
    0.0,
    0.002183406113537118,
    0.002173913043478261
  ],
  "dead_enemies_mean_T": [
    22,
    10028,
    20038
  ],
  "delta_ally_mean": [
    290.0,
    290.0,
    290.0
  ],
  "delta_ally_mean_T": [
    22,
    10028,
    20038
  ],
  "delta_deaths_mean": [
    -20.0,
    -19.978165938864628,
    -19.97826086956522
  ],
  "delta_deaths_mean_T": [
    22,
    10028,
    20038
  ],
  "delta_enemy_mean": [
    63.5,
    106.60262008733625,
    102.03722826086957
  ],
  "delta_enemy_mean_T": [
    22,
    10028,
    20038
  ],
  "ep_length_mean": [
    22.0,
    21.847161572052403,
    21.76086956521739
  ],
  "ep_length_mean_T": [
    22,
    10028,
    20038
  ],
  "episode": [
    458,
    918
  ],
  "episode_T": [
    10007,
    20016
  ],
  "epsilon": [
    0.995,
    0.90043385,
    0.8058488
  ],
  "epsilon_T": [
    22,
    10028,
    20038
  ],
  "grad_norm": [
    {
      "py/reduce": [
        {
          "py/function": "torch._utils._rebuild_tensor_v2"
        },
        {
          "py/tuple": [
            {
              "py/reduce": [
                {
                  "py/function": "torch.storage._load_from_bytes"
                },
                {
                  "py/tuple": [
                    {
                      "py/b64": "gAKKCmz8nEb5IGqoUBkugAJN6QMugAJ9cQAoWBAAAABwcm90b2NvbF92ZXJzaW9ucQFN6QNYDQAAAGxpdHRsZV9lbmRpYW5xAohYCgAAAHR5cGVfc2l6ZXNxA31xBChYBQAAAHNob3J0cQVLAlgDAAAAaW50cQZLBFgEAAAAbG9uZ3EHSwR1dS6AAihYBwAAAHN0b3JhZ2VxAGN0b3JjaApGbG9hdFN0b3JhZ2UKcQFYDgAAADkzOTYxOTkwNjg0NjA4cQJYBgAAAGN1ZGE6MHEDSwFOdHEEUS6AAl1xAFgOAAAAOTM5NjE5OTA2ODQ2MDhxAWEuAQAAAAAAAACudck/"
                    }
                  ]
                }
              ]
            },
            0,
            {
              "py/tuple": []
            },
            {
              "py/tuple": []
            },
            false,
            {
              "py/reduce": [
                {
                  "py/type": "collections.OrderedDict"
                },
                {
                  "py/tuple": []
                },
                null,
                null,
                {
                  "py/tuple": []
                }
              ]
            }
          ]
        }
      ]
    },
    {
      "py/reduce": [
        {
          "py/function": "torch._utils._rebuild_tensor_v2"
        },
        {
          "py/tuple": [
            {
              "py/reduce": [
                {
                  "py/function": "torch.storage._load_from_bytes"
                },
                {
                  "py/tuple": [
                    {
                      "py/b64": "gAKKCmz8nEb5IGqoUBkugAJN6QMugAJ9cQAoWBAAAABwcm90b2NvbF92ZXJzaW9ucQFN6QNYDQAAAGxpdHRsZV9lbmRpYW5xAohYCgAAAHR5cGVfc2l6ZXNxA31xBChYBQAAAHNob3J0cQVLAlgDAAAAaW50cQZLBFgEAAAAbG9uZ3EHSwR1dS6AAihYBwAAAHN0b3JhZ2VxAGN0b3JjaApGbG9hdFN0b3JhZ2UKcQFYDgAAADkzOTYyMDIzMjM3NjgwcQJYBgAAAGN1ZGE6MHEDSwFOdHEEUS6AAl1xAFgOAAAAOTM5NjIwMjMyMzc2ODBxAWEuAQAAAAAAAAAfExU+"
                    }
                  ]
                }
              ]
            },
            0,
            {
              "py/tuple": []
            },
            {
              "py/tuple": []
            },
            false,
            {
              "py/reduce": [
                {
                  "py/type": "collections.OrderedDict"
                },
                {
                  "py/tuple": []
                },
                null,
                null,
                {
                  "py/tuple": []
                }
              ]
            }
          ]
        }
      ]
    },
    {
      "py/reduce": [
        {
          "py/function": "torch._utils._rebuild_tensor_v2"
        },
        {
          "py/tuple": [
            {
              "py/reduce": [
                {
                  "py/function": "torch.storage._load_from_bytes"
                },
                {
                  "py/tuple": [
                    {
                      "py/b64": "gAKKCmz8nEb5IGqoUBkugAJN6QMugAJ9cQAoWBAAAABwcm90b2NvbF92ZXJzaW9ucQFN6QNYDQAAAGxpdHRsZV9lbmRpYW5xAohYCgAAAHR5cGVfc2l6ZXNxA31xBChYBQAAAHNob3J0cQVLAlgDAAAAaW50cQZLBFgEAAAAbG9uZ3EHSwR1dS6AAihYBwAAAHN0b3JhZ2VxAGN0b3JjaApGbG9hdFN0b3JhZ2UKcQFYDgAAADkzOTYxODA5NzA3MjAwcQJYBgAAAGN1ZGE6MHEDSwFOdHEEUS6AAl1xAFgOAAAAOTM5NjE4MDk3MDcyMDBxAWEuAQAAAAAAAACptDI+"
                    }
                  ]
                }
              ]
            },
            0,
            {
              "py/tuple": []
            },
            {
              "py/tuple": []
            },
            false,
            {
              "py/reduce": [
                {
                  "py/type": "collections.OrderedDict"
                },
                {
                  "py/tuple": []
                },
                null,
                null,
                {
                  "py/tuple": []
                }
              ]
            }
          ]
        }
      ]
    }
  ],
  "grad_norm_T": [
    2803,
    12811,
    22823
  ],
  "loss": [
    0.2855701148509979,
    0.05094102770090103,
    0.04208463057875633
  ],
  "loss_T": [
    2803,
    12811,
    22823
  ],
  "mixer_norm": [
    1.1303199822102266,
    0.09746702534520385,
    0.15949520820835938
  ],
  "mixer_norm_T": [
    2803,
    12811,
    22823
  ],
  "policy_loss": [
    0.0794762596487999,
    -0.8279497623443604,
    -1.3736425638198853
  ],
  "policy_loss_T": [
    2803,
    12811,
    22823
  ],
  "q_taken_mean": [
    0.024699934797120272,
    -0.1979218840940634,
    -0.33922062159868716
  ],
  "q_taken_mean_T": [
    2803,
    12811,
    22823
  ],
  "qmix_loss": [
    0.0948919877409935,
    0.007937783375382423,
    0.0067865848541259766
  ],
  "qmix_loss_T": [
    2803,
    12811,
    22823
  ],
  "reward_mean": [
    -3.353741496598639,
    -2.7670142292724953,
    -2.8291296953564036
  ],
  "reward_mean_T": [
    22,
    10028,
    20038
  ],
  "reward_std": [
    0.0,
    0.4337827860325679,
    0.462384507045691
  ],
  "reward_std_T": [
    22,
    10028,
    20038
  ],
  "target_mean": [
    -0.07187247846197155,
    -0.2076638557849436,
    -0.3421076831098519
  ],
  "target_mean_T": [
    2803,
    12811,
    22823
  ],
  "td_error_abs": [
    0.38976384468092223,
    0.08809912170585042,
    0.07647803150772835
  ],
  "td_error_abs_T": [
    2803,
    12811,
    22823
  ],
  "test_battle_won_mean": [
    0.0,
    0.0,
    0.0
  ],
  "test_battle_won_mean_T": [
    22,
    10028,
    20038
  ],
  "test_dead_allies_mean": [
    4.0,
    4.0,
    4.0
  ],
  "test_dead_allies_mean_T": [
    22,
    10028,
    20038
  ],
  "test_dead_enemies_mean": [
    0.375,
    0.0,
    0.0
  ],
  "test_dead_enemies_mean_T": [
    22,
    10028,
    20038
  ],
  "test_delta_ally_mean": [
    290.0,
    290.0,
    290.0
  ],
  "test_delta_ally_mean_T": [
    22,
    10028,
    20038
  ],
  "test_delta_deaths_mean": [
    -16.25,
    -20.0,
    -20.0
  ],
  "test_delta_deaths_mean_T": [
    22,
    10028,
    20038
  ],
  "test_delta_enemy_mean": [
    62.9921875,
    0.0,
    0.0
  ],