{
  "alpha": [
    0.9323005676269531,
    0.9260783195495605
  ],
  "alpha_T": [
    19200,
    29250
  ],
  "alpha_loss": [
    -26.0600528717041,
    -25.918413162231445
  ],
  "alpha_loss_T": [
    19200,
    29250
  ],
  "battle_won_mean": [
    0.0,
    0.0,
    0.0,
    0.0
  ],
  "battle_won_mean_T": [
    150,
    10200,
    20250,
    30300
  ],
  "central_loss": [
    0.008642483502626419,
    0.006813544314354658
  ],
  "central_loss_T": [
    19200,
    29250
  ],
  "comm_loss": [
    0.6308173537254333,
    0.3877100944519043
  ],
  "comm_loss_T": [
    19200,
    29250
  ],
  "dead_allies_mean": [
    3.0,
    4.641791044776119,
    4.149253731343284,
    11.014925373134329
  ],
  "dead_allies_mean_T": [
    150,
    10200,
    20250,
    30300
  ],
  "dead_enemies_mean": [
    0.0,
    0.0,
    0.0,
    0.0
  ],
  "dead_enemies_mean_T": [
    150,
    10200,
    20250,
    30300
  ],
  "delta_ally_mean": [
    52.5,
    84.06705486240672,
    76.38514458955224,
    195.28652635261193
  ],
  "delta_ally_mean_T": [
    150,
    10200,
    20250,
    30300
  ],
  "delta_deaths_mean": [
    -15.0,
    -23.208955223880597,
    -20.746268656716417,
    -55.07462686567164
  ],
  "delta_deaths_mean_T": [
    150,
    10200,
    20250,
    30300
  ],
  "delta_enemy_mean": [
    0.0,
    0.0,
    0.0,
    0.0
  ],
  "delta_enemy_mean_T": [
    150,
    10200,
    20250,
    30300
  ],
  "ep_length_mean": [
    150.0,
    150.0,
    150.0,
    150.0
  ],
  "ep_length_mean_T": [
    150,
    10200,
    20250,
    30300
  ],
  "episode": [
    67,
    134,
    201
  ],
  "episode_T": [
    10050,
    20100,
    30150
  ],
  "epsilon": [
    0.995,
    0.9000275,
    0.8050550000000001,
    0.7100825
  ],
  "epsilon_T": [
    150,
    10200,
    20250,
    30300
  ],
  "grad_norm": [
    {
      "py/reduce": [
        {
          "py/function": "torch._utils._rebuild_tensor_v2"
        },
        {
          "py/tuple": [
            {
              "py/reduce": [
                {
                  "py/function": "torch.storage._load_from_bytes"
                },
                {
                  "py/tuple": [
                    {
                      "py/b64": "gAKKCmz8nEb5IGqoUBkugAJN6QMugAJ9cQAoWBAAAABwcm90b2NvbF92ZXJzaW9ucQFN6QNYDQAAAGxpdHRsZV9lbmRpYW5xAohYCgAAAHR5cGVfc2l6ZXNxA31xBChYBQAAAHNob3J0cQVLAlgDAAAAaW50cQZLBFgEAAAAbG9uZ3EHSwR1dS6AAihYBwAAAHN0b3JhZ2VxAGN0b3JjaApGbG9hdFN0b3JhZ2UKcQFYDgAAADk0NTUxODIwODUzNDcycQJYBgAAAGN1ZGE6MHEDSwFOdHEEUS6AAl1xAFgOAAAAOTQ1NTE4MjA4NTM0NzJxAWEuAQAAAAAAAADTq44/"
                    }
                  ]
                }
              ]
            },
            0,
            {
              "py/tuple": []
            },
            {
              "py/tuple": []
            },
            false,
            {
              "py/reduce": [
                {
                  "py/type": "collections.OrderedDict"
                },
                {
                  "py/tuple": []
                },
                null,
                null,
                {
                  "py/tuple": []
                }
              ]
            }
          ]
        }
      ]
    },
    {
      "py/reduce": [
        {
          "py/function": "torch._utils._rebuild_tensor_v2"
        },
        {
          "py/tuple": [
            {
              "py/reduce": [
                {
                  "py/function": "torch.storage._load_from_bytes"
                },
                {
                  "py/tuple": [
                    {
                      "py/b64": "gAKKCmz8nEb5IGqoUBkugAJN6QMugAJ9cQAoWBAAAABwcm90b2NvbF92ZXJzaW9ucQFN6QNYDQAAAGxpdHRsZV9lbmRpYW5xAohYCgAAAHR5cGVfc2l6ZXNxA31xBChYBQAAAHNob3J0cQVLAlgDAAAAaW50cQZLBFgEAAAAbG9uZ3EHSwR1dS6AAihYBwAAAHN0b3JhZ2VxAGN0b3JjaApGbG9hdFN0b3JhZ2UKcQFYDgAAADk0NTUxNjEyODAyNzg0cQJYBgAAAGN1ZGE6MHEDSwFOdHEEUS6AAl1xAFgOAAAAOTQ1NTE2MTI4MDI3ODRxAWEuAQAAAAAAAAAjYyw/"
                    }
                  ]
                }
              ]
            },
            0,
            {
              "py/tuple": []
            },
            {
              "py/tuple": []
            },
            false,
            {
              "py/reduce": [
                {
                  "py/type": "collections.OrderedDict"
                },
                {
                  "py/tuple": []
                },
                null,
                null,
                {
                  "py/tuple": []
                }
              ]
            }
          ]
        }
      ]
    }
  ],
  "grad_norm_T": [
    19200,
    29250
  ],
  "loss": [
    0.6701401472091675,
    0.4026678502559662
  ],
  "loss_T": [
    19200,
    29250
  ],
  "mixer_norm": [
    0.729999800939635,
    0.011029286488236296
  ],
  "mixer_norm_T": [
    19200,
    29250
  ],
  "policy_loss": [
    -0.5818102955818176,
    -0.8521073460578918
  ],
  "policy_loss_T": [
    19200,
    29250
  ],
  "q_taken_mean": [
    0.003779628011915419,
    -0.0018631733788384331
  ],
  "q_taken_mean_T": [
    19200,
    29250
  ],
  "qmix_loss": [
    0.030680278316140175,
    0.00814422033727169
  ],
  "qmix_loss_T": [
    19200,
    29250
  ],
  "reward_mean": [
    -1.5,
    -2.383911335250829,
    -2.1584758499170813,
    -5.563581182628526
  ],
  "reward_mean_T": [
    150,
    10200,
    20250,
    30300
  ],
  "reward_std": [
    0.0,
    2.7890259939783206,
    2.4844282806668634,
    3.5688390514962673
  ],
  "reward_std_T": [
    150,
    10200,
    20250,
    30300
  ],
  "target_mean": [
    -0.0019867263899909127,
    -0.0028326174947950573
  ],
  "target_mean_T": [
    19200,
    29250
  ],
  "td_error_abs": [
    0.18460549672444662,
    0.0682056172688802
  ],
  "td_error_abs_T": [
    19200,
    29250
  ],
  "test_battle_won_mean": [
    0.0,
    0.0,
    0.0,
    0.0
  ],
  "test_battle_won_mean_T": [
    150,
    10200,
    20250,
    30300
  ],
  "test_dead_allies_mean": [
    0.0,
    0.0,
    0.0,
    2.0625
  ],
  "test_dead_allies_mean_T": [
    150,
    10200,
    20250,
    30300
  ],
  "test_dead_enemies_mean": [
    0.0,
    0.0,
    0.0,
    0.0
  ],
  "test_dead_enemies_mean_T": [
    150,
    10200,
    20250,
    30300
  ],
  "test_delta_ally_mean": [
    0.0,
    0.0,
    0.0,
    36.58721923828125
  ],
  "test_delta_ally_mean_T": [
    150,
    10200,
    20250,
    30300
  ],
  "test_delta_deaths_mean": [
    0.0,
    0.0,
    0.0,
    -10.3125
  ],
  "test_delta_deaths_mean_T": [
    150,
    10200,
    20250,
    30300
  ],
  "test_delta_enemy_mean": [
    0.0,
    0.0,
    0.0,
    0.0
  ],
  "test_delta_enemy_mean_T": [
    150,
    10200,
    20250,
    30300
  ],
  "test_ep_length_mean": [
    150.0,
    150.0,
    150.0,
    150.0
  ],
  "test_ep_length_mean_T": [
    150,
    10200,
    20250,
    30300
  ],
  "test_reward_mean": [
    0.0,
    0.0,
    0.0,
    -1.0422159830729165
  ],
  "test_reward_mean_T": [
    150,
    10200,
    20250,
    30300
  ],
  "test_reward_std": [
    0.0,
    0.0,
    0.0,
    0.7061801075513745
  ],
  "test_reward_std_T": [
    150,
    10200,
    20250,
    30300
  ],
  "w_to_use": [
    0.6166666746139526,
    0.7524219155311584
  ],
  "w_to_use_T": [
    19200,
    29250
  ]
}