{
  "alpha": [
    0.9323005676269531,
    0.92746502161026,
    0.9223771691322327,
    0.9167672991752625
  ],
  "alpha_T": [
    22462,
    32543,
    42584,
    52726
  ],
  "alpha_loss": [
    -12.33236312866211,
    -12.337706565856934,
    -12.33584976196289,
    -12.332640647888184
  ],
  "alpha_loss_T": [
    22462,
    32543,
    42584,
    52726
  ],
  "battle_won_mean": [
    0.0,
    0.0,
    0.0,
    0.0,
    0.0,
    0.0
  ],
  "battle_won_mean_T": [
    234,
    10341,
    20404,
    30482,
    40602,
    50808
  ],
  "central_loss": [
    0.009061357006430626,
    0.001808763830922544,
    0.002005328657105565,
    0.0011206056224182248
  ],
  "central_loss_T": [
    22462,
    32543,
    42584,
    52726
  ],
  "comm_loss": [
    0.376981645822525,
    0.04553218185901642,
    0.031864456832408905,
    0.03467368334531784
  ],
  "comm_loss_T": [
    22462,
    32543,
    42584,
    52726
  ],
  "dead_allies_mean": [
    5.0,
    3.267857142857143,
    2.9322033898305087,
    3.2641509433962264,
    3.272727272727273,
    2.5833333333333335
  ],
  "dead_allies_mean_T": [
    234,
    10341,
    20404,
    30482,
    40602,
    50808
  ],
  "dead_enemies_mean": [
    1.0,
    0.19642857142857142,
    0.13559322033898305,
    0.11320754716981132,
    0.38181818181818183,
    0.31666666666666665
  ],
  "dead_enemies_mean_T": [
    234,
    10341,
    20404,
    30482,
    40602,
    50808
  ],
  "delta_ally_mean": [
    682.21875,
    349.2847638811384,
    308.8522163003178,
    437.83759581367923,
    304.0052911931818,
    207.45287272135417
  ],
  "delta_ally_mean_T": [
    234,
    10341,
    20404,
    30482,
    40602,
    50808
  ],
  "delta_deaths_mean": [
    -15.0,
    -14.375,
    -13.305084745762711,
    -15.18867924528302,
    -12.545454545454545,
    -9.833333333333334
  ],
  "delta_deaths_mean_T": [
    234,
    10341,
    20404,
    30482,
    40602,
    50808
  ],
  "delta_enemy_mean": [
    -739.84375,
    -787.2039969308036,
    -787.7936970338983,
    -818.3332841981132,
    -770.5562144886363,
    -745.4006184895833
  ],
  "delta_enemy_mean_T": [
    234,
    10341,
    20404,
    30482,
    40602,
    50808
  ],
  "ep_length_mean": [
    234.0,
    180.48214285714286,
    170.5593220338983,
    190.1509433962264,
    184.0,
    170.1
  ],
  "ep_length_mean_T": [
    234,
    10341,
    20404,
    30482,
    40602,
    50808
  ],
  "episode": [
    56,
    115,
    168,
    222,
    282
  ],
  "episode_T": [
    10118,
    20190,
    30269,
    40284,
    50382
  ],
  "epsilon": [
    0.995,
    0.8993849,
    0.8042045,
    0.7089579500000001,
    0.6131633000000001,
    0.5171796500000001
  ],
  "epsilon_T": [
    234,
    10341,
    20404,
    30482,
    40602,
    50808
  ],
  "grad_norm": [
    {
      "py/reduce": [
        {
          "py/function": "torch._utils._rebuild_tensor_v2"
        },
        {
          "py/tuple": [
            {
              "py/reduce": [
                {
                  "py/function": "torch.storage._load_from_bytes"
                },
                {
                  "py/tuple": [
                    {
                      "py/b64": "gAKKCmz8nEb5IGqoUBkugAJN6QMugAJ9cQAoWBAAAABwcm90b2NvbF92ZXJzaW9ucQFN6QNYDQAAAGxpdHRsZV9lbmRpYW5xAohYCgAAAHR5cGVfc2l6ZXNxA31xBChYBQAAAHNob3J0cQVLAlgDAAAAaW50cQZLBFgEAAAAbG9uZ3EHSwR1dS6AAihYBwAAAHN0b3JhZ2VxAGN0b3JjaApGbG9hdFN0b3JhZ2UKcQFYDgAAADk0MjUxMTEzMDU0NDk2cQJYBgAAAGN1ZGE6MHEDSwFOdHEEUS6AAl1xAFgOAAAAOTQyNTExMTMwNTQ0OTZxAWEuAQAAAAAAAADmhjVA"
                    }
                  ]
                }
              ]
            },
            0,
            {
              "py/tuple": []
            },
            {
              "py/tuple": []
            },
            false,
            {
              "py/reduce": [
                {
                  "py/type": "collections.OrderedDict"
                },
                {
                  "py/tuple": []
                },
                null,
                null,
                {
                  "py/tuple": []
                }
              ]
            }
          ]
        }
      ]
    },
    {
      "py/reduce": [
        {
          "py/function": "torch._utils._rebuild_tensor_v2"
        },
        {
          "py/tuple": [
            {
              "py/reduce": [
                {
                  "py/function": "torch.storage._load_from_bytes"
                },
                {
                  "py/tuple": [
                    {
                      "py/b64": "gAKKCmz8nEb5IGqoUBkugAJN6QMugAJ9cQAoWBAAAABwcm90b2NvbF92ZXJzaW9ucQFN6QNYDQAAAGxpdHRsZV9lbmRpYW5xAohYCgAAAHR5cGVfc2l6ZXNxA31xBChYBQAAAHNob3J0cQVLAlgDAAAAaW50cQZLBFgEAAAAbG9uZ3EHSwR1dS6AAihYBwAAAHN0b3JhZ2VxAGN0b3JjaApGbG9hdFN0b3JhZ2UKcQFYDwAAADEzOTgzNjcwNDA4NDIwOHECWAYAAABjdWRhOjBxA0sBTnRxBFEugAJdcQBYDwAAADEzOTgzNjcwNDA4NDIwOHEBYS4BAAAAAAAAAL0nmj0="
                    }
                  ]
                }
              ]
            },
            0,
            {
              "py/tuple": []
            },
            {
              "py/tuple": []
            },
            false,
            {
              "py/reduce": [
                {
                  "py/type": "collections.OrderedDict"
                },
                {
                  "py/tuple": []
                },
                null,
                null,
                {
                  "py/tuple": []
                }
              ]
            }
          ]
        }
      ]
    },
    {
      "py/reduce": [
        {
          "py/function": "torch._utils._rebuild_tensor_v2"
        },
        {
          "py/tuple": [
            {
              "py/reduce": [
                {
                  "py/function": "torch.storage._load_from_bytes"
                },
                {
                  "py/tuple": [
                    {
                      "py/b64": "gAKKCmz8nEb5IGqoUBkugAJN6QMugAJ9cQAoWBAAAABwcm90b2NvbF92ZXJzaW9ucQFN6QNYDQAAAGxpdHRsZV9lbmRpYW5xAohYCgAAAHR5cGVfc2l6ZXNxA31xBChYBQAAAHNob3J0cQVLAlgDAAAAaW50cQZLBFgEAAAAbG9uZ3EHSwR1dS6AAihYBwAAAHN0b3JhZ2VxAGN0b3JjaApGbG9hdFN0b3JhZ2UKcQFYDwAAADEzOTgzNjcwNDI2NDk0NHECWAYAAABjdWRhOjBxA0sBTnRxBFEugAJdcQBYDwAAADEzOTgzNjcwNDI2NDk0NHEBYS4BAAAAAAAAADYQvz0="
                    }
                  ]
                }
              ]
            },
            0,
            {
              "py/tuple": []
            },
            {
              "py/tuple": []
            },
            false,
            {
              "py/reduce": [
                {
                  "py/type": "collections.OrderedDict"
                },
                {
                  "py/tuple": []
                },
                null,
                null,
                {
                  "py/tuple": []
                }
              ]
            }
          ]
        }
      ]
    },
    {
      "py/reduce": [
        {
          "py/function": "torch._utils._rebuild_tensor_v2"
        },
        {
          "py/tuple": [
            {
              "py/reduce": [
                {
                  "py/function": "torch.storage._load_from_bytes"
                },
                {
                  "py/tuple": [
                    {
                      "py/b64": "gAKKCmz8nEb5IGqoUBkugAJN6QMugAJ9cQAoWBAAAABwcm90b2NvbF92ZXJzaW9ucQFN6QNYDQAAAGxpdHRsZV9lbmRpYW5xAohYCgAAAHR5cGVfc2l6ZXNxA31xBChYBQAAAHNob3J0cQVLAlgDAAAAaW50cQZLBFgEAAAAbG9uZ3EHSwR1dS6AAihYBwAAAHN0b3JhZ2VxAGN0b3JjaApGbG9hdFN0b3JhZ2UKcQFYDwAAADEzOTgzNjcwNDI4NDkyOHECWAYAAABjdWRhOjBxA0sBTnRxBFEugAJdcQBYDwAAADEzOTgzNjcwNDI4NDkyOHEBYS4BAAAAAAAAABzcEj0="
                    }
                  ]
                }
              ]
            },
            0,
            {
              "py/tuple": []
            },
            {
              "py/tuple": []
            },
            false,
            {
              "py/reduce": [
                {
                  "py/type": "collections.OrderedDict"
                },
