{
  "alpha": [
    0.9323005676269531
  ],
  "alpha_T": [
    9926
  ],
  "alpha_loss": [
    -12.526917457580566
  ],
  "alpha_loss_T": [
    9926
  ],
  "battle_won_mean": [
    0.0,
    0.0
  ],
  "battle_won_mean_T": [
    79,
    10083
  ],
  "central_loss": [
    0.027371598407626152
  ],
  "central_loss_T": [
    9926
  ],
  "comm_loss": [
    0.2653774619102478
  ],
  "comm_loss_T": [
    9926
  ],
  "curriculum/difficulty": [
    0.009926,
    0.010004,
    0.010083,
    0.010161,
    0.010238,
    0.010316,
    0.010394,
    0.010473,
    0.01055,
    0.010627,
    0.010704,
    0.010781,
    0.010857,
    0.010935,
    0.011012,
    0.011091,
    0.011169,
    0.011248,
    0.011325,
    0.011407,
    0.011483,
    0.011559,
    0.011636,
    0.011714,
    0.011792,
    0.011871,
    0.011949,
    0.012026,
    0.012104,
    0.012181,
    0.012257,
    0.012336,
    0.012411,
    0.012488,
    0.012566,
    0.012651,
    0.01273,
    0.012807,
    0.012883,
    0.01296,
    0.013036,
    0.013115,
    0.013193,
    0.013273,
    0.01335,
    0.01343,
    0.013506,
    0.013583,
    0.01366,
    0.013744,
    0.013825,
    0.013903,
    0.013979,
    0.014058,
    0.014136,
    0.014212,
    0.014292,
    0.014371,
    0.014448,
    0.014526,
    0.014602,
    0.01468,
    0.014756,
    0.014834,
    0.014912,
    0.01499,
    0.015068,
    0.015146,
    0.015223,
    0.0153,
    0.015379,
    0.015455,
    0.015532,
    0.015611,
    0.015688,
    0.015765,
    0.015841,
    0.01592,
    0.015996,
    0.016072,
    0.016149,
    0.016226,
    0.016303,
    0.016381,
    0.016457,
    0.016534,
    0.016612,
    0.01669,
    0.016767,
    0.016845,
    0.016923,
    0.017001,
    0.017078,
    0.017157,
    0.017234,
    0.017315,
    0.017393,
    0.017471,
    0.017548,
    0.017626,
    0.017702,
    0.017779,
    0.017857,
    0.017934,
    0.01801,
    0.018087,
    0.018163,
    0.01824,
    0.018317,
    0.018395,
    0.018473,
    0.018551,
    0.018627,
    0.018704,
    0.01878,
    0.018857,
    0.018933,
    0.019011
  ],
  "curriculum/difficulty_T": [
    9926,
    10004,
    10083,
    10161,
    10238,
    10316,
    10394,
    10473,
    10550,
    10627,
    10704,
    10781,
    10857,
    10935,
    11012,
    11091,
    11169,
    11248,
    11325,
    11407,
    11483,
    11559,
    11636,
    11714,
    11792,
    11871,
    11949,
    12026,
    12104,
    12181,
    12257,
    12336,
    12411,
    12488,
    12566,
    12651,
    12730,
    12807,
    12883,
    12960,
    13036,
    13115,
    13193,
    13273,
    13350,
    13430,
    13506,
    13583,
    13660,
    13744,
    13825,
    13903,
    13979,
    14058,
    14136,
    14212,
    14292,
    14371,
    14448,
    14526,
    14602,
    14680,
    14756,
    14834,
    14912,
    14990,
    15068,
    15146,
    15223,
    15300,
    15379,
    15455,
    15532,
    15611,
    15688,
    15765,
    15841,
    15920,
    15996,
    16072,
    16149,
    16226,
    16303,
    16381,
    16457,
    16534,
    16612,
    16690,
    16767,
    16845,
    16923,
    17001,
    17078,
    17157,
    17234,
    17315,
    17393,
    17471,
    17548,
    17626,
    17702,
    17779,
    17857,
    17934,
    18010,
    18087,
    18163,
    18240,
    18317,
    18395,
    18473,
    18551,
    18627,
    18704,
    18780,
    18857,
    18933,
    19011
  ],
  "curriculum/progress": [
    0.009926,
    0.010004,
    0.010083,
    0.010161,
    0.010238,
    0.010316,
    0.010394,
    0.010473,
    0.01055,
    0.010627,
    0.010704,
    0.010781,
    0.010857,
    0.010935,
    0.011012,
    0.011091,
    0.011169,
    0.011248,
    0.011325,
    0.011407,
    0.011483,
    0.011559,
    0.011636,
    0.011714,
    0.011792,
    0.011871,
    0.011949,
    0.012026,
    0.012104,
    0.012181,
    0.012257,
    0.012336,
    0.012411,
    0.012488,
    0.012566,
    0.012651,
    0.01273,
    0.012807,
    0.012883,
    0.01296,
    0.013036,
    0.013115,
    0.013193,
    0.013273,
    0.01335,
    0.01343,
    0.013506,
    0.013583,
    0.01366,
    0.013744,
    0.013825,
    0.013903,
    0.013979,
    0.014058,
    0.014136,
    0.014212,
    0.014292,
    0.014371,
    0.014448,
    0.014526,
    0.014602,
    0.01468,
    0.014756,
    0.014834,
    0.014912,
    0.01499,
    0.015068,
    0.015146,
    0.015223,
    0.0153,
    0.015379,
    0.015455,
    0.015532,
    0.015611,
    0.015688,
    0.015765,
    0.015841,
    0.01592,
    0.015996,
    0.016072,
    0.016149,
    0.016226,
    0.016303,
    0.016381,
    0.016457,
    0.016534,
    0.016612,
    0.01669,
    0.016767,
    0.016845,
    0.016923,
    0.017001,
    0.017078,
    0.017157,
    0.017234,
    0.017315,
    0.017393,
    0.017471,
    0.017548,
    0.017626,
    0.017702,
    0.017779,
    0.017857,
    0.017934,
    0.01801,
    0.018087,
    0.018163,
    0.01824,
    0.018317,
    0.018395,
    0.018473,
    0.018551,
    0.018627,
    0.018704,
    0.01878,
    0.018857,
    0.018933,
    0.019011
  ],
  "curriculum/progress_T": [
    9926,
    10004,
    10083,
    10161,
    10238,
    10316,
    10394,
    10473,
    10550,
    10627,
    10704,
    10781,
    10857,
    10935,
    11012,
    11091,
    11169,
    11248,
    11325,
    11407,
    11483,
    11559,
    11636,
    11714,
    11792,
    11871,
    11949,
    12026,
    12104,
    12181,
    12257,
    12336,
    12411,
    12488,
    12566,
    12651,
    12730,
    12807,
    12883,
    12960,
    13036,
    13115,
    13193,
    13273,
    13350,
    13430,
    13506,
    13583,
    13660,
    13744,
    13825,
    13903,
    13979,
    14058,
    14136,
    14212,
    14292,
    14371,
    14448,
    14526,
    14602,
    14680,
    14756,
    14834,
    14912,
    14990,
    15068,
    15146,
    15223,
    15300,
    15379,
    15455,
    15532,
    15611,
    15688,
    15765,
    15841,
    15920,
    15996,
    16072,
    16149,
    16226,
    16303,
    16381,
    16457,
    16534,
    16612,
    16690,
    16767,
    16845,
    16923,
    17001,
    17078,
    17157,
    17234,
    17315,
    17393,
    17471,
    17548,
    17626,
    17702,
    17779,
    17857,
    17934,
    18010,
    18087,
    18163,
    18240,
    18317,
    18395,
    18473,
    18551,
    18627,
    18704,
    18780,
    18857,
    18933,
    19011
  ],
  "dead_allies_mean": [
    1.0,
    1.0
  ],
  "dead_allies_mean_T": [
    79,
    10083
  ],
  "dead_enemies_mean": [
    0.0,
    0.0
  ],
  "dead_enemies_mean_T": [
    79,
    10083
  ],
  "delta_ally_mean": [
    1000.0,
    1000.0
  ],
  "delta_ally_mean_T": [
    79,
    10083
  ],
  "delta_deaths_mean": [
    -5.0,
    -5.0
  ],
  "delta_deaths_mean_T": [
    79,
    10083
  ],
  "delta_enemy_mean": [
    0.0,
    0.0
  ],
  "delta_enemy_mean_T": [
    79,
    10083
  ],
  "ep_length_mean": [
    79.0,
    77.55038759689923
  ],
  "ep_length_mean_T": [
    79,
    10083
  ],
  "episode": [
    129
  ],
  "episode_T": [
    10004
  ],
  "epsilon": [
    0.995,
    0.9004622
  ],
  "epsilon_T": [
    79,
    10083
  ],