{
  "battle_won_mean": [
    0.0,
    0.0
  ],
  "battle_won_mean_T": [
    150,
    10200
  ],
  "dead_allies_mean": [
    4.0,
    9.343283582089553
  ],
  "dead_allies_mean_T": [
    150,
    10200
  ],
  "dead_enemies_mean": [
    0.0,
    0.0
  ],
  "dead_enemies_mean_T": [
    150,
    10200
  ],
  "delta_ally_mean": [
    70.0,
    167.01702425373134
  ],
  "delta_ally_mean_T": [
    150,
    10200
  ],
  "delta_deaths_mean": [
    -20.0,
    -46.71641791044776
  ],
  "delta_deaths_mean_T": [
    150,
    10200
  ],
  "delta_enemy_mean": [
    0.0,
    0.14925373134328357
  ],
  "delta_enemy_mean_T": [
    150,
    10200
  ],
  "ep_length_mean": [
    150.0,
    150.0
  ],
  "ep_length_mean_T": [
    150,
    10200
  ],
  "episode": [
    67
  ],
  "episode_T": [
    10050
  ],
  "epsilon": [
    0.995,
    0.9000275
  ],
  "epsilon_T": [
    150,
    10200
  ],
  "reward_mean": [
    -2.0,
    -4.746315298507464
  ],
  "reward_mean_T": [
    150,
    10200
  ],
  "reward_std": [
    0.0,
    3.107217185297675
  ],
  "reward_std_T": [
    150,
    10200
  ],
  "test_battle_won_mean": [
    0.0,
    0.0
  ],
  "test_battle_won_mean_T": [
    150,
    10200
  ],
  "test_dead_allies_mean": [
    0.0,
    0.0
  ],
  "test_dead_allies_mean_T": [
    150,
    10200
  ],
  "test_dead_enemies_mean": [
    0.0,
    0.0
  ],
  "test_dead_enemies_mean_T": [
    150,
    10200
  ],
  "test_delta_ally_mean": [
    0.0,
    0.0
  ],
  "test_delta_ally_mean_T": [
    150,
    10200
  ],
  "test_delta_deaths_mean": [
    0.0,
    0.0
  ],
  "test_delta_deaths_mean_T": [
    150,
    10200
  ],
  "test_delta_enemy_mean": [
    0.0,
    0.0
  ],
  "test_delta_enemy_mean_T": [
    150,
    10200
  ],
  "test_ep_length_mean": [
    150.0,
    150.0
  ],
  "test_ep_length_mean_T": [
    150,
    10200
  ],
  "test_reward_mean": [
    0.0,
    0.0
  ],
  "test_reward_mean_T": [
    150,
    10200
  ],
  "test_reward_std": [
    0.0,
    0.0
  ],
  "test_reward_std_T": [
    150,
    10200
  ]
}