{
  "alpha": [
    0.9323005676269531
  ],
  "alpha_T": [
    24462
  ],
  "alpha_loss": [
    -15.29645824432373
  ],
  "alpha_loss_T": [
    24462
  ],
  "battle_won_mean": [
    0.0,
    0.0,
    0.0,
    0.0
  ],
  "battle_won_mean_T": [
    187,
    10318,
    20433,
    30463
  ],
  "central_loss": [
    0.001793581759557128
  ],
  "central_loss_T": [
    24462
  ],
  "comm_loss": [
    0.36666369438171387
  ],
  "comm_loss_T": [
    24462
  ],
  "dead_allies_mean": [
    12.0,
    12.0,
    12.0,
    12.0
  ],
  "dead_allies_mean_T": [
    187,
    10318,
    20433,
    30463
  ],
  "dead_enemies_mean": [
    0.0,
    0.0,
    0.0,
    0.0
  ],
  "dead_enemies_mean_T": [
    187,
    10318,
    20433,
    30463
  ],
  "delta_ally_mean": [
    320.0,
    320.0,
    320.0,
    320.0
  ],
  "delta_ally_mean_T": [
    187,
    10318,
    20433,
    30463
  ],
  "delta_deaths_mean": [
    -30.0,
    -30.0,
    -30.0,
    -30.0
  ],
  "delta_deaths_mean_T": [
    187,
    10318,
    20433,
    30463
  ],
  "delta_enemy_mean": [
    180.0,
    140.74056603773585,
    156.98349056603774,
    153.3653846153846
  ],
  "delta_enemy_mean_T": [
    187,
    10318,
    20433,
    30463
  ],
  "ep_length_mean": [
    187.0,
    191.1509433962264,
    190.8490566037736,
    192.8846153846154
  ],
  "ep_length_mean_T": [
    187,
    10318,
    20433,
    30463
  ],
  "episode": [
    53,
    106,
    158
  ],
  "episode_T": [
    10129,
    20239,
    30278
  ],
  "epsilon": [
    0.995,
    0.89928095,
    0.80374145,
    0.7088729
  ],
  "epsilon_T": [
    187,
    10318,
    20433,
    30463
  ],
  "grad_norm": [
    {
      "py/reduce": [
        {
          "py/function": "torch._utils._rebuild_tensor_v2"
        },
        {
          "py/tuple": [
            {
              "py/reduce": [
                {
                  "py/function": "torch.storage._load_from_bytes"
                },
                {
                  "py/tuple": [
                    {
                      "py/b64": "gAKKCmz8nEb5IGqoUBkugAJN6QMugAJ9cQAoWBAAAABwcm90b2NvbF92ZXJzaW9ucQFN6QNYDQAAAGxpdHRsZV9lbmRpYW5xAohYCgAAAHR5cGVfc2l6ZXNxA31xBChYBQAAAHNob3J0cQVLAlgDAAAAaW50cQZLBFgEAAAAbG9uZ3EHSwR1dS6AAihYBwAAAHN0b3JhZ2VxAGN0b3JjaApGbG9hdFN0b3JhZ2UKcQFYDgAAADk0NDQ5Mjc3OTE3Mjk2cQJYBgAAAGN1ZGE6MHEDSwFOdHEEUS6AAl1xAFgOAAAAOTQ0NDkyNzc5MTcyOTZxAWEuAQAAAAAAAADVoBs/"
                    }
                  ]
                }
              ]
            },
            0,
            {
              "py/tuple": []
            },
            {
              "py/tuple": []
            },
            false,
            {
              "py/reduce": [
                {
                  "py/type": "collections.OrderedDict"
                },
                {
                  "py/tuple": []
                },
                null,
                null,
                {
                  "py/tuple": []
                }
              ]
            }
          ]
        }
      ]
    }
  ],
  "grad_norm_T": [
    24462
  ],
  "loss": [
    0.3922145366668701
  ],
  "loss_T": [
    24462
  ],
  "mixer_norm": [
    0.4792245282146824
  ],
  "mixer_norm_T": [
    24462
  ],
  "policy_loss": [
    -0.6794808506965637
  ],
  "policy_loss_T": [
    24462
  ],
  "q_taken_mean": [
    0.024581245898719614
  ],
  "q_taken_mean_T": [
    24462
  ],
  "qmix_loss": [
    0.02375725470483303
  ],
  "qmix_loss_T": [
    24462
  ],
  "reward_mean": [
    -0.7816091954022988,
    -0.9621123400563869,
    -0.8874322272825853,
    -0.9040671971706455
  ],
  "reward_mean_T": [
    187,
    10318,
    20433,
    30463
  ],
  "reward_std": [
    0.0,
    0.13867942206747524,
    0.1440860848871553,
    0.17377585500547157
  ],
  "reward_std_T": [
    187,
    10318,
    20433,
    30463
  ],
  "target_mean": [
    0.01757577960522954
  ],
  "target_mean_T": [
    24462
  ],
  "td_error_abs": [
    0.15556731047453703
  ],
  "td_error_abs_T": [
    24462
  ],
  "test_battle_won_mean": [
    0.0,
    0.0,
    0.0,
    0.0
  ],
  "test_battle_won_mean_T": [
    187,
    10318,
    20433,
    30463
  ],
  "test_dead_allies_mean": [
    12.0,
    12.0,
    12.0,
    6.0
  ],
  "test_dead_allies_mean_T": [
    187,
    10318,
    20433,
    30463
  ],
  "test_dead_enemies_mean": [
    0.59375,
    0.375,
    0.53125,
    0.0625
  ],
  "test_dead_enemies_mean_T": [
    187,
    10318,
    20433,
    30463
  ],
  "test_delta_ally_mean": [
    320.0,
    320.0,
    320.0,
    320.0
  ],
  "test_delta_ally_mean_T": [
    187,
    10318,
    20433,
    30463
  ],
  "test_delta_deaths_mean": [
    -24.0625,
    -26.25,
    -24.6875,
    -29.375
  ],
  "test_delta_deaths_mean_T": [
    187,
    10318,
    20433,
    30463
  ],
  "test_delta_enemy_mean": [
    223.03125,
    222.25,
    204.09375,
    148.3125
  ],
  "test_delta_enemy_mean_T": [
    187,
    10318,
    20433,
    30463
  ],
  "test_ep_length_mean": [
    198.625,
    198.59375,
    198.46875,
    66.9375
  ],
  "test_ep_length_mean_T": [
    187,
    10318,
    20433,
    30463
  ],
  "test_reward_mean": [
    -0.5564655172413794,
    -0.5701149425287357,
    -0.6464080459770114,
    -0.9244252873563219
  ],
  "test_reward_mean_T": [
    187,
    10318,
    20433,
    30463
  ],
  "test_reward_std": [
    0.1759540153859899,
    0.17223745771963433,
    0.1837422362271707,
    0.2324936408536572
  ],
  "test_reward_std_T": [
    187,
    10318,
    20433,
    30463
  ],
  "w_to_use": [
    0.6490384936332703
  ],
  "w_to_use_T": [
    24462
  ]
}