{
  "alpha": [
    0.9323005676269531,
    0.9254254102706909,
    0.919242799282074,
    0.9132772088050842,
    0.9070582985877991,
    0.900860071182251,
    0.8945989608764648
  ],
  "alpha_T": [
    16964,
    27036,
    37168,
    47270,
    57272,
    67348,
    77432
  ],
  "alpha_loss": [
    -14.865301132202148,
    -14.890048027038574,
    -14.915633201599121,
    -14.934155464172363,
    -15.034296989440918,
    -15.098793029785156,
    -15.214349746704102
  ],
  "alpha_loss_T": [
    16964,
    27036,
    37168,
    47270,
    57272,
    67348,
    77432
  ],
  "battle_won_mean": [
    0.0,
    0.0,
    0.0,
    0.0,
    0.0,
    0.0,
    0.0,
    0.0,
    0.0
  ],
  "battle_won_mean_T": [
    63,
    10096,
    20155,
    30240,
    40333,
    50374,
    60442,
    70553,
    80669
  ],
  "central_loss": [
    0.014420946128666401,
    0.012965194880962372,
    0.001855642069131136,
    0.001433060853742063,
    0.009512576274573803,
    0.0019857455044984818,
    0.0016839955933392048
  ],
  "central_loss_T": [
    16964,
    27036,
    37168,
    47270,
    57272,
    67348,
    77432
  ],
  "comm_loss": [
    0.5355843901634216,
    0.1622644066810608,
    0.07303180545568466,
    0.055725328624248505,
    0.22397178411483765,
    0.05476829409599304,
    0.06772720813751221
  ],
  "comm_loss_T": [
    16964,
    27036,
    37168,
    47270,
    57272,
    67348,
    77432
  ],
  "dead_allies_mean": [
    16.0,
    15.381578947368421,
    15.424657534246576,
    14.666666666666666,
    13.34375,
    8.681818181818182,
    5.5,
    4.231884057971015,
    3.1714285714285713
  ],
  "dead_allies_mean_T": [
    63,
    10096,
    20155,
    30240,
    40333,
    50374,
    60442,
    70553,
    80669
  ],
  "dead_enemies_mean": [
    0.0,
    0.0,
    0.0,
    0.0,
    0.0,
    0.0,
    0.0,
    0.0,
    0.0
  ],
  "dead_enemies_mean_T": [
    63,
    10096,
    20155,
    30240,
    40333,
    50374,
    60442,
    70553,
    80669
  ],
  "delta_ally_mean": [
    280.0,
    794.9823512027139,
    825.118247672303,
    783.886796875,
    937.3778228759766,
    874.3285392992424,
    824.8013556985294,
    804.1315245697464,
    788.5813755580357
  ],
  "delta_ally_mean_T": [
    63,
    10096,
    20155,
    30240,
    40333,
    50374,
    60442,
    70553,
    80669
  ],
  "delta_deaths_mean": [
    -80.0,
    -76.90789473684211,
    -77.12328767123287,
    -73.33333333333333,
    -66.71875,
    -43.56060606060606,
    -27.5,
    -21.159420289855074,
    -15.857142857142858
  ],
  "delta_deaths_mean_T": [
    63,
    10096,
    20155,
    30240,
    40333,
    50374,
    60442,
    70553,
    80669
  ],
  "delta_enemy_mean": [
    0.0,
    7.302631578947368,
    8.493150684931507,
    3.0,
    1.796875,
    0.5303030303030303,
    0.5882352941176471,
    0.5072463768115942,
    0.42857142857142855
  ],
  "delta_enemy_mean_T": [
    63,
    10096,
    20155,
    30240,
    40333,
    50374,
    60442,
    70553,
    80669
  ],
  "ep_length_mean": [
    63.0,
    132.01315789473685,
    137.7945205479452,
    134.46666666666667,
    157.703125,
    152.13636363636363,
    148.05882352941177,
    146.53623188405797,
    144.5142857142857
  ],
  "ep_length_mean_T": [
    63,
    10096,
    20155,
    30240,
    40333,
    50374,
    60442,
    70553,
    80669
  ],
  "episode": [
    76,
    149,
    224,
    288,
    354,
    422,
    491,
    561
  ],
  "episode_T": [
    10036,
    20074,
    30088,
    40174,
    50217,
    60286,
    70413,
    80533
  ],
  "epsilon": [
    0.995,
    0.9001598,
    0.8053007,
    0.7106684000000001,
    0.6153557000000001,
    0.52044935,
    0.4252973,
    0.32959715,
    0.23396315
  ],
  "epsilon_T": [
    63,
    10096,
    20155,
    30240,
    40333,
    50374,
    60442,
    70553,
    80669
  ],
  "grad_norm": [
    {
      "py/reduce": [
        {
          "py/function": "torch._utils._rebuild_tensor_v2"
        },
        {
          "py/tuple": [
            {
              "py/reduce": [
                {
                  "py/function": "torch.storage._load_from_bytes"
                },
                {
                  "py/tuple": [
                    {
                      "py/b64": "gAKKCmz8nEb5IGqoUBkugAJN6QMugAJ9cQAoWBAAAABwcm90b2NvbF92ZXJzaW9ucQFN6QNYDQAAAGxpdHRsZV9lbmRpYW5xAohYCgAAAHR5cGVfc2l6ZXNxA31xBChYBQAAAHNob3J0cQVLAlgDAAAAaW50cQZLBFgEAAAAbG9uZ3EHSwR1dS6AAihYBwAAAHN0b3JhZ2VxAGN0b3JjaApGbG9hdFN0b3JhZ2UKcQFYDgAAADk0NjYxMjg5NTI2NDQ4cQJYBgAAAGN1ZGE6MHEDSwFOdHEEUS6AAl1xAFgOAAAAOTQ2NjEyODk1MjY0NDhxAWEuAQAAAAAAAABEFmdA"
                    }
                  ]
                }
              ]
            },
            0,
            {
              "py/tuple": []
            },
            {
              "py/tuple": []
            },
            false,
            {
              "py/reduce": [
                {
                  "py/type": "collections.OrderedDict"
                },
                {
                  "py/tuple": []
                },
                null,
                null,
                {
                  "py/tuple": []
                }
              ]
            }
          ]
        }
      ]
    },
    {
      "py/reduce": [
        {
          "py/function": "torch._utils._rebuild_tensor_v2"
        },
        {
          "py/tuple": [
            {
              "py/reduce": [
                {
                  "py/function": "torch.storage._load_from_bytes"
                },
                {
                  "py/tuple": [
                    {
                      "py/b64": "gAKKCmz8nEb5IGqoUBkugAJN6QMugAJ9cQAoWBAAAABwcm90b2NvbF92ZXJzaW9ucQFN6QNYDQAAAGxpdHRsZV9lbmRpYW5xAohYCgAAAHR5cGVfc2l6ZXNxA31xBChYBQAAAHNob3J0cQVLAlgDAAAAaW50cQZLBFgEAAAAbG9uZ3EHSwR1dS6AAihYBwAAAHN0b3JhZ2VxAGN0b3JjaApGbG9hdFN0b3JhZ2UKcQFYDgAAADk0NjYwOTc5NjM1NjgwcQJYBgAAAGN1ZGE6MHEDSwFOdHEEUS6AAl1xAFgOAAAAOTQ2NjA5Nzk2MzU2ODBxAWEuAQAAAAAAAACYghM/"
                    }
                  ]
                }
              ]
            },
            0,
            {
              "py/tuple": []
            },
            {
              "py/tuple": []
            },
            false,
            {
              "py/reduce": [
                {
                  "py/type": "collections.OrderedDict"
                },
                {
                  "py/tuple": []
                },
                null,
                null,
                {
                  "py/tuple": []
                }
              ]
            }
          ]
        }
      ]
    },
    {
      "py/reduce": [
        {
          "py/function": "torch._utils._rebuild_tensor_v2"
        },
        {
          "py/tuple": [
            {
              "py/reduce": [
                {
                  "py/function": "torch.storage._load_from_bytes"
                },
                {
                  "py/tuple": [
                    {
                      "py/b64": "gAKKCmz8nEb5IGqoUBkugAJN6QMugAJ9cQAoWBAAAABwcm90b2NvbF92ZXJzaW9ucQFN6QNYDQAAAGxpdHRsZV9lbmRpYW5xAohYCgAAAHR5cGVfc2l6ZXNxA31xBChYBQAAAHNob3J0cQVLAlgDAAAAaW50cQZLBFgEAAAAbG9uZ3EHSwR1dS6AAihYBwAAAHN0b3JhZ2VxAGN0b3JjaApGbG9hdFN0b3JhZ2UKcQFYDgAAADk0NjYxMzgwODU0MzA0cQJYBgAAAGN1ZGE6MHEDSwFOdHEEUS6AAl1xAFgOAAAAOTQ2NjEzODA4NTQzMDRxAWEuAQAAAAAAAAAHup49"
                    }
                  ]
                }
              ]
            },
            0,
            {
              "py/tuple": []
            },
            {
              "py/tuple": []
            },
            false,
            {
              "py/reduce": [
                {
                  "py/type": "collections.OrderedDict"
                },
                {
                  "py/tuple": []
                },
                null,
                null,
                {
                  "py/tuple": []
                }
              ]
            }
          ]
        }
      ]
    },
    {
      "py/reduce": [
        {
