{
  "alpha": [
    0.9323005676269531,
    0.925702691078186
  ],
  "alpha_T": [
    20116,
    30255
  ],
  "alpha_loss": [
    -19.627668380737305,
    -19.653615951538086
  ],
  "alpha_loss_T": [
    20116,
    30255
  ],
  "battle_won_mean": [
    0.0,
    0.0,
    0.0,
    0.0
  ],
  "battle_won_mean_T": [
    66,
    10195,
    20241,
    30255
  ],
  "central_loss": [
    0.027868416160345078,
    0.002457808004692197
  ],
  "central_loss_T": [
    20116,
    30255
  ],
  "comm_loss": [
    0.5725435614585876,
    0.07732276618480682
  ],
  "comm_loss_T": [
    20116,
    30255
  ],
  "dead_allies_mean": [
    14.0,
    14.484848484848484,
    14.596774193548388,
    14.057142857142857
  ],
  "dead_allies_mean_T": [
    66,
    10195,
    20241,
    30255
  ],
  "dead_enemies_mean": [
    0.0,
    0.015151515151515152,
    0.04838709677419355,
    0.02857142857142857
  ],
  "dead_enemies_mean_T": [
    66,
    10195,
    20241,
    30255
  ],
  "delta_ally_mean": [
    597.5,
    1291.1441761363637,
    1290.5140735257057,
    1178.3087123325893
  ],
  "delta_ally_mean_T": [
    66,
    10195,
    20241,
    30255
  ],
  "delta_deaths_mean": [
    -70.0,
    -72.27272727272727,
    -72.5,
    -70.0
  ],
  "delta_deaths_mean_T": [
    66,
    10195,
    20241,
    30255
  ],
  "delta_enemy_mean": [
    64.0,
    44.515151515151516,
    44.774193548387096,
    33.27142857142857
  ],
  "delta_enemy_mean_T": [
    66,
    10195,
    20241,
    30255
  ],
  "ep_length_mean": [
    66.0,
    153.46969696969697,
    162.03225806451613,
    143.05714285714285
  ],
  "ep_length_mean_T": [
    66,
    10195,
    20241,
    30255
  ],
  "episode": [
    66,
    128,
    199
  ],
  "episode_T": [
    10014,
    20116,
    30255
  ],
  "epsilon": [
    0.995,
    0.9003677,
    0.8049038,
    0.7108668499999999
  ],
  "epsilon_T": [
    66,
    10195,
    20241,
    30255
  ],
  "grad_norm": [
    {
      "py/reduce": [
        {
          "py/function": "torch._utils._rebuild_tensor_v2"
        },
        {
          "py/tuple": [
            {
              "py/reduce": [
                {
                  "py/function": "torch.storage._load_from_bytes"
                },
                {
                  "py/tuple": [
                    {
                      "py/b64": "gAKKCmz8nEb5IGqoUBkugAJN6QMugAJ9cQAoWBAAAABwcm90b2NvbF92ZXJzaW9ucQFN6QNYDQAAAGxpdHRsZV9lbmRpYW5xAohYCgAAAHR5cGVfc2l6ZXNxA31xBChYBQAAAHNob3J0cQVLAlgDAAAAaW50cQZLBFgEAAAAbG9uZ3EHSwR1dS6AAihYBwAAAHN0b3JhZ2VxAGN0b3JjaApGbG9hdFN0b3JhZ2UKcQFYDgAAADk0NDE0NzkzNDU1NTg0cQJYBgAAAGN1ZGE6MHEDSwFOdHEEUS6AAl1xAFgOAAAAOTQ0MTQ3OTM0NTU1ODRxAWEuAQAAAAAAAABJ+itA"
                    }
                  ]
                }
              ]
            },
            0,
            {
              "py/tuple": []
            },
            {
              "py/tuple": []
            },
            false,
            {
              "py/reduce": [
                {
                  "py/type": "collections.OrderedDict"
                },
                {
                  "py/tuple": []
                },
                null,
                null,
                {
                  "py/tuple": []
                }
              ]
            }
          ]
        }
      ]
    },
    {
      "py/reduce": [
        {
          "py/function": "torch._utils._rebuild_tensor_v2"
        },
        {
          "py/tuple": [
            {
              "py/reduce": [
                {
                  "py/function": "torch.storage._load_from_bytes"
                },
                {
                  "py/tuple": [
                    {
                      "py/b64": "gAKKCmz8nEb5IGqoUBkugAJN6QMugAJ9cQAoWBAAAABwcm90b2NvbF92ZXJzaW9ucQFN6QNYDQAAAGxpdHRsZV9lbmRpYW5xAohYCgAAAHR5cGVfc2l6ZXNxA31xBChYBQAAAHNob3J0cQVLAlgDAAAAaW50cQZLBFgEAAAAbG9uZ3EHSwR1dS6AAihYBwAAAHN0b3JhZ2VxAGN0b3JjaApGbG9hdFN0b3JhZ2UKcQFYDwAAADEzOTY0ODUxODk0NDk0NHECWAYAAABjdWRhOjBxA0sBTnRxBFEugAJdcQBYDwAAADEzOTY0ODUxODk0NDk0NHEBYS4BAAAAAAAAAK5YNj0="
                    }
                  ]
                }
              ]
            },
            0,
            {
              "py/tuple": []
            },
            {
              "py/tuple": []
            },
            false,
            {
              "py/reduce": [
                {
                  "py/type": "collections.OrderedDict"
                },
                {
                  "py/tuple": []
                },
                null,
                null,
                {
                  "py/tuple": []
                }
              ]
            }
          ]
        }
      ]
    }
  ],
  "grad_norm_T": [
    20116,
    30255
  ],
  "loss": [
    0.7032604217529297,
    0.08399378508329391
  ],
  "loss_T": [
    20116,
    30255
  ],
  "mixer_norm": [
    1.8660110647646504,
    0.01777151720776289
  ],
  "mixer_norm_T": [
    20116,
    30255
  ],
  "policy_loss": [
    -0.5539349317550659,
    -0.5767335295677185
  ],
  "policy_loss_T": [
    20116,
    30255
  ],
  "q_taken_mean": [
    0.006142270946673357,
    -0.016489401269047604
  ],
  "q_taken_mean_T": [
    20116,
    30255
  ],
  "qmix_loss": [
    0.10284847766160965,
    0.004213207866996527
  ],
  "qmix_loss_T": [
    20116,
    30255
  ],
  "reward_mean": [
    -4.78968253968254,
    -10.467474221380469,
    -10.462221269661255,
    -9.643153045723496
  ],
  "reward_mean_T": [
    66,
    10195,
    20241,
    30255
  ],
  "reward_std": [
    0.0,
    3.693796400140425,
    3.363008249044612,
    4.049932399628567
  ],
  "reward_std_T": [
    66,
    10195,
    20241,
    30255
  ],
  "target_mean": [
    -0.017808948698136744,
    -0.017922439606682702
  ],
  "target_mean_T": [
    20116,
    30255
  ],
  "td_error_abs": [
    0.39437706614138,
    0.0586855231461031
  ],
  "td_error_abs_T": [
    20116,
    30255
  ],
  "test_battle_won_mean": [
    0.0,
    0.0,
    0.0,
    0.0
  ],
  "test_battle_won_mean_T": [
    66,
    10195,
    20241,
    30255
  ],
  "test_dead_allies_mean": [
    0.0,
    0.0,
    0.0,
    0.0
  ],
  "test_dead_allies_mean_T": [
    66,
    10195,
    20241,
    30255
  ],
  "test_dead_enemies_mean": [
    0.0,
    0.0,
    0.0,
    0.0
  ],
  "test_dead_enemies_mean_T": [
    66,
    10195,
    20241,
    30255
  ],
  "test_delta_ally_mean": [
    0.0,
    0.0,
    0.0,
    0.0
  ],
  "test_delta_ally_mean_T": [
    66,
    10195,
    20241,
    30255
  ],
  "test_delta_deaths_mean": [
    0.0,
    0.0,
    0.0,
    0.0
  ],
  "test_delta_deaths_mean_T": [
    66,
    10195,
    20241,
    30255
  ],
  "test_delta_enemy_mean": [
    0.0,
    0.0,
    0.0,
    0.0
  ],
  "test_delta_enemy_mean_T": [
    66,
    10195,
    20241,
    30255
  ],
  "test_ep_length_mean": [
    200.0,
    200.0,
    200.0,
    200.0
  ],
  "test_ep_length_mean_T": [
    66,
    10195,
    20241,
    30255
  ],
  "test_reward_mean": [
    0.0,
    0.0,
    0.0,
    0.0
  ],
  "test_reward_mean_T": [
    66,
    10195,
    20241,
    30255
  ],
  "test_reward_std": [
    0.0,
    0.0,
    0.0,
    0.0
  ],
  "test_reward_std_T": [
    66,
    10195,
    20241,
    30255
  ],
  "w_to_use": [
    0.5360156297683716,
    0.7683007717132568
  ],
  "w_to_use_T": [
    20116,
    30255
  ]
}