{
  "alpha": [
    0.9323005676269531,
    0.9256108403205872,
    0.9182261824607849,
    0.911898672580719,
    0.9069750905036926,
    0.9020764827728271,
    0.8963872790336609
  ],
  "alpha_T": [
    20793,
    30933,
    40938,
    51091,
    61146,
    71214,
    81368
  ],
  "alpha_loss": [
    -19.55545425415039,
    -19.62483024597168,
    -19.625226974487305,
    -19.65198516845703,
    -19.683290481567383,
    -19.707477569580078,
    -19.722986221313477
  ],
  "alpha_loss_T": [
    20793,
    30933,
    40938,
    51091,
    61146,
    71214,
    81368
  ],
  "battle_won_mean": [
    0.0,
    0.0,
    0.0,
    0.0,
    0.0,
    0.0,
    0.0,
    0.0,
    0.0
  ],
  "battle_won_mean_T": [
    68,
    10119,
    20275,
    30381,
    40445,
    50531,
    60650,
    70655,
    80696
  ],
  "central_loss": [
    0.031428709626197815,
    0.001903675147332251,
    0.00348618533462286,
    0.00249980459921062,
    0.024291178211569786,
    0.004122281912714243,
    0.0023623136803507805
  ],
  "central_loss_T": [
    20793,
    30933,
    40938,
    51091,
    61146,
    71214,
    81368
  ],
  "comm_loss": [
    0.5545892715454102,
    0.07810588926076889,
    0.06025756523013115,
    0.041455917060375214,
    0.042388830333948135,
    0.020259367302060127,
    0.027018938213586807
  ],
  "comm_loss_T": [
    20793,
    30933,
    40938,
    51091,
    61146,
    71214,
    81368
  ],
  "dead_allies_mean": [
    14.0,
    14.661538461538461,
    14.254237288135593,
    14.0,
    13.947368421052632,
    14.205479452054794,
    13.203703703703704,
    11.777777777777779,
    12.37704918032787
  ],
  "dead_allies_mean_T": [
    68,
    10119,
    20275,
    30381,
    40445,
    50531,
    60650,
    70655,
    80696
  ],
  "dead_enemies_mean": [
    0.0,
    0.046153846153846156,
    0.1016949152542373,
    0.1111111111111111,
    0.13157894736842105,
    0.0273972602739726,
    0.018518518518518517,
    0.05555555555555555,
    0.13114754098360656
  ],
  "dead_enemies_mean_T": [
    68,
    10119,
    20275,
    30381,
    40445,
    50531,
    60650,
    70655,
    80696
  ],
  "delta_ally_mean": [
    597.5,
    1364.8492074819712,
    1522.8008433196503,
    1210.566402859158,
    1136.8952283357319,
    1132.615695901113,
    1496.5824833622685,
    1276.1580358434605,
    1105.5859375
  ],
  "delta_ally_mean_T": [
    68,
    10119,
    20275,
    30381,
    40445,
    50531,
    60650,
    70655,
    80696
  ],
  "delta_deaths_mean": [
    -70.0,
    -72.84615384615384,
    -70.2542372881356,
    -68.88888888888889,
    -68.42105263157895,
    -70.75342465753425,
    -65.83333333333333,
    -58.333333333333336,
    -60.65573770491803
  ],
  "delta_deaths_mean_T": [
    68,
    10119,
    20275,
    30381,
    40445,
    50531,
    60650,
    70655,
    80696
  ],
  "delta_enemy_mean": [
    48.0,
    54.50769230769231,
    52.79661016949152,
    49.77777777777778,
    43.01315789473684,
    31.232876712328768,
    19.833333333333332,
    19.333333333333332,
    27.770491803278688
  ],
  "delta_enemy_mean_T": [
    68,
    10119,
    20275,
    30381,
    40445,
    50531,
    60650,
    70655,
    80696
  ],
  "ep_length_mean": [
    68.0,
    154.63076923076923,
    172.135593220339,
    140.36111111111111,
    132.42105263157896,
    138.16438356164383,
    187.38888888888889,
    185.27777777777777,
    164.60655737704917
  ],
  "ep_length_mean_T": [
    68,
    10119,
    20275,
    30381,
    40445,
    50531,
    60650,
    70655,
    80696
  ],
  "episode": [
    66,
    125,
    197,
    273,
    346,
    400,
    454,
    515
  ],
  "episode_T": [
    10119,
    20275,
    30381,
    40445,
    50531,
    60650,
    70655,
    80696
  ],
  "epsilon": [
    0.995,
    0.9010670000000001,
    0.8051495,
    0.7095816500000001,
    0.6134090000000001,
    0.51897515,
    0.42312380000000005,
    0.32911520000000005,
    0.2335001000000001
  ],
  "epsilon_T": [
    68,
    10119,
    20275,
    30381,
    40445,
    50531,
    60650,
    70655,
    80696
  ],