{
  "alpha": [
    0.9323005676269531,
    0.9275580048561096,
    0.9227445125579834,
    0.9181411862373352
  ],
  "alpha_T": [
    25481,
    35504,
    45671,
    55671
  ],
  "alpha_loss": [
    -6.843268871307373,
    -6.847001552581787,
    -6.847867012023926,
    -6.854223251342773
  ],
  "alpha_loss_T": [
    25481,
    35504,
    45671,
    55671
  ],
  "battle_won_mean": [
    0.0,
    0.0,
    0.0,
    0.0,
    0.0,
    0.0
  ],
  "battle_won_mean_T": [
    200,
    10325,
    20481,
    30504,
    40655,
    50671
  ],
  "central_loss": [
    0.0005022512632422149,
    0.00015672283188905567,
    4.031394200865179e-05,
    2.7457923351903446e-05
  ],
  "central_loss_T": [
    25481,
    35504,
    45671,
    55671
  ],
  "comm_loss": [
    0.1474708616733551,
    0.07873675972223282,
    0.07925426959991455,
    0.05880033224821091
  ],
  "comm_loss_T": [
    25481,
    35504,
    45671,
    55671
  ],
  "dead_allies_mean": [
    0.0,
    0.49019607843137253,
    0.7254901960784313,
    0.6666666666666666,
    0.3137254901960784,
    1.0196078431372548
  ],
  "dead_allies_mean_T": [
    200,
    10325,
    20481,
    30504,
    40655,
    50671
  ],
  "dead_enemies_mean": [
    0.0,
    0.0392156862745098,
    0.0,
    0.058823529411764705,
    0.0392156862745098,
    0.09803921568627451
  ],
  "dead_enemies_mean_T": [
    200,
    10325,
    20481,
    30504,
    40655,
    50671
  ],
  "delta_ally_mean": [
    0.0,
    20.01593137254902,
    29.621323529411764,
    26.705882352941178,
    13.995098039215685,
    43.39705882352941
  ],
  "delta_ally_mean_T": [
    200,
    10325,
    20481,
    30504,
    40655,
    50671
  ],
  "delta_deaths_mean": [
    0.0,
    -2.0588235294117645,
    -3.627450980392157,
    -2.7450980392156863,
    -1.1764705882352942,
    -4.117647058823529
  ],
  "delta_deaths_mean_T": [
    200,
    10325,
    20481,
    30504,
    40655,
    50671
  ],
  "delta_enemy_mean": [
    0.0,
    6.3001685049019605,
    6.5809302236519605,
    6.469199984681373,
    8.476112515318627,
    14.892558976715685
  ],
  "delta_enemy_mean_T": [
    200,
    10325,
    20481,
    30504,
    40655,
    50671
  ],
  "ep_length_mean": [
    200.0,
    198.52941176470588,
    199.13725490196077,
    196.52941176470588,
    199.0392156862745,
    196.3921568627451
  ],
  "ep_length_mean_T": [
    200,
    10325,
    20481,
    30504,
    40655,
    50671
  ],
  "episode": [
    51,
    102,
    153,
    204,
    255
  ],
  "episode_T": [
    10125,
    20281,
    30304,
    40455,
    50471
  ],
  "epsilon": [
    0.995,
    0.89931875,
    0.80334455,
    0.7086272,
    0.6127002500000001,
    0.51804905
  ],
  "epsilon_T": [
    200,
    10325,
    20481,
    30504,
    40655,
    50671
  ],
  "grad_norm": [
    {
      "py/reduce": [
        {
          "py/function": "torch._utils._rebuild_tensor_v2"
        },
        {
          "py/tuple": [
            {
              "py/reduce": [
                {
                  "py/function": "torch.storage._load_from_bytes"
                },
                {
                  "py/tuple": [
                    {
                      "py/b64": "gAKKCmz8nEb5IGqoUBkugAJN6QMugAJ9cQAoWBAAAABwcm90b2NvbF92ZXJzaW9ucQFN6QNYDQAAAGxpdHRsZV9lbmRpYW5xAohYCgAAAHR5cGVfc2l6ZXNxA31xBChYBQAAAHNob3J0cQVLAlgDAAAAaW50cQZLBFgEAAAAbG9uZ3EHSwR1dS6AAihYBwAAAHN0b3JhZ2VxAGN0b3JjaApGbG9hdFN0b3JhZ2UKcQFYDgAAADk0NjM1NDM2MTA4MDAwcQJYBgAAAGN1ZGE6MHEDSwFOdHEEUS6AAl1xAFgOAAAAOTQ2MzU0MzYxMDgwMDBxAWEuAQAAAAAAAACbbhVA"
                    }
                  ]
                }
              ]
            },
            0,
            {
              "py/tuple": []
            },
            {
              "py/tuple": []
            },
            false,
            {
              "py/reduce": [
                {
                  "py/type": "collections.OrderedDict"
                },
                {
                  "py/tuple": []
                },
                null,
                null,
                {
                  "py/tuple": []
                }
              ]
            }
          ]
        }
      ]
    },
    {
      "py/reduce": [
        {
          "py/function": "torch._utils._rebuild_tensor_v2"
        },
        {
          "py/tuple": [
            {
              "py/reduce": [
                {
                  "py/function": "torch.storage._load_from_bytes"
                },
                {
                  "py/tuple": [
                    {
                      "py/b64": "gAKKCmz8nEb5IGqoUBkugAJN6QMugAJ9cQAoWBAAAABwcm90b2NvbF92ZXJzaW9ucQFN6QNYDQAAAGxpdHRsZV9lbmRpYW5xAohYCgAAAHR5cGVfc2l6ZXNxA31xBChYBQAAAHNob3J0cQVLAlgDAAAAaW50cQZLBFgEAAAAbG9uZ3EHSwR1dS6AAihYBwAAAHN0b3JhZ2VxAGN0b3JjaApGbG9hdFN0b3JhZ2UKcQFYDwAAADEzOTk5OTc4ODI2MzkwNHECWAYAAABjdWRhOjBxA0sBTnRxBFEugAJdcQBYDwAAADEzOTk5OTc4ODI2MzkwNHEBYS4BAAAAAAAAAHfRtj0="
                    }
                  ]
                }
              ]
            },
            0,
            {
              "py/tuple": []
            },
            {
              "py/tuple": []
            },
            false,
            {
              "py/reduce": [
                {
                  "py/type": "collections.OrderedDict"
                },
                {
                  "py/tuple": []
                },
                null,
                null,
                {
                  "py/tuple": []
                }
              ]
            }
          ]
        }
      ]
    },
    {
      "py/reduce": [
        {
          "py/function": "torch._utils._rebuild_tensor_v2"
        },
        {
          "py/tuple": [
            {
              "py/reduce": [
                {
                  "py/function": "torch.storage._load_from_bytes"
                },
                {
                  "py/tuple": [
                    {
                      "py/b64": "gAKKCmz8nEb5IGqoUBkugAJN6QMugAJ9cQAoWBAAAABwcm90b2NvbF92ZXJzaW9ucQFN6QNYDQAAAGxpdHRsZV9lbmRpYW5xAohYCgAAAHR5cGVfc2l6ZXNxA31xBChYBQAAAHNob3J0cQVLAlgDAAAAaW50cQZLBFgEAAAAbG9uZ3EHSwR1dS6AAihYBwAAAHN0b3JhZ2VxAGN0b3JjaApGbG9hdFN0b3JhZ2UKcQFYDwAAADEzOTk5OTc4ODE1MTM0NHECWAYAAABjdWRhOjBxA0sBTnRxBFEugAJdcQBYDwAAADEzOTk5OTc4ODE1MTM0NHEBYS4BAAAAAAAAAMiaiD0="
                    }
                  ]
                }
              ]
            },
            0,
            {
              "py/tuple": []
            },
            {
              "py/tuple": []
            },
            false,
            {
              "py/reduce": [
                {
                  "py/type": "collections.OrderedDict"
                },
                {
                  "py/tuple": []
                },
                null,
                null,
                {
                  "py/tuple": []
                }
              ]
            }
          ]
        }
      ]
    },
    {
      "py/reduce": [
        {
          "py/function": "torch._utils._rebuild_tensor_v2"
        },
        {
          "py/tuple": [
            {
              "py/reduce": [
                {
                  "py/function": "torch.storage._load_from_bytes"
                },
                {
                  "py/tuple": [
                    {
                      "py/b64": "gAKKCmz8nEb5IGqoUBkugAJN6QMugAJ9cQAoWBAAAABwcm90b2NvbF92ZXJzaW9ucQFN6QNYDQAAAGxpdHRsZV9lbmRpYW5xAohYCgAAAHR5cGVfc2l6ZXNxA31xBChYBQAAAHNob3J0cQVLAlgDAAAAaW50cQZLBFgEAAAAbG9uZ3EHSwR1dS6AAihYBwAAAHN0b3JhZ2VxAGN0b3JjaApGbG9hdFN0b3JhZ2UKcQFYDwAAADEzOTk5OTc2NjQ1Nzc3NnECWAYAAABjdWRhOjBxA0sBTnRxBFEugAJdcQBYDwAAADEzOTk5OTc2NjQ1Nzc3NnEBYS4BAAAAAAAAAJ2krj0="
                    }
                  ]
                }
              ]
            },
            0,
            {
              "py/tuple": []
            },
            {
              "py/tuple": []
            },
            false,
            {
              "py/reduce": [
                {
                  "py/type": "collections.OrderedDict"
                },
