{
  "alpha": [
    0.9323005676269531
  ],
  "alpha_T": [
    20425
  ],
  "alpha_loss": [
    -12.292614936828613
  ],
  "alpha_loss_T": [
    20425
  ],
  "battle_won_mean": [
    0.0,
    0.0,
    0.0
  ],
  "battle_won_mean_T": [
    228,
    10317,
    20342
  ],
  "central_loss": [
    0.009266761131584644
  ],
  "central_loss_T": [
    20425
  ],
  "comm_loss": [
    0.4251393675804138
  ],
  "comm_loss_T": [
    20425
  ],
  "dead_allies_mean": [
    6.0,
    3.7636363636363637,
    2.464788732394366
  ],
  "dead_allies_mean_T": [
    228,
    10317,
    20342
  ],
  "dead_enemies_mean": [
    1.0,
    0.16363636363636364,
    0.29577464788732394
  ],
  "dead_enemies_mean_T": [
    228,
    10317,
    20342
  ],
  "delta_ally_mean": [
    446.21875,
    366.5889293323864,
    96.71391532790493
  ],
  "delta_ally_mean_T": [
    228,
    10317,
    20342
  ],
  "delta_deaths_mean": [
    -20.0,
    -17.181818181818183,
    -9.366197183098592
  ],
  "delta_deaths_mean_T": [
    228,
    10317,
    20342
  ],
  "delta_enemy_mean": [
    -739.84375,
    -786.6265625,
    -709.5851397447183
  ],
  "delta_enemy_mean_T": [
    228,
    10317,
    20342
  ],
  "ep_length_mean": [
    228.0,
    183.43636363636364,
    141.19718309859155
  ],
  "ep_length_mean_T": [
    228,
    10317,
    20342
  ],
  "episode": [
    54,
    125
  ],
  "episode_T": [
    10015,
    20145
  ],
  "epsilon": [
    0.995,
    0.8992715,
    0.80393045
  ],
  "epsilon_T": [
    228,
    10317,
    20342
  ],
  "grad_norm": [
    {
      "py/reduce": [
        {
          "py/function": "torch._utils._rebuild_tensor_v2"
        },
        {
          "py/tuple": [
            {
              "py/reduce": [
                {
                  "py/function": "torch.storage._load_from_bytes"
                },
                {
                  "py/tuple": [
                    {
                      "py/b64": "gAKKCmz8nEb5IGqoUBkugAJN6QMugAJ9cQAoWBAAAABwcm90b2NvbF92ZXJzaW9ucQFN6QNYDQAAAGxpdHRsZV9lbmRpYW5xAohYCgAAAHR5cGVfc2l6ZXNxA31xBChYBQAAAHNob3J0cQVLAlgDAAAAaW50cQZLBFgEAAAAbG9uZ3EHSwR1dS6AAihYBwAAAHN0b3JhZ2VxAGN0b3JjaApGbG9hdFN0b3JhZ2UKcQFYDgAAADk0OTIxMjU1MTU5ODU2cQJYBgAAAGN1ZGE6MHEDSwFOdHEEUS6AAl1xAFgOAAAAOTQ5MjEyNTUxNTk4NTZxAWEuAQAAAAAAAAB5nKg/"
                    }
                  ]
                }
              ]
            },
            0,
            {
              "py/tuple": []
            },
            {
              "py/tuple": []
            },
            false,
            {
              "py/reduce": [
                {
                  "py/type": "collections.OrderedDict"
                },
                {
                  "py/tuple": []
                },
                null,
                null,
                {
                  "py/tuple": []
                }
              ]
            }
          ]
        }
      ]
    }
  ],
  "grad_norm_T": [
    20425
  ],
  "loss": [
    0.4658261835575104
  ],
  "loss_T": [
    20425
  ],
  "mixer_norm": [
    1.0992526578093569
  ],
  "mixer_norm_T": [
    20425
  ],
  "policy_loss": [
    -0.45024964213371277
  ],
  "policy_loss_T": [
    20425
  ],
  "q_taken_mean": [
    0.024270987394600842
  ],
  "q_taken_mean_T": [
    20425
  ],
  "qmix_loss": [
    0.03142005205154419
  ],
  "qmix_loss_T": [
    20425
  ],
  "reward_mean": [
    -7.706469648562302,
    -7.478577060793637,
    -5.211918544764996
  ],
  "reward_mean_T": [
    228,
    10317,
    20342
  ],
  "reward_std": [
    0.0,
    2.8522985895282713,
    2.1718081054261638
  ],
  "reward_std_T": [
    228,
    10317,
    20342
  ],
  "target_mean": [
    0.006054209378824969
  ],
  "target_mean_T": [
    20425
  ],
  "td_error_abs": [
    0.1888017446641677
  ],
  "td_error_abs_T": [
    20425
  ],
  "test_battle_won_mean": [
    0.0,
    0.0,
    0.0
  ],
  "test_battle_won_mean_T": [
    228,
    10317,
    20342
  ],
  "test_dead_allies_mean": [
    1.0,
    1.0,
    1.0
  ],
  "test_dead_allies_mean_T": [
    228,
    10317,
    20342
  ],
  "test_dead_enemies_mean": [
    0.0,
    0.0,
    0.0
  ],
  "test_dead_enemies_mean_T": [
    228,
    10317,
    20342
  ],
  "test_delta_ally_mean": [
    -16.216796875,
    -16.216796875,
    -14.320068359375
  ],
  "test_delta_ally_mean_T": [
    228,
    10317,
    20342
  ],
  "test_delta_deaths_mean": [
    -5.0,
    -5.0,
    -5.0
  ],
  "test_delta_deaths_mean_T": [
    228,
    10317,
    20342
  ],
  "test_delta_enemy_mean": [
    -192.08203125,
    -192.5146484375,
    -192.08203125
  ],
  "test_delta_enemy_mean_T": [
    228,
    10317,
    20342
  ],
  "test_ep_length_mean": [
    27.75,
    27.8125,
    27.75
  ],
  "test_ep_length_mean_T": [
    228,
    10317,
    20342
  ],
  "test_reward_mean": [
    -1.1556883985623,
    -1.1584527256389774,
    -1.167808069588658
  ],
  "test_reward_mean_T": [
    228,
    10317,
    20342
  ],
  "test_reward_std": [
    0.19208755735226948,
    0.19605353202952427,
    0.17919930728116562
  ],
  "test_reward_std_T": [
    228,
    10317,
    20342
  ],
  "w_to_use": [
    0.5491460561752319
  ],
  "w_to_use_T": [
    20425
  ]
}