{
  "battle_won_mean": [
    0.0,
    0.0
  ],
  "battle_won_mean_T": [
    179,
    10234
  ],
  "dead_allies_mean": [
    15.0,
    14.329113924050633
  ],
  "dead_allies_mean_T": [
    179,
    10234
  ],
  "dead_enemies_mean": [
    0.0,
    0.05063291139240506
  ],
  "dead_enemies_mean_T": [
    179,
    10234
  ],
  "delta_ally_mean": [
    1700.0,
    1144.424081536788
  ],
  "delta_ally_mean_T": [
    179,
    10234
  ],
  "delta_deaths_mean": [
    -75.0,
    -71.13924050632912
  ],
  "delta_deaths_mean_T": [
    179,
    10234
  ],
  "delta_enemy_mean": [
    16.0,
    48.69620253164557
  ],
  "delta_enemy_mean_T": [
    179,
    10234
  ],
  "ep_length_mean": [
    179.0,
    127.27848101265823
  ],
  "ep_length_mean_T": [
    179,
    10234
  ],
  "episode": [
    77
  ],
  "episode_T": [
    10039
  ],
  "epsilon": [
    0.995,
    0.89890295
  ],
  "epsilon_T": [
    179,
    10234
  ],
  "reward_mean": [
    -13.960317460317453,
    -9.260850154852946
  ],
  "reward_mean_T": [
    179,
    10234
  ],
  "reward_std": [
    0.0,
    4.341940641237423
  ],
  "reward_std_T": [
    179,
    10234
  ],
  "test_battle_won_mean": [
    0.0,
    0.0
  ],
  "test_battle_won_mean_T": [
    179,
    10234
  ],
  "test_dead_allies_mean": [
    0.0,
    0.0
  ],
  "test_dead_allies_mean_T": [
    179,
    10234
  ],
  "test_dead_enemies_mean": [
    0.0,
    0.0
  ],
  "test_dead_enemies_mean_T": [
    179,
    10234
  ],
  "test_delta_ally_mean": [
    0.0,
    0.0
  ],
  "test_delta_ally_mean_T": [
    179,
    10234
  ],
  "test_delta_deaths_mean": [
    0.0,
    0.0
  ],
  "test_delta_deaths_mean_T": [
    179,
    10234
  ],
  "test_delta_enemy_mean": [
    0.0,
    0.0
  ],
  "test_delta_enemy_mean_T": [
    179,
    10234
  ],
  "test_ep_length_mean": [
    200.0,
    200.0
  ],
  "test_ep_length_mean_T": [
    179,
    10234
  ],
  "test_reward_mean": [
    0.0,
    0.0
  ],
  "test_reward_mean_T": [
    179,
    10234
  ],
  "test_reward_std": [
    0.0,
    0.0
  ],
  "test_reward_std_T": [
    179,
    10234
  ]
}