{
  "alpha": [
    0.9323005676269531,
    0.9257996082305908,
    0.9191655516624451,
    0.9129331707954407,
    0.90682053565979
  ],
  "alpha_T": [
    18832,
    28921,
    39018,
    49135,
    59185
  ],
  "alpha_loss": [
    -30.50152587890625,
    -30.441097259521484,
    -30.42252540588379,
    -30.505395889282227,
    -30.59473991394043
  ],
  "alpha_loss_T": [
    18832,
    28921,
    39018,
    49135,
    59185
  ],
  "battle_won_mean": [
    0.0,
    0.0,
    0.0,
    0.0,
    0.0,
    0.0,
    0.0
  ],
  "battle_won_mean_T": [
    150,
    10282,
    20332,
    30460,
    40518,
    50635,
    60685
  ],
  "central_loss": [
    0.0006241178489290178,
    0.00037768451147712767,
    0.00016521476209163666,
    0.00014117594400886446,
    0.00010051297431346029
  ],
  "central_loss_T": [
    18832,
    28921,
    39018,
    49135,
    59185
  ],
  "comm_loss": [
    0.565083920955658,
    0.2012866884469986,
    0.10361869633197784,
    0.07300550490617752,
    0.08956089615821838
  ],
  "comm_loss_T": [
    18832,
    28921,
    39018,
    49135,
    59185
  ],
  "dead_allies_mean": [
    11.0,
    9.314285714285715,
    4.432835820895522,
    9.535211267605634,
    6.845070422535211,
    1.6029411764705883,
    0.4626865671641791
  ],
  "dead_allies_mean_T": [
    150,
    10282,
    20332,
    30460,
    40518,
    50635,
    60685
  ],
  "dead_enemies_mean": [
    1.0,
    0.18571428571428572,
    0.11940298507462686,
    0.15492957746478872,
    0.07042253521126761,
    0.014705882352941176,
    0.0
  ],
  "dead_enemies_mean_T": [
    150,
    10282,
    20332,
    30460,
    40518,
    50635,
    60685
  ],
  "ep_length_mean": [
    150.0,
    144.74285714285713,
    150.0,
    142.64788732394365,
    141.66197183098592,
    148.77941176470588,
    150.0
  ],
  "ep_length_mean_T": [
    150,
    10282,
    20332,
    30460,
    40518,
    50635,
    60685
  ],
  "episode": [
    70,
    137,
    208,
    279,
    347,
    414
  ],
  "episode_T": [
    10132,
    20182,
    30310,
    40368,
    50485,
    60535
  ],
  "epsilon": [
    0.995,
    0.8992526,
    0.8042800999999999,
    0.7085705,
    0.6135224,
    0.51791675,
    0.42294425
  ],
  "epsilon_T": [
    150,
    10282,
    20332,
    30460,
    40518,
    50635,
    60685
  ],
  "grad_norm": [
    {
      "py/reduce": [
        {
          "py/function": "torch._utils._rebuild_tensor_v2"
        },
        {
          "py/tuple": [
            {
              "py/reduce": [
                {
                  "py/function": "torch.storage._load_from_bytes"
                },
                {
                  "py/tuple": [
                    {
                      "py/b64": "gAKKCmz8nEb5IGqoUBkugAJN6QMugAJ9cQAoWBAAAABwcm90b2NvbF92ZXJzaW9ucQFN6QNYDQAAAGxpdHRsZV9lbmRpYW5xAohYCgAAAHR5cGVfc2l6ZXNxA31xBChYBQAAAHNob3J0cQVLAlgDAAAAaW50cQZLBFgEAAAAbG9uZ3EHSwR1dS6AAihYBwAAAHN0b3JhZ2VxAGN0b3JjaApGbG9hdFN0b3JhZ2UKcQFYDgAAADkzODM2NTE1NjIwNDY0cQJYBgAAAGN1ZGE6MHEDSwFOdHEEUS6AAl1xAFgOAAAAOTM4MzY1MTU2MjA0NjRxAWEuAQAAAAAAAAB9TwlA"
                    }
                  ]
                }
              ]
            },
            0,
            {
              "py/tuple": []
            },
            {
              "py/tuple": []
            },
            false,
            {
              "py/reduce": [
                {
                  "py/type": "collections.OrderedDict"
                },
                {
                  "py/tuple": []
                },
                null,
                null,
                {
                  "py/tuple": []
                }
              ]
            }
          ]
        }
      ]
    },
    {
      "py/reduce": [
        {
          "py/function": "torch._utils._rebuild_tensor_v2"
        },
        {
          "py/tuple": [
            {
              "py/reduce": [
                {
                  "py/function": "torch.storage._load_from_bytes"
                },
                {
                  "py/tuple": [
                    {
                      "py/b64": "gAKKCmz8nEb5IGqoUBkugAJN6QMugAJ9cQAoWBAAAABwcm90b2NvbF92ZXJzaW9ucQFN6QNYDQAAAGxpdHRsZV9lbmRpYW5xAohYCgAAAHR5cGVfc2l6ZXNxA31xBChYBQAAAHNob3J0cQVLAlgDAAAAaW50cQZLBFgEAAAAbG9uZ3EHSwR1dS6AAihYBwAAAHN0b3JhZ2VxAGN0b3JjaApGbG9hdFN0b3JhZ2UKcQFYDgAAADkzODM2MjQxODA2NjU2cQJYBgAAAGN1ZGE6MHEDSwFOdHEEUS6AAl1xAFgOAAAAOTM4MzYyNDE4MDY2NTZxAWEuAQAAAAAAAAD+3zc+"
                    }
                  ]
                }
              ]
            },
            0,
            {
              "py/tuple": []
            },
            {
              "py/tuple": []
            },
            false,
            {
              "py/reduce": [
                {
                  "py/type": "collections.OrderedDict"
                },
                {
                  "py/tuple": []
                },
                null,
                null,
                {
                  "py/tuple": []
                }
              ]
            }
          ]
        }
      ]
    },
    {
      "py/reduce": [
        {
          "py/function": "torch._utils._rebuild_tensor_v2"
        },
        {
          "py/tuple": [
            {
              "py/reduce": [
                {
                  "py/function": "torch.storage._load_from_bytes"
                },
                {
                  "py/tuple": [
                    {
                      "py/b64": "gAKKCmz8nEb5IGqoUBkugAJN6QMugAJ9cQAoWBAAAABwcm90b2NvbF92ZXJzaW9ucQFN6QNYDQAAAGxpdHRsZV9lbmRpYW5xAohYCgAAAHR5cGVfc2l6ZXNxA31xBChYBQAAAHNob3J0cQVLAlgDAAAAaW50cQZLBFgEAAAAbG9uZ3EHSwR1dS6AAihYBwAAAHN0b3JhZ2VxAGN0b3JjaApGbG9hdFN0b3JhZ2UKcQFYDgAAADkzODM2MjM1OTM1NTM2cQJYBgAAAGN1ZGE6MHEDSwFOdHEEUS6AAl1xAFgOAAAAOTM4MzYyMzU5MzU1MzZxAWEuAQAAAAAAAADVB0E9"
                    }
                  ]
                }
              ]
            },
            0,
            {
              "py/tuple": []
            },
            {
              "py/tuple": []
            },
            false,
            {
              "py/reduce": [
                {
                  "py/type": "collections.OrderedDict"
                },
                {
                  "py/tuple": []
                },
                null,
                null,
                {
                  "py/tuple": []
                }
              ]
            }
          ]
        }
      ]
    },
    {
      "py/reduce": [
        {
          "py/function": "torch._utils._rebuild_tensor_v2"
        },
        {
          "py/tuple": [
            {
              "py/reduce": [
                {
                  "py/function": "torch.storage._load_from_bytes"
                },
                {
                  "py/tuple": [
                    {
                      "py/b64": "gAKKCmz8nEb5IGqoUBkugAJN6QMugAJ9cQAoWBAAAABwcm90b2NvbF92ZXJzaW9ucQFN6QNYDQAAAGxpdHRsZV9lbmRpYW5xAohYCgAAAHR5cGVfc2l6ZXNxA31xBChYBQAAAHNob3J0cQVLAlgDAAAAaW50cQZLBFgEAAAAbG9uZ3EHSwR1dS6AAihYBwAAAHN0b3JhZ2VxAGN0b3JjaApGbG9hdFN0b3JhZ2UKcQFYDgAAADkzODM2MjM3Njc1ODI0cQJYBgAAAGN1ZGE6MHEDSwFOdHEEUS6AAl1xAFgOAAAAOTM4MzYyMzc2NzU4MjRxAWEuAQAAAAAAAACDTdk8"
                    }
                  ]
                }
              ]
            },
            0,
            {
              "py/tuple": []
            },
            {
              "py/tuple": []
            },
            false,
            {
              "py/reduce": [
                {
                  "py/type": "collections.OrderedDict"
                },
                {
                  "py/tuple": []
                },
                null,
                null,
                {
                  "py/tuple": []
                }
              ]
            }
          ]
        }
      ]
    },
    {
      "py/reduce": [
        {
          "py/function": "torch._utils._rebuild_tensor_v2"
        },
        {
          "py/tuple": [
            {
              "py/reduce": [
                {
