{
  "alpha": [
    0.9323005676269531
  ],
  "alpha_T": [
    20793
  ],
  "alpha_loss": [
    -19.55545425415039
  ],
  "alpha_loss_T": [
    20793
  ],
  "battle_won_mean": [
    0.0,
    0.0,
    0.0
  ],
  "battle_won_mean_T": [
    68,
    10119,
    20275
  ],
  "central_loss": [
    0.030804216861724854
  ],
  "central_loss_T": [
    20793
  ],
  "comm_loss": [
    0.5545892715454102
  ],
  "comm_loss_T": [
    20793
  ],
  "dead_allies_mean": [
    14.0,
    14.661538461538461,
    14.254237288135593
  ],
  "dead_allies_mean_T": [
    68,
    10119,
    20275
  ],
  "dead_enemies_mean": [
    0.0,
    0.046153846153846156,
    0.1016949152542373
  ],
  "dead_enemies_mean_T": [
    68,
    10119,
    20275
  ],
  "delta_ally_mean": [
    597.5,
    1364.8492074819712,
    1522.8008433196503
  ],
  "delta_ally_mean_T": [
    68,
    10119,
    20275
  ],
  "delta_deaths_mean": [
    -70.0,
    -72.84615384615384,
    -70.2542372881356
  ],
  "delta_deaths_mean_T": [
    68,
    10119,
    20275
  ],
  "delta_enemy_mean": [
    48.0,
    54.50769230769231,
    52.79661016949152
  ],
  "delta_enemy_mean_T": [
    68,
    10119,
    20275
  ],
  "ep_length_mean": [
    68.0,
    154.63076923076923,
    172.135593220339
  ],
  "ep_length_mean_T": [
    68,
    10119,
    20275
  ],
  "episode": [
    66,
    125
  ],
  "episode_T": [
    10119,
    20275
  ],
  "epsilon": [
    0.995,
    0.9010670000000001,
    0.8051495
  ],
  "epsilon_T": [
    68,
    10119,
    20275
  ],
  "grad_norm": [
    {
      "py/reduce": [
        {
          "py/function": "torch._utils._rebuild_tensor_v2"
        },
        {
          "py/tuple": [
            {
              "py/reduce": [
                {
                  "py/function": "torch.storage._load_from_bytes"
                },
                {
                  "py/tuple": [
                    {
                      "py/b64": "gAKKCmz8nEb5IGqoUBkugAJN6QMugAJ9cQAoWBAAAABwcm90b2NvbF92ZXJzaW9ucQFN6QNYDQAAAGxpdHRsZV9lbmRpYW5xAohYCgAAAHR5cGVfc2l6ZXNxA31xBChYBQAAAHNob3J0cQVLAlgDAAAAaW50cQZLBFgEAAAAbG9uZ3EHSwR1dS6AAihYBwAAAHN0b3JhZ2VxAGN0b3JjaApGbG9hdFN0b3JhZ2UKcQFYDgAAADk0MzIwMzk4MjYyMjA4cQJYBgAAAGN1ZGE6MHEDSwFOdHEEUS6AAl1xAFgOAAAAOTQzMjAzOTgyNjIyMDhxAWEuAQAAAAAAAACMRI0/"
                    }
                  ]
                }
              ]
            },
            0,
            {
              "py/tuple": []
            },
            {
              "py/tuple": []
            },
            false,
            {
              "py/reduce": [
                {
                  "py/type": "collections.OrderedDict"
                },
                {
                  "py/tuple": []
                },
                null,
                null,
                {
                  "py/tuple": []
                }
              ]
            }
          ]
        }
      ]
    }
  ],
  "grad_norm_T": [
    20793
  ],
  "loss": [
    0.627560555934906
  ],
  "loss_T": [
    20793
  ],
  "mixer_norm": [
    0.7819418545109583
  ],
  "mixer_norm_T": [
    20793
  ],
  "policy_loss": [
    0.07102859020233154
  ],
  "policy_loss_T": [
    20793
  ],
  "q_taken_mean": [
    -0.0032944270830985037
  ],
  "q_taken_mean_T": [
    20793
  ],
  "qmix_loss": [
    0.04216708615422249
  ],
  "qmix_loss_T": [
    20793
  ],
  "reward_mean": [
    -4.916666666666669,
    -10.977679912860573,
    -12.224273574907098
  ],
  "reward_mean_T": [
    68,
    10119,
    20275
  ],
  "reward_shaping/weight": [
    0.099,
    0.09801,
    0.0970299,
    0.096059601,
    0.09509900499,
    0.0941480149401,
    0.093206534790699,
    0.09227446944279201,
    0.09135172474836409,
    0.09043820750088044,
    0.08953382542587164,
    0.08863848717161292,
    0.08775210229989679,
    0.08687458127689782,
    0.08600583546412884,
    0.08514577710948755,
    0.08429431933839267,
    0.08345137614500873,
    0.08261686238355864,
    0.08179069375972306,
    0.08097278682212583,
    0.08016305895390458,
    0.07936142836436554,
    0.07856781408072187,
    0.07778213593991465,
    0.0770043145805155,
    0.07623427143471034,
    0.07547192872036323,
    0.0747172094331596,
    0.073970037338828,
    0.07323033696543972,
    0.07249803359578533,
    0.07177305325982747,
    0.0710553227272292,
    0.07034476949995691,
    0.06964132180495734,
    0.06894490858690777,
    0.06825545950103869,
    0.0675729049060283,
    0.06689717585696801,
    0.06622820409839833,
    0.06556592205741435,
    0.0649102628368402,
    0.06426116020847181,
    0.06361854860638709,
    0.06298236312032322,
    0.06235253948911999,
    0.06172901409422879,
    0.061111723953286505,
    0.06050060671375364,
    0.0598956006466161,
    0.05929664464014994,
    0.05870367819374844,
    0.05811664141181096,
    0.05753547499769285,
    0.05696012024771592,
    0.05639051904523876,
    0.05582661385478637,
    0.05526834771623851,
    0.054715664239076124,
    0.054168507596685365,
    0.053626822520718515,
    0.05309055429551133,
    0.05255964875255621,
    0.05203405226503065,
    0.05151371174238034,
    0.050998574624956536
  ],
  "reward_shaping/weight_T": [
    20793,
    20963,
    21139,
    21300,
    21481,
    21537,
    21592,
    21768,
    21885,
    21932,
    21993,
    22058,
    22232,
    22387,
    22568,
    22741,
    22917,
    23093,
    23274,
    23464,
    23639,
    23821,
    24003,
    24175,
    24348,
    24531,
    24706,
    24888,
    25069,
    25210,
    25268,
    25456,
    25516,
    25697,
    25885,
    26060,
    26235,
    26285,
    26347,
    26407,
    26469,
    26520,
    26581,
    26625,
    26687,
    26746,
    26805,
    26870,
    27056,
    27235,
    27296,
    27360,
    27543,
    27605,
    27671,
    27733,
    27797,
    27861,
    27926,
    28078,
    28138,
    28318,
    28497,
    28567,
    28626,
    28808,
    28867
  ],
  "reward_std": [
    0.0,
    3.710615387802524,
    2.518174334680108
  ],
  "reward_std_T": [
    68,
    10119,
    20275
  ],
  "target_mean": [
    -0.014011749794477108
  ],
  "target_mean_T": [
    20793
  ],
  "td_error_abs": [
    0.22158657755163996
  ],
  "td_error_abs_T": [
    20793
  ],
  "test_battle_won_mean": [
    0.0,
    0.0,
    0.0
  ],
  "test_battle_won_mean_T": [
    68,
    10119,
    20275
  ],
  "test_dead_allies_mean": [
    0.0,
    0.0,
    0.0
  ],
  "test_dead_allies_mean_T": [
    68,
    10119,
    20275
  ],
  "test_dead_enemies_mean": [
    0.0,
    0.0,
    0.0
  ],
  "test_dead_enemies_mean_T": [
    68,
    10119,
    20275
  ],
  "test_delta_ally_mean": [
    0.0,
    0.0,
    0.0
  ],
  "test_delta_ally_mean_T": [
    68,
    10119,
    20275
  ],
  "test_delta_deaths_mean": [
    0.0,
    0.0,
    0.0
  ],
  "test_delta_deaths_mean_T": [
    68,
    10119,
    20275
  ],
  "test_delta_enemy_mean": [
    0.0,
    0.0,
    0.0
  ],
  "test_delta_enemy_mean_T": [
    68,
    10119,
    20275
  ],
  "test_ep_length_mean": [
    200.0,
    200.0,
    200.0
  ],
  "test_ep_length_mean_T": [
    68,
    10119,
    20275
  ],
  "test_reward_mean": [
    0.0,
    0.0,
    0.0
  ],
  "test_reward_mean_T": [
    68,
    10119,
    20275
  ],
  "test_reward_std": [
    0.0,
    0.0,
    0.0
  ],
  "test_reward_std_T": [
    68,
    10119,
    20275
  ],
  "w_to_use": [
    0.6930404901504517
  ],
  "w_to_use_T": [
    20793
  ]
}