{
  "alpha": [
    0.9323005676269531,
    0.9239451289176941,
    0.9161137938499451
  ],
  "alpha_T": [
    19971,
    30012,
    40097
  ],
  "alpha_loss": [
    -19.572097778320312,
    -19.614334106445312,
    -19.63715362548828
  ],
  "alpha_loss_T": [
    19971,
    30012,
    40097
  ],
  "battle_won_mean": [
    0.0,
    0.0,
    0.0,
    0.0,
    0.0
  ],
  "battle_won_mean_T": [
    68,
    10182,
    20334,
    30384,
    40473
  ],
  "central_loss": [
    0.03126611188054085,
    0.005661873146891594,
    0.002788886893540621
  ],
  "central_loss_T": [
    19971,
    30012,
    40097
  ],
  "comm_loss": [
    0.5807358026504517,
    0.061358679085969925,
    0.04317009449005127
  ],
  "comm_loss_T": [
    19971,
    30012,
    40097
  ],
  "dead_allies_mean": [
    14.0,
    14.602941176470589,
    14.262295081967213,
    14.119565217391305,
    14.060240963855422
  ],
  "dead_allies_mean_T": [
    68,
    10182,
    20334,
    30384,
    40473
  ],
  "dead_enemies_mean": [
    0.0,
    0.058823529411764705,
    0.06557377049180328,
    0.15217391304347827,
    0.18072289156626506
  ],
  "dead_enemies_mean_T": [
    68,
    10182,
    20334,
    30384,
    40473
  ],
  "delta_ally_mean": [
    597.5,
    1324.9314144358916,
    1494.286340932377,
    1002.2870350713315,
    1057.237642954631
  ],
  "delta_ally_mean_T": [
    68,
    10182,
    20334,
    30384,
    40473
  ],
  "delta_deaths_mean": [
    -70.0,
    -72.42647058823529,
    -70.65573770491804,
    -69.07608695652173,
    -68.855421686747
  ],
  "delta_deaths_mean_T": [
    68,
    10182,
    20334,
    30384,
    40473
  ],
  "delta_enemy_mean": [
    48.0,
    49.86764705882353,
    46.24590163934426,
    56.22826086956522,
    53.674698795180724
  ],
  "delta_enemy_mean_T": [
    68,
    10182,
    20334,
    30384,
    40473
  ],
  "ep_length_mean": [
    68.0,
    148.73529411764707,
    166.4262295081967,
    109.23913043478261,
    121.55421686746988
  ],
  "ep_length_mean_T": [
    68,
    10182,
    20334,
    30384,
    40473
  ],
  "episode": [
    68,
    129,
    220,
    304
  ],
  "episode_T": [
    10000,
    20152,
    30260,
    40289
  ],
  "epsilon": [
    0.995,
    0.91625,
    0.836303,
    0.756206375,
    0.677724125
  ],
  "epsilon_T": [
    68,
    10182,
    20334,
    30384,
    40473
  ],
  "grad_norm": [
    {
      "py/reduce": [
        {
          "py/function": "torch._utils._rebuild_tensor_v2"
        },
        {
          "py/tuple": [
            {
              "py/reduce": [
                {
                  "py/function": "torch.storage._load_from_bytes"
                },
                {
                  "py/tuple": [
                    {
                      "py/b64": "gAKKCmz8nEb5IGqoUBkugAJN6QMugAJ9cQAoWBAAAABwcm90b2NvbF92ZXJzaW9ucQFN6QNYDQAAAGxpdHRsZV9lbmRpYW5xAohYCgAAAHR5cGVfc2l6ZXNxA31xBChYBQAAAHNob3J0cQVLAlgDAAAAaW50cQZLBFgEAAAAbG9uZ3EHSwR1dS6AAihYBwAAAHN0b3JhZ2VxAGN0b3JjaApGbG9hdFN0b3JhZ2UKcQFYDgAAADk0NzU5MDE3NzM3MDcycQJYBgAAAGN1ZGE6MHEDSwFOdHEEUS6AAl1xAFgOAAAAOTQ3NTkwMTc3MzcwNzJxAWEuAQAAAAAAAADjgpE/"
                    }
                  ]
                }
              ]
            },
            0,
            {
              "py/tuple": []
            },
            {
              "py/tuple": []
            },
            false,
            {
              "py/reduce": [
                {
                  "py/type": "collections.OrderedDict"
                },
                {
                  "py/tuple": []
                },
                null,
                null,
                {
                  "py/tuple": []
                }
              ]
            }
          ]
        }
      ]
    },
    {
      "py/reduce": [
        {
          "py/function": "torch._utils._rebuild_tensor_v2"
        },
        {
          "py/tuple": [
            {
              "py/reduce": [
                {
                  "py/function": "torch.storage._load_from_bytes"
                },
                {
                  "py/tuple": [
                    {
                      "py/b64": "gAKKCmz8nEb5IGqoUBkugAJN6QMugAJ9cQAoWBAAAABwcm90b2NvbF92ZXJzaW9ucQFN6QNYDQAAAGxpdHRsZV9lbmRpYW5xAohYCgAAAHR5cGVfc2l6ZXNxA31xBChYBQAAAHNob3J0cQVLAlgDAAAAaW50cQZLBFgEAAAAbG9uZ3EHSwR1dS6AAihYBwAAAHN0b3JhZ2VxAGN0b3JjaApGbG9hdFN0b3JhZ2UKcQFYDwAAADE0MDAxMDE5MDE0MjE0NHECWAYAAABjdWRhOjBxA0sBTnRxBFEugAJdcQBYDwAAADE0MDAxMDE5MDE0MjE0NHEBYS4BAAAAAAAAAOcVQD4="
                    }
                  ]
                }
              ]
            },
            0,
            {
              "py/tuple": []
            },
            {
              "py/tuple": []
            },
            false,
            {
              "py/reduce": [
                {
                  "py/type": "collections.OrderedDict"
                },
                {
                  "py/tuple": []
                },
                null,
                null,
                {
                  "py/tuple": []
                }
              ]
            }
          ]
        }
      ]
    },
    {
      "py/reduce": [
        {
          "py/function": "torch._utils._rebuild_tensor_v2"
        },
        {
          "py/tuple": [
            {
              "py/reduce": [
                {
                  "py/function": "torch.storage._load_from_bytes"
                },
                {
                  "py/tuple": [
                    {
                      "py/b64": "gAKKCmz8nEb5IGqoUBkugAJN6QMugAJ9cQAoWBAAAABwcm90b2NvbF92ZXJzaW9ucQFN6QNYDQAAAGxpdHRsZV9lbmRpYW5xAohYCgAAAHR5cGVfc2l6ZXNxA31xBChYBQAAAHNob3J0cQVLAlgDAAAAaW50cQZLBFgEAAAAbG9uZ3EHSwR1dS6AAihYBwAAAHN0b3JhZ2VxAGN0b3JjaApGbG9hdFN0b3JhZ2UKcQFYDwAAADE0MDAxMDE2ODQ5ODAzMnECWAYAAABjdWRhOjBxA0sBTnRxBFEugAJdcQBYDwAAADE0MDAxMDE2ODQ5ODAzMnEBYS4BAAAAAAAAAER8Dz0="
                    }
                  ]
                }
              ]
            },
            0,
            {
              "py/tuple": []
            },
            {
              "py/tuple": []
            },
            false,
            {
              "py/reduce": [
                {
                  "py/type": "collections.OrderedDict"
                },
                {
                  "py/tuple": []
                },
                null,
                null,
                {
                  "py/tuple": []
                }
              ]
            }
          ]
        }
      ]
    }
  ],
  "grad_norm_T": [
    19971,
    30012,
    40097
  ],
  "loss": [
    0.6555877327919006,
    0.07892481982707977,
    0.052034590393304825
  ],
  "loss_T": [
    19971,
    30012,
    40097
  ],
  "mixer_norm": [
    0.8095867766302707,
    0.15202630623517646,
    0.017331625980147817
  ],
  "mixer_norm_T": [
    19971,
    30012,
    40097
  ],
  "policy_loss": [
    0.06152055412530899,
    -0.5398890972137451,
    -0.5144737958908081
  ],
  "policy_loss_T": [
    19971,
    30012,
    40097
  ],
  "q_taken_mean": [
    -0.003218011453521669,
    -0.02050322273443308,
    -0.02321579041891076
  ],
  "q_taken_mean_T": [
    19971,
    30012,
    40097
  ],
  "qmix_loss": [
    0.043585799634456635,
    0.011904270388185978,
    0.006075608544051647
  ],
  "qmix_loss_T": [
    19971,
    30012,
    40097
  ],
  "reward_mean": [
    -4.916666666666669,
    -10.694366967978599,
    -12.053144261888495,
    -8.056625882208634,
    -8.511256871795215
  ],
  "reward_mean_T": [
    68,
    10182,
    20334,
    30384,
    40473
  ],