{
  "battle_won_mean": [
    0.0,
    0.0
  ],
  "battle_won_mean_T": [
    65,
    10126
  ],
  "dead_allies_mean": [
    16.0,
    15.5
  ],
  "dead_allies_mean_T": [
    65,
    10126
  ],
  "dead_enemies_mean": [
    0.0,
    0.0
  ],
  "dead_enemies_mean_T": [
    65,
    10126
  ],
  "delta_ally_mean": [
    280.0,
    716.4801055163872
  ],
  "delta_ally_mean_T": [
    65,
    10126
  ],
  "delta_deaths_mean": [
    -80.0,
    -77.5
  ],
  "delta_deaths_mean_T": [
    65,
    10126
  ],
  "delta_enemy_mean": [
    5.0,
    6.7682926829268295
  ],
  "delta_enemy_mean_T": [
    65,
    10126
  ],
  "ep_length_mean": [
    65.0,
    122.6951219512195
  ],
  "ep_length_mean_T": [
    65,
    10126
  ],
  "episode": [
    83
  ],
  "episode_T": [
    10126
  ],
  "epsilon": [
    0.995,
    0.90088745
  ],
  "epsilon_T": [
    65,
    10126
  ],
  "reward_mean": [
    -3.1004366812227073,
    -6.875212339156846
  ],
  "reward_mean_T": [
    65,
    10126
  ],
  "reward_std": [
    0.0,
    2.9990644674271993
  ],
  "reward_std_T": [
    65,
    10126
  ],
  "test_battle_won_mean": [
    0.0,
    0.0
  ],
  "test_battle_won_mean_T": [
    65,
    10126
  ],
  "test_dead_allies_mean": [
    15.96875,
    16.0
  ],
  "test_dead_allies_mean_T": [
    65,
    10126
  ],
  "test_dead_enemies_mean": [
    0.0,
    0.0
  ],
  "test_dead_enemies_mean_T": [
    65,
    10126
  ],
  "test_delta_ally_mean": [
    371.015625,
    348.671875
  ],
  "test_delta_ally_mean_T": [
    65,
    10126
  ],
  "test_delta_deaths_mean": [
    -79.84375,
    -80.0
  ],
  "test_delta_deaths_mean_T": [
    65,
    10126
  ],
  "test_delta_enemy_mean": [
    5.0,
    5.46875
  ],
  "test_delta_enemy_mean_T": [
    65,
    10126
  ],
  "test_ep_length_mean": [
    63.75,
    59.15625
  ],
  "test_ep_length_mean_T": [
    65,
    10126
  ],
  "test_reward_mean": [
    -3.8939683406113517,
    -3.696097161572051
  ],
  "test_reward_mean_T": [
    65,
    10126
  ],
  "test_reward_std": [
    2.113084326829707,
    1.8829997562540737
  ],
  "test_reward_std_T": [
    65,
    10126
  ]
}