{
  "alpha": [
    0.9323005676269531
  ],
  "alpha_T": [
    24710
  ],
  "alpha_loss": [
    -12.344929695129395
  ],
  "alpha_loss_T": [
    24710
  ],
  "battle_won_mean": [
    0.0,
    0.0,
    0.0
  ],
  "battle_won_mean_T": [
    235,
    10436,
    20614
  ],
  "central_loss": [
    0.009697363711893559
  ],
  "central_loss_T": [
    24710
  ],
  "comm_loss": [
    0.3381918966770172
  ],
  "comm_loss_T": [
    24710
  ],
  "dead_allies_mean": [
    5.0,
    3.0689655172413794,
    3.32
  ],
  "dead_allies_mean_T": [
    235,
    10436,
    20614
  ],
  "dead_enemies_mean": [
    1.0,
    0.06896551724137931,
    0.04
  ],
  "dead_enemies_mean_T": [
    235,
    10436,
    20614
  ],
  "delta_ally_mean": [
    682.21875,
    367.3639715786638,
    516.969873046875
  ],
  "delta_ally_mean_T": [
    235,
    10436,
    20614
  ],
  "delta_deaths_mean": [
    -15.0,
    -14.655172413793103,
    -16.2
  ],
  "delta_deaths_mean_T": [
    235,
    10436,
    20614
  ],
  "delta_enemy_mean": [
    -739.84375,
    -781.2572400323276,
    -864.1278125
  ],
  "delta_enemy_mean_T": [
    235,
    10436,
    20614
  ],
  "ep_length_mean": [
    235.0,
    175.8793103448276,
    203.56
  ],
  "ep_length_mean_T": [
    235,
    10436,
    20614
  ],
  "episode": [
    58,
    108
  ],
  "episode_T": [
    10219,
    20400
  ],
  "epsilon": [
    0.995,
    0.89843045,
    0.80222
  ],
  "epsilon_T": [
    235,
    10436,
    20614
  ],
  "grad_norm": [
    {
      "py/reduce": [
        {
          "py/function": "torch._utils._rebuild_tensor_v2"
        },
        {
          "py/tuple": [
            {
              "py/reduce": [
                {
                  "py/function": "torch.storage._load_from_bytes"
                },
                {
                  "py/tuple": [
                    {
                      "py/b64": "gAKKCmz8nEb5IGqoUBkugAJN6QMugAJ9cQAoWBAAAABwcm90b2NvbF92ZXJzaW9ucQFN6QNYDQAAAGxpdHRsZV9lbmRpYW5xAohYCgAAAHR5cGVfc2l6ZXNxA31xBChYBQAAAHNob3J0cQVLAlgDAAAAaW50cQZLBFgEAAAAbG9uZ3EHSwR1dS6AAihYBwAAAHN0b3JhZ2VxAGN0b3JjaApGbG9hdFN0b3JhZ2UKcQFYDgAAADk0MjMwMTczMjA4NTEycQJYBgAAAGN1ZGE6MHEDSwFOdHEEUS6AAl1xAFgOAAAAOTQyMzAxNzMyMDg1MTJxAWEuAQAAAAAAAABbA38/"
                    }
                  ]
                }
              ]
            },
            0,
            {
              "py/tuple": []
            },
            {
              "py/tuple": []
            },
            false,
            {
              "py/reduce": [
                {
                  "py/type": "collections.OrderedDict"
                },
                {
                  "py/tuple": []
                },
                null,
                null,
                {
                  "py/tuple": []
                }
              ]
            }
          ]
        }
      ]
    }
  ],
  "grad_norm_T": [
    24710
  ],
  "loss": [
    0.3790416717529297
  ],
  "loss_T": [
    24710
  ],
  "mixer_norm": [
    0.8368031603957101
  ],
  "mixer_norm_T": [
    24710
  ],
  "policy_loss": [
    -0.46713241934776306
  ],
  "policy_loss_T": [
    24710
  ],
  "q_taken_mean": [
    -0.0034893926996738558
  ],
  "q_taken_mean_T": [
    24710
  ],
  "qmix_loss": [
    0.03115241229534149
  ],
  "qmix_loss_T": [
    24710
  ],
  "reward_mean": [
    -9.18250798722044,
    -7.433075936260602,
    -8.92841971595447
  ],
  "reward_mean_T": [
    235,
    10436,
    20614
  ],
  "reward_shaping/weight": [
    0.099,
    0.09801,
    0.0970299,
    0.096059601,
    0.09509900499,
    0.0941480149401,
    0.093206534790699,
    0.09227446944279201,
    0.09135172474836409,
    0.09043820750088044,
    0.08953382542587164,
    0.08863848717161292,
    0.08775210229989679,
    0.08687458127689782,
    0.08600583546412884,
    0.08514577710948755,
    0.08429431933839267,
    0.08345137614500873,
    0.08261686238355864,
    0.08179069375972306,
    0.08097278682212583,
    0.08016305895390458,
    0.07936142836436554,
    0.07856781408072187,
    0.07778213593991465,
    0.0770043145805155,
    0.07623427143471034,
    0.07547192872036323
  ],
  "reward_shaping/weight_T": [
    24710,
    24918,
    24981,
    25205,
    25441,
    25662,
    25885,
    26096,
    26319,
    26542,
    26738,
    26959,
    27175,
    27361,
    27575,
    27792,
    27995,
    28213,
    28285,
    28519,
    28734,
    28848,
    29019,
    29167,
    29383,
    29598,
    29813,
    29917
  ],
  "reward_std": [
    0.0,
    2.969867993496971,
    1.8525009758374138
  ],
  "reward_std_T": [
    235,
    10436,
    20614
  ],
  "target_mean": [
    -0.015010284666717253
  ],
  "target_mean_T": [
    24710
  ],
  "td_error_abs": [
    0.17642141023371105
  ],
  "td_error_abs_T": [
    24710
  ],
  "test_battle_won_mean": [
    0.0,
    0.0,
    0.0
  ],
  "test_battle_won_mean_T": [
    235,
    10436,
    20614
  ],
  "test_dead_allies_mean": [
    2.1875,
    2.375,
    2.125
  ],
  "test_dead_allies_mean_T": [
    235,
    10436,
    20614
  ],
  "test_dead_enemies_mean": [
    0.03125,
    0.0,
    0.03125
  ],
  "test_dead_enemies_mean_T": [
    235,
    10436,
    20614
  ],
  "test_delta_ally_mean": [
    566.3513336181641,
    575.494384765625,
    594.9734344482422
  ],
  "test_delta_ally_mean_T": [
    235,
    10436,
    20614
  ],
  "test_delta_deaths_mean": [
    -10.625,
    -11.875,
    -10.3125
  ],
  "test_delta_deaths_mean_T": [
    235,
    10436,
    20614
  ],
  "test_delta_enemy_mean": [
    -893.978515625,
    -898.978515625,
    -893.978515625
  ],
  "test_delta_enemy_mean_T": [
    235,
    10436,
    20614
  ],
  "test_ep_length_mean": [
    203.96875,
    204.875,
    205.03125
  ],
  "test_ep_length_mean_T": [
    235,
    10436,
    20614
  ],
  "test_reward_mean": [
    -9.399072519125648,
    -9.497430673422524,
    -9.579964537209214
  ],
  "test_reward_mean_T": [
    235,
    10436,
    20614
  ],
  "test_reward_std": [
    0.418030418823535,
    0.44032723340287655,
    0.49147102294128553
  ],
  "test_reward_std_T": [
    235,
    10436,
    20614
  ],
  "w_to_use": [
    0.6426901817321777
  ],
  "w_to_use_T": [
    24710
  ]
}