{
  "alpha": [
    0.9323005676269531
  ],
  "alpha_T": [
    25481
  ],
  "alpha_loss": [
    -6.843268871307373
  ],
  "alpha_loss_T": [
    25481
  ],
  "battle_won_mean": [
    0.0,
    0.0,
    0.0
  ],
  "battle_won_mean_T": [
    200,
    10325,
    20481
  ],
  "central_loss": [
    0.0006927897338755429
  ],
  "central_loss_T": [
    25481
  ],
  "comm_loss": [
    0.14914914965629578
  ],
  "comm_loss_T": [
    25481
  ],
  "dead_allies_mean": [
    0.0,
    0.49019607843137253,
    0.7254901960784313
  ],
  "dead_allies_mean_T": [
    200,
    10325,
    20481
  ],
  "dead_enemies_mean": [
    0.0,
    0.0392156862745098,
    0.0
  ],
  "dead_enemies_mean_T": [
    200,
    10325,
    20481
  ],
  "delta_ally_mean": [
    0.0,
    20.01593137254902,
    29.621323529411764
  ],
  "delta_ally_mean_T": [
    200,
    10325,
    20481
  ],
  "delta_deaths_mean": [
    0.0,
    -2.0588235294117645,
    -3.627450980392157
  ],
  "delta_deaths_mean_T": [
    200,
    10325,
    20481
  ],
  "delta_enemy_mean": [
    0.0,
    6.3001685049019605,
    6.5809302236519605
  ],
  "delta_enemy_mean_T": [
    200,
    10325,
    20481
  ],
  "ep_length_mean": [
    200.0,
    198.52941176470588,
    199.13725490196077
  ],
  "ep_length_mean_T": [
    200,
    10325,
    20481
  ],
  "episode": [
    51,
    102
  ],
  "episode_T": [
    10125,
    20281
  ],
  "epsilon": [
    0.995,
    0.89931875,
    0.80334455
  ],
  "epsilon_T": [
    200,
    10325,
    20481
  ],
  "grad_norm": [
    {
      "py/reduce": [
        {
          "py/function": "torch._utils._rebuild_tensor_v2"
        },
        {
          "py/tuple": [
            {
              "py/reduce": [
                {
                  "py/function": "torch.storage._load_from_bytes"
                },
                {
                  "py/tuple": [
                    {
                      "py/b64": "gAKKCmz8nEb5IGqoUBkugAJN6QMugAJ9cQAoWBAAAABwcm90b2NvbF92ZXJzaW9ucQFN6QNYDQAAAGxpdHRsZV9lbmRpYW5xAohYCgAAAHR5cGVfc2l6ZXNxA31xBChYBQAAAHNob3J0cQVLAlgDAAAAaW50cQZLBFgEAAAAbG9uZ3EHSwR1dS6AAihYBwAAAHN0b3JhZ2VxAGN0b3JjaApGbG9hdFN0b3JhZ2UKcQFYDgAAADk0NzY4NjYxNjgwODk2cQJYBgAAAGN1ZGE6MHEDSwFOdHEEUS6AAl1xAFgOAAAAOTQ3Njg2NjE2ODA4OTZxAWEuAQAAAAAAAAA0Bk09"
                    }
                  ]
                }
              ]
            },
            0,
            {
              "py/tuple": []
            },
            {
              "py/tuple": []
            },
            false,
            {
              "py/reduce": [
                {
                  "py/type": "collections.OrderedDict"
                },
                {
                  "py/tuple": []
                },
                null,
                null,
                {
                  "py/tuple": []
                }
              ]
            }
          ]
        }
      ]
    }
  ],
  "grad_norm_T": [
    25481
  ],
  "loss": [
    0.1505502313375473
  ],
  "loss_T": [
    25481
  ],
  "mixer_norm": [
    0.03154724709785659
  ],
  "mixer_norm_T": [
    25481
  ],
  "policy_loss": [
    0.016442768275737762
  ],
  "policy_loss_T": [
    25481
  ],
  "q_taken_mean": [
    0.00597398628512421
  ],
  "q_taken_mean_T": [
    25481
  ],
  "qmix_loss": [
    0.0007082959054969251
  ],
  "qmix_loss_T": [
    25481
  ],
  "reward_mean": [
    0.0,
    -0.026770617559709473,
    -0.04525726650174284
  ],
  "reward_mean_T": [
    200,
    10325,
    20481
  ],
  "reward_std": [
    0.0,
    0.052997257787423556,
    0.0728510355648613
  ],
  "reward_std_T": [
    200,
    10325,
    20481
  ],
  "target_mean": [
    0.002818287381253434
  ],
  "target_mean_T": [
    25481
  ],
  "td_error_abs": [
    0.028033271688647915
  ],
  "td_error_abs_T": [
    25481
  ],
  "test_battle_won_mean": [
    0.0,
    0.0,
    0.0
  ],
  "test_battle_won_mean_T": [
    200,
    10325,
    20481
  ],
  "test_dead_allies_mean": [
    0.0,
    0.0,
    0.0
  ],
  "test_dead_allies_mean_T": [
    200,
    10325,
    20481
  ],
  "test_dead_enemies_mean": [
    0.0,
    0.0,
    0.0
  ],
  "test_dead_enemies_mean_T": [
    200,
    10325,
    20481
  ],
  "test_delta_ally_mean": [
    0.0,
    0.0,
    0.0
  ],
  "test_delta_ally_mean_T": [
    200,
    10325,
    20481
  ],
  "test_delta_deaths_mean": [
    0.0,
    0.0,
    0.0
  ],
  "test_delta_deaths_mean_T": [
    200,
    10325,
    20481
  ],
  "test_delta_enemy_mean": [
    0.0,
    0.0,
    0.0
  ],
  "test_delta_enemy_mean_T": [
    200,
    10325,
    20481
  ],
  "test_ep_length_mean": [
    200.0,
    200.0,
    200.0
  ],
  "test_ep_length_mean_T": [
    200,
    10325,
    20481
  ],
  "test_reward_mean": [
    0.0,
    0.0,
    0.0
  ],
  "test_reward_mean_T": [
    200,
    10325,
    20481
  ],
  "test_reward_std": [
    0.0,
    0.0,
    0.0
  ],
  "test_reward_std_T": [
    200,
    10325,
    20481
  ],
  "w_to_use": [
    0.6396288871765137
  ],
  "w_to_use_T": [
    25481
  ]
}