{
  "alpha": [
    0.9323005676269531,
    0.917069137096405,
    0.8923667073249817,
    0.8669179081916809
  ],
  "alpha_T": [
    18832,
    28839,
    38841,
    48878
  ],
  "alpha_loss": [
    -30.50152587890625,
    -29.11886215209961,
    -29.14418601989746,
    -29.163034439086914
  ],
  "alpha_loss_T": [
    18832,
    28839,
    38841,
    48878
  ],
  "battle_won_mean": [
    0.0,
    0.0,
    0.0,
    0.0,
    0.0
  ],
  "battle_won_mean_T": [
    150,
    10282,
    20332,
    30389,
    40402
  ],
  "central_loss": [
    0.0010516075417399406,
    0.0005073052598163486,
    0.000278909137705341,
    0.00026576267555356026
  ],
  "central_loss_T": [
    18832,
    28839,
    38841,
    48878
  ],
  "comm_loss": [
    0.5653318166732788,
    0.006186892744153738,
    0.002628373447805643,
    0.0022389499936252832
  ],
  "comm_loss_T": [
    18832,
    28839,
    38841,
    48878
  ],
  "dead_allies_mean": [
    11.0,
    9.314285714285715,
    4.164179104477612,
    14.056122448979592,
    15.07168458781362
  ],
  "dead_allies_mean_T": [
    150,
    10282,
    20332,
    30389,
    40402
  ],
  "dead_enemies_mean": [
    1.0,
    0.18571428571428572,
    0.08955223880597014,
    0.00510204081632653,
    0.0
  ],
  "dead_enemies_mean_T": [
    150,
    10282,
    20332,
    30389,
    40402
  ],
  "delta_ally_mean": [
    247.5,
    236.81717878069196,
    101.63793580923507,
    400.2134760642538,
    430.69342412914426
  ],
  "delta_ally_mean_T": [
    150,
    10282,
    20332,
    30389,
    40402
  ],
  "delta_deaths_mean": [
    -45.0,
    -44.714285714285715,
    -19.925373134328357,
    -70.2295918367347,
    -75.3584229390681
  ],
  "delta_deaths_mean_T": [
    150,
    10282,
    20332,
    30389,
    40402
  ],
  "delta_enemy_mean": [
    150.0,
    46.49285714285714,
    14.746268656716419,
    118.67474489795919,
    132.40008960573476
  ],
  "delta_enemy_mean_T": [
    150,
    10282,
    20332,
    30389,
    40402
  ],
  "ep_length_mean": [
    150.0,
    144.74285714285713,
    150.0,
    51.31122448979592,
    35.888888888888886
  ],
  "ep_length_mean_T": [
    150,
    10282,
    20332,
    30389,
    40402
  ],
  "episode": [
    70,
    137,
    330,
    606
  ],
  "episode_T": [
    10132,
    20182,
    30206,
    40206
  ],
  "epsilon": [
    0.995,
    0.8992526,
    0.8042800999999999,
    0.70871225,
    0.6134846
  ],
  "epsilon_T": [
    150,
    10282,
    20332,
    30389,
    40402
  ],
  "grad_norm": [
    {
      "py/reduce": [
        {
          "py/function": "torch._utils._rebuild_tensor_v2"
        },
        {
          "py/tuple": [
            {
              "py/reduce": [
                {
                  "py/function": "torch.storage._load_from_bytes"
                },
                {
                  "py/tuple": [
                    {
                      "py/b64": "gAKKCmz8nEb5IGqoUBkugAJN6QMugAJ9cQAoWBAAAABwcm90b2NvbF92ZXJzaW9ucQFN6QNYDQAAAGxpdHRsZV9lbmRpYW5xAohYCgAAAHR5cGVfc2l6ZXNxA31xBChYBQAAAHNob3J0cQVLAlgDAAAAaW50cQZLBFgEAAAAbG9uZ3EHSwR1dS6AAihYBwAAAHN0b3JhZ2VxAGN0b3JjaApGbG9hdFN0b3JhZ2UKcQFYDgAAADk0NjgzMDk0NDI4NDk2cQJYBgAAAGN1ZGE6MHEDSwFOdHEEUS6AAl1xAFgOAAAAOTQ2ODMwOTQ0Mjg0OTZxAWEuAQAAAAAAAADkfas/"
                    }
                  ]
                }
              ]
            },
            0,
            {
              "py/tuple": []
            },
            {
              "py/tuple": []
            },
            false,
            {
              "py/reduce": [
                {
                  "py/type": "collections.OrderedDict"
                },
                {
                  "py/tuple": []
                },
                null,
                null,
                {
                  "py/tuple": []
                }
              ]
            }
          ]
        }
      ]
    },
    {
      "py/reduce": [
        {
          "py/function": "torch._utils._rebuild_tensor_v2"
        },
        {
          "py/tuple": [
            {
              "py/reduce": [
                {
                  "py/function": "torch.storage._load_from_bytes"
                },
                {
                  "py/tuple": [
                    {
                      "py/b64": "gAKKCmz8nEb5IGqoUBkugAJN6QMugAJ9cQAoWBAAAABwcm90b2NvbF92ZXJzaW9ucQFN6QNYDQAAAGxpdHRsZV9lbmRpYW5xAohYCgAAAHR5cGVfc2l6ZXNxA31xBChYBQAAAHNob3J0cQVLAlgDAAAAaW50cQZLBFgEAAAAbG9uZ3EHSwR1dS6AAihYBwAAAHN0b3JhZ2VxAGN0b3JjaApGbG9hdFN0b3JhZ2UKcQFYDgAAADk0NjgyOTk1NjA5NTIwcQJYBgAAAGN1ZGE6MHEDSwFOdHEEUS6AAl1xAFgOAAAAOTQ2ODI5OTU2MDk1MjBxAWEuAQAAAAAAAAB9PwI8"
                    }
                  ]
                }
              ]
            },
            0,
            {
              "py/tuple": []
            },
            {
              "py/tuple": []
            },
            false,
            {
              "py/reduce": [
                {
                  "py/type": "collections.OrderedDict"
                },
                {
                  "py/tuple": []
                },
                null,
                null,
                {
                  "py/tuple": []
                }
              ]
            }
          ]
        }
      ]
    },
    {
      "py/reduce": [
        {
          "py/function": "torch._utils._rebuild_tensor_v2"
        },
        {
          "py/tuple": [
            {
              "py/reduce": [
                {
                  "py/function": "torch.storage._load_from_bytes"
                },
                {
                  "py/tuple": [
                    {
                      "py/b64": "gAKKCmz8nEb5IGqoUBkugAJN6QMugAJ9cQAoWBAAAABwcm90b2NvbF92ZXJzaW9ucQFN6QNYDQAAAGxpdHRsZV9lbmRpYW5xAohYCgAAAHR5cGVfc2l6ZXNxA31xBChYBQAAAHNob3J0cQVLAlgDAAAAaW50cQZLBFgEAAAAbG9uZ3EHSwR1dS6AAihYBwAAAHN0b3JhZ2VxAGN0b3JjaApGbG9hdFN0b3JhZ2UKcQFYDgAAADk0NjgyOTU3NjczNjY0cQJYBgAAAGN1ZGE6MHEDSwFOdHEEUS6AAl1xAFgOAAAAOTQ2ODI5NTc2NzM2NjRxAWEuAQAAAAAAAADkxAo9"
                    }
                  ]
                }
              ]
            },
            0,
            {
              "py/tuple": []
            },
            {
              "py/tuple": []
            },
            false,
            {
              "py/reduce": [
                {
                  "py/type": "collections.OrderedDict"
                },
                {
                  "py/tuple": []
                },
                null,
                null,
                {
                  "py/tuple": []
                }
              ]
            }
          ]
        }
      ]
    },
    {
      "py/reduce": [
        {
          "py/function": "torch._utils._rebuild_tensor_v2"
        },
        {
          "py/tuple": [
            {
              "py/reduce": [
                {
                  "py/function": "torch.storage._load_from_bytes"
                },
                {
                  "py/tuple": [
                    {
                      "py/b64": "gAKKCmz8nEb5IGqoUBkugAJN6QMugAJ9cQAoWBAAAABwcm90b2NvbF92ZXJzaW9ucQFN6QNYDQAAAGxpdHRsZV9lbmRpYW5xAohYCgAAAHR5cGVfc2l6ZXNxA31xBChYBQAAAHNob3J0cQVLAlgDAAAAaW50cQZLBFgEAAAAbG9uZ3EHSwR1dS6AAihYBwAAAHN0b3JhZ2VxAGN0b3JjaApGbG9hdFN0b3JhZ2UKcQFYDgAAADk0NjgzMTA1MzUwMzIwcQJYBgAAAGN1ZGE6MHEDSwFOdHEEUS6AAl1xAFgOAAAAOTQ2ODMxMDUzNTAzMjBxAWEuAQAAAAAAAAAHTzk9"
                    }
                  ]
                }
              ]
            },
            0,
            {
              "py/tuple": []
            },
            {
              "py/tuple": []
            },
            false,
            {
              "py/reduce": [
                {
                  "py/type": "collections.OrderedDict"
                },
                {
                  "py/tuple": []
                },
                null,
                null,
                {
                  "py/tuple": []
                }
              ]
            }
          ]
        }
      ]
    }
  ],