{
  "battle_won_mean": [
    0.0,
    0.0
  ],
  "battle_won_mean_T": [
    150,
    10295
  ],
  "dead_allies_mean": [
    6.0,
    9.3
  ],
  "dead_allies_mean_T": [
    150,
    10295
  ],
  "dead_enemies_mean": [
    1.0,
    0.24285714285714285
  ],
  "dead_enemies_mean_T": [
    150,
    10295
  ],
  "delta_ally_mean": [
    169.0003662109375,
    255.29469168526785
  ],
  "delta_ally_mean_T": [
    150,
    10295
  ],
  "delta_deaths_mean": [
    -20.0,
    -44.07142857142857
  ],
  "delta_deaths_mean_T": [
    150,
    10295
  ],
  "delta_enemy_mean": [
    150.0,
    49.7125
  ],
  "delta_enemy_mean_T": [
    150,
    10295
  ],
  "ep_length_mean": [
    150.0,
    144.92857142857142
  ],
  "ep_length_mean_T": [
    150,
    10295
  ],
  "episode": [
    70
  ],
  "episode_T": [
    10145
  ],
  "epsilon": [
    0.995,
    0.89912975
  ],
  "epsilon_T": [
    150,
    10295
  ],
  "reward_mean": [
    -0.09274760097725919,
    -0.5937065880064127
  ],
  "reward_mean_T": [
    150,
    10295
  ],
  "reward_std": [
    0.0,
    0.24993201134670653
  ],
  "reward_std_T": [
    150,
    10295
  ],
  "test_battle_won_mean": [
    0.0,
    0.0
  ],
  "test_battle_won_mean_T": [
    150,
    10295
  ],
  "test_dead_allies_mean": [
    0.0,
    0.0
  ],
  "test_dead_allies_mean_T": [
    150,
    10295
  ],
  "test_dead_enemies_mean": [
    0.0,
    0.0
  ],
  "test_dead_enemies_mean_T": [
    150,
    10295
  ],
  "test_delta_ally_mean": [
    0.0,
    0.0
  ],
  "test_delta_ally_mean_T": [
    150,
    10295
  ],
  "test_delta_deaths_mean": [
    0.0,
    0.0
  ],
  "test_delta_deaths_mean_T": [
    150,
    10295
  ],
  "test_delta_enemy_mean": [
    0.0,
    0.0
  ],
  "test_delta_enemy_mean_T": [
    150,
    10295
  ],
  "test_ep_length_mean": [
    150.0,
    150.0
  ],
  "test_ep_length_mean_T": [
    150,
    10295
  ],
  "test_reward_mean": [
    0.0,
    0.0
  ],
  "test_reward_mean_T": [
    150,
    10295
  ],
  "test_reward_std": [
    0.0,
    0.0
  ],
  "test_reward_std_T": [
    150,
    10295
  ]
}