{
  "battle_won_mean": [
    0.0,
    0.0,
    0.0
  ],
  "battle_won_mean_T": [
    180,
    10238,
    20371
  ],
  "dead_allies_mean": [
    14.0,
    14.692307692307692,
    14.5
  ],
  "dead_allies_mean_T": [
    180,
    10238,
    20371
  ],
  "dead_enemies_mean": [
    0.0,
    0.1076923076923077,
    0.08620689655172414
  ],
  "dead_enemies_mean_T": [
    180,
    10238,
    20371
  ],
  "delta_ally_mean": [
    1697.14111328125,
    1365.2153170072115,
    1607.3836333176184
  ],
  "delta_ally_mean_T": [
    180,
    10238,
    20371
  ],
  "delta_deaths_mean": [
    -70.0,
    -72.38461538461539,
    -71.63793103448276
  ],
  "delta_deaths_mean_T": [
    180,
    10238,
    20371
  ],
  "delta_enemy_mean": [
    32.0,
    48.89230769230769,
    52.43103448275862
  ],
  "delta_enemy_mean_T": [
    180,
    10238,
    20371
  ],
  "ep_length_mean": [
    180.0,
    154.73846153846154,
    174.70689655172413
  ],
  "ep_length_mean_T": [
    180,
    10238,
    20371
  ],
  "episode": [
    65,
    123
  ],
  "episode_T": [
    10079,
    20189
  ],
  "epsilon": [
    0.995,
    0.89975345,
    0.8042139500000001
  ],
  "epsilon_T": [
    180,
    10238,
    20371
  ],
  "reward_mean": [
    -13.770961216517858,
    -11.02148908491682,
    -12.909448649756687
  ],
  "reward_mean_T": [
    180,
    10238,
    20371
  ],
  "reward_std": [
    0.0,
    3.4178453180715684,
    1.6152611451713692
  ],
  "reward_std_T": [
    180,
    10238,
    20371
  ],
  "test_battle_won_mean": [
    0.0,
    0.0,
    0.0
  ],
  "test_battle_won_mean_T": [
    180,
    10238,
    20371
  ],
  "test_dead_allies_mean": [
    7.6875,
    7.875,
    7.75
  ],
  "test_dead_allies_mean_T": [
    180,
    10238,
    20371
  ],
  "test_dead_enemies_mean": [
    0.0,
    0.09375,
    0.03125
  ],
  "test_dead_enemies_mean_T": [
    180,
    10238,
    20371
  ],
  "test_delta_ally_mean": [
    1414.570785522461,
    1425.6846389770508,
    1417.2572708129883
  ],
  "test_delta_ally_mean_T": [
    180,
    10238,
    20371
  ],
  "test_delta_deaths_mean": [
    -38.4375,
    -38.4375,
    -38.4375
  ],
  "test_delta_deaths_mean_T": [
    180,
    10238,
    20371
  ],
  "test_delta_enemy_mean": [
    1.5,
    4.71875,
    1.90625
  ],
  "test_delta_enemy_mean_T": [
    180,
    10238,
    20371
  ],
  "test_ep_length_mean": [
    161.8125,
    162.0625,
    160.875
  ],
  "test_ep_length_mean_T": [
    180,
    10238,
    20371
  ],
  "test_reward_mean": [
    -11.51990702795604,
    -11.582566579182942,
    -11.538004133436415
  ],
  "test_reward_mean_T": [
    180,
    10238,
    20371
  ],
  "test_reward_std": [
    0.15891130464580014,
    0.37657003587342863,
    0.17355084251317635
  ],
  "test_reward_std_T": [
    180,
    10238,
    20371
  ]
}