{
  "alpha": [
    0.9323005676269531
  ],
  "alpha_T": [
    20793
  ],
  "alpha_loss": [
    -19.55545425415039
  ],
  "alpha_loss_T": [
    20793
  ],
  "battle_won_mean": [
    0.0,
    0.0,
    0.0
  ],
  "battle_won_mean_T": [
    68,
    10119,
    20275
  ],
  "central_loss": [
    0.030804216861724854
  ],
  "central_loss_T": [
    20793
  ],
  "comm_loss": [
    0.5545892715454102
  ],
  "comm_loss_T": [
    20793
  ],
  "dead_allies_mean": [
    14.0,
    14.661538461538461,
    14.254237288135593
  ],
  "dead_allies_mean_T": [
    68,
    10119,
    20275
  ],
  "dead_enemies_mean": [
    0.0,
    0.046153846153846156,
    0.1016949152542373
  ],
  "dead_enemies_mean_T": [
    68,
    10119,
    20275
  ],
  "delta_ally_mean": [
    597.5,
    1364.8492074819712,
    1522.8008433196503
  ],
  "delta_ally_mean_T": [
    68,
    10119,
    20275
  ],
  "delta_deaths_mean": [
    -70.0,
    -72.84615384615384,
    -70.2542372881356
  ],
  "delta_deaths_mean_T": [
    68,
    10119,
    20275
  ],
  "delta_enemy_mean": [
    48.0,
    54.50769230769231,
    52.79661016949152
  ],
  "delta_enemy_mean_T": [
    68,
    10119,
    20275
  ],
  "ep_length_mean": [
    68.0,
    154.63076923076923,
    172.135593220339
  ],
  "ep_length_mean_T": [
    68,
    10119,
    20275
  ],
  "episode": [
    66,
    125
  ],
  "episode_T": [
    10119,
    20275
  ],
  "epsilon": [
    0.995,
    0.9010670000000001,
    0.8051495
  ],
  "epsilon_T": [
    68,
    10119,
    20275
  ],
  "grad_norm": [
    {
      "py/reduce": [
        {
          "py/function": "torch._utils._rebuild_tensor_v2"
        },
        {
          "py/tuple": [
            {
              "py/reduce": [
                {
                  "py/function": "torch.storage._load_from_bytes"
                },
                {
                  "py/tuple": [
                    {
                      "py/b64": "gAKKCmz8nEb5IGqoUBkugAJN6QMugAJ9cQAoWBAAAABwcm90b2NvbF92ZXJzaW9ucQFN6QNYDQAAAGxpdHRsZV9lbmRpYW5xAohYCgAAAHR5cGVfc2l6ZXNxA31xBChYBQAAAHNob3J0cQVLAlgDAAAAaW50cQZLBFgEAAAAbG9uZ3EHSwR1dS6AAihYBwAAAHN0b3JhZ2VxAGN0b3JjaApGbG9hdFN0b3JhZ2UKcQFYDgAAADk0MDMxOTc2NjMwNjQwcQJYBgAAAGN1ZGE6MHEDSwFOdHEEUS6AAl1xAFgOAAAAOTQwMzE5NzY2MzA2NDBxAWEuAQAAAAAAAACMRI0/"
                    }
                  ]
                }
              ]
            },
            0,
            {
              "py/tuple": []
            },
            {
              "py/tuple": []
            },
            false,
            {
              "py/reduce": [
                {
                  "py/type": "collections.OrderedDict"
                },
                {
                  "py/tuple": []
                },
                null,
                null,
                {
                  "py/tuple": []
                }
              ]
            }
          ]
        }
      ]
    }
  ],
  "grad_norm_T": [
    20793
  ],
  "loss": [
    0.627560555934906
  ],
  "loss_T": [
    20793
  ],
  "mixer_norm": [
    0.7819418545109583
  ],
  "mixer_norm_T": [
    20793
  ],
  "policy_loss": [
    0.07102859020233154
  ],
  "policy_loss_T": [
    20793
  ],
  "q_taken_mean": [
    -0.0032944270830985037
  ],
  "q_taken_mean_T": [
    20793
  ],
  "qmix_loss": [
    0.04216708615422249
  ],
  "qmix_loss_T": [
    20793
  ],
  "reward_mean": [
    -4.916666666666669,
    -10.977679912860573,
    -12.224273574907098
  ],
  "reward_mean_T": [
    68,
    10119,
    20275
  ],
  "reward_shaping/weight": [
    0.099,
    0.09801,
    0.0970299,
    0.096059601,
    0.09509900499,
    0.0941480149401,
    0.093206534790699,
    0.09227446944279201,
    0.09135172474836409,
    0.09043820750088044,
    0.08953382542587164
  ],
  "reward_shaping/weight_T": [
    20793,
    20963,
    21139,
    21300,
    21481,
    21537,
    21592,
    21768,
    21885,
    21932,
    21993
  ],
  "reward_std": [
    0.0,
    3.710615387802524,
    2.518174334680108
  ],
  "reward_std_T": [
    68,
    10119,
    20275
  ],
  "target_mean": [
    -0.014011749794477108
  ],
  "target_mean_T": [
    20793
  ],
  "td_error_abs": [
    0.22158657755163996
  ],
  "td_error_abs_T": [
    20793
  ],
  "test_battle_won_mean": [
    0.0,
    0.0,
    0.0
  ],
  "test_battle_won_mean_T": [
    68,
    10119,
    20275
  ],
  "test_dead_allies_mean": [
    0.0,
    0.0,
    0.0
  ],
  "test_dead_allies_mean_T": [
    68,
    10119,
    20275
  ],
  "test_dead_enemies_mean": [
    0.0,
    0.0,
    0.0
  ],
  "test_dead_enemies_mean_T": [
    68,
    10119,
    20275
  ],
  "test_delta_ally_mean": [
    0.0,
    0.0,
    0.0
  ],
  "test_delta_ally_mean_T": [
    68,
    10119,
    20275
  ],
  "test_delta_deaths_mean": [
    0.0,
    0.0,
    0.0
  ],
  "test_delta_deaths_mean_T": [
    68,
    10119,
    20275
  ],
  "test_delta_enemy_mean": [
    0.0,
    0.0,
    0.0
  ],
  "test_delta_enemy_mean_T": [
    68,
    10119,
    20275
  ],
  "test_ep_length_mean": [
    200.0,
    200.0,
    200.0
  ],
  "test_ep_length_mean_T": [
    68,
    10119,
    20275
  ],
  "test_reward_mean": [
    0.0,
    0.0,
    0.0
  ],
  "test_reward_mean_T": [
    68,
    10119,
    20275
  ],
  "test_reward_std": [
    0.0,
    0.0,
    0.0
  ],
  "test_reward_std_T": [
    68,
    10119,
    20275
  ],
  "w_to_use": [
    0.6930404901504517
  ],
  "w_to_use_T": [
    20793
  ]
}