{
  "battle_won_mean": [
    0.0,
    0.0
  ],
  "battle_won_mean_T": [
    235,
    10436
  ],
  "dead_allies_mean": [
    5.0,
    3.0689655172413794
  ],
  "dead_allies_mean_T": [
    235,
    10436
  ],
  "dead_enemies_mean": [
    1.0,
    0.06896551724137931
  ],
  "dead_enemies_mean_T": [
    235,
    10436
  ],
  "delta_ally_mean": [
    682.21875,
    367.3639715786638
  ],
  "delta_ally_mean_T": [
    235,
    10436
  ],
  "delta_deaths_mean": [
    -15.0,
    -14.655172413793103
  ],
  "delta_deaths_mean_T": [
    235,
    10436
  ],
  "delta_enemy_mean": [
    -739.84375,
    -781.2572400323276
  ],
  "delta_enemy_mean_T": [
    235,
    10436
  ],
  "ep_length_mean": [
    235.0,
    175.8793103448276
  ],
  "ep_length_mean_T": [
    235,
    10436
  ],
  "episode": [
    58
  ],
  "episode_T": [
    10219
  ],
  "epsilon": [
    0.995,
    0.89843045
  ],
  "epsilon_T": [
    235,
    10436
  ],
  "reward_mean": [
    -9.18250798722044,
    -7.433075936260602
  ],
  "reward_mean_T": [
    235,
    10436
  ],
  "reward_std": [
    0.0,
    2.969867993496971
  ],
  "reward_std_T": [
    235,
    10436
  ],
  "test_battle_won_mean": [
    0.0,
    0.0
  ],
  "test_battle_won_mean_T": [
    235,
    10436
  ],
  "test_dead_allies_mean": [
    2.1875,
    2.375
  ],
  "test_dead_allies_mean_T": [
    235,
    10436
  ],
  "test_dead_enemies_mean": [
    0.03125,
    0.0
  ],
  "test_dead_enemies_mean_T": [
    235,
    10436
  ],
  "test_delta_ally_mean": [
    566.3513336181641,
    575.494384765625
  ],
  "test_delta_ally_mean_T": [
    235,
    10436
  ],
  "test_delta_deaths_mean": [
    -10.625,
    -11.875
  ],
  "test_delta_deaths_mean_T": [
    235,
    10436
  ],
  "test_delta_enemy_mean": [
    -893.978515625,
    -898.978515625
  ],
  "test_delta_enemy_mean_T": [
    235,
    10436
  ],
  "test_ep_length_mean": [
    203.96875,
    204.875
  ],
  "test_ep_length_mean_T": [
    235,
    10436
  ],
  "test_reward_mean": [
    -9.399072519125648,
    -9.497430673422524
  ],
  "test_reward_mean_T": [
    235,
    10436
  ],
  "test_reward_std": [
    0.418030418823535,
    0.44032723340287655
  ],
  "test_reward_std_T": [
    235,
    10436
  ]
}