{
  "alpha": [
    0.9323005676269531,
    0.9174136519432068
  ],
  "alpha_T": [
    7941,
    17981
  ],
  "alpha_loss": [
    -6.828069686889648,
    -6.822997570037842
  ],
  "alpha_loss_T": [
    7941,
    17981
  ],
  "battle_won_mean": [
    0.0,
    0.0,
    0.0
  ],
  "battle_won_mean_T": [
    64,
    10119,
    20145
  ],
  "central_loss": [
    0.029498662799596786,
    0.009310419671237469
  ],
  "central_loss_T": [
    7941,
    17981
  ],
  "comm_loss": [
    0.2961317002773285,
    0.0698942095041275
  ],
  "comm_loss_T": [
    7941,
    17981
  ],
  "dead_allies_mean": [
    5.0,
    5.0062111801242235,
    5.0
  ],
  "dead_allies_mean_T": [
    64,
    10119,
    20145
  ],
  "dead_enemies_mean": [
    0.0,
    0.12422360248447205,
    0.32098765432098764
  ],
  "dead_enemies_mean_T": [
    64,
    10119,
    20145
  ],
  "delta_ally_mean": [
    335.0,
    337.5671583850932,
    336.2712191358025
  ],
  "delta_ally_mean_T": [
    64,
    10119,
    20145
  ],
  "delta_deaths_mean": [
    -25.0,
    -23.788819875776397,
    -21.790123456790123
  ],
  "delta_deaths_mean_T": [
    64,
    10119,
    20145
  ],
  "delta_enemy_mean": [
    160.375,
    274.72360248447205,
    345.0933641975309
  ],
  "delta_enemy_mean_T": [
    64,
    10119,
    20145
  ],
  "ep_length_mean": [
    64.0,
    62.453416149068325,
    61.888888888888886
  ],
  "ep_length_mean_T": [
    64,
    10119,
    20145
  ],
  "episode": [
    161,
    323
  ],
  "episode_T": [
    10052,
    20078
  ],
  "epsilon": [
    0.995,
    0.9000086,
    0.8052629
  ],
  "epsilon_T": [
    64,
    10119,
    20145
  ],
  "grad_norm": [
    {
      "py/reduce": [
        {
          "py/function": "torch._utils._rebuild_tensor_v2"
        },
        {
          "py/tuple": [
            {
              "py/reduce": [
                {
                  "py/function": "torch.storage._load_from_bytes"
                },
                {
                  "py/tuple": [
                    {
                      "py/b64": "gAKKCmz8nEb5IGqoUBkugAJN6QMugAJ9cQAoWBAAAABwcm90b2NvbF92ZXJzaW9ucQFN6QNYDQAAAGxpdHRsZV9lbmRpYW5xAohYCgAAAHR5cGVfc2l6ZXNxA31xBChYBQAAAHNob3J0cQVLAlgDAAAAaW50cQZLBFgEAAAAbG9uZ3EHSwR1dS6AAihYBwAAAHN0b3JhZ2VxAGN0b3JjaApGbG9hdFN0b3JhZ2UKcQFYDgAAADk0MTcxNTg4NTc4MDMycQJYBgAAAGN1ZGE6MHEDSwFOdHEEUS6AAl1xAFgOAAAAOTQxNzE1ODg1NzgwMzJxAWEuAQAAAAAAAABaTydA"
                    }
                  ]
                }
              ]
            },
            0,
            {
              "py/tuple": []
            },
            {
              "py/tuple": []
            },
            false,
            {
              "py/reduce": [
                {
                  "py/type": "collections.OrderedDict"
                },
                {
                  "py/tuple": []
                },
                null,
                null,
                {
                  "py/tuple": []
                }
              ]
            }
          ]
        }
      ]
    },
    {
      "py/reduce": [
        {
          "py/function": "torch._utils._rebuild_tensor_v2"
        },
        {
          "py/tuple": [
            {
              "py/reduce": [
                {
                  "py/function": "torch.storage._load_from_bytes"
                },
                {
                  "py/tuple": [
                    {
                      "py/b64": "gAKKCmz8nEb5IGqoUBkugAJN6QMugAJ9cQAoWBAAAABwcm90b2NvbF92ZXJzaW9ucQFN6QNYDQAAAGxpdHRsZV9lbmRpYW5xAohYCgAAAHR5cGVfc2l6ZXNxA31xBChYBQAAAHNob3J0cQVLAlgDAAAAaW50cQZLBFgEAAAAbG9uZ3EHSwR1dS6AAihYBwAAAHN0b3JhZ2VxAGN0b3JjaApGbG9hdFN0b3JhZ2UKcQFYDwAAADEzOTk2MjY3NzI3OTMyOHECWAYAAABjdWRhOjBxA0sBTnRxBFEugAJdcQBYDwAAADEzOTk2MjY3NzI3OTMyOHEBYS4BAAAAAAAAAMMeBT4="
                    }
                  ]
                }
              ]
            },
            0,
            {
              "py/tuple": []
            },
            {
              "py/tuple": []
            },
            false,
            {
              "py/reduce": [
                {
                  "py/type": "collections.OrderedDict"
                },
                {
                  "py/tuple": []
                },
                null,
                null,
                {
                  "py/tuple": []
                }
              ]
            }
          ]
        }
      ]
    }
  ],
  "grad_norm_T": [
    7941,
    17981
  ],
  "loss": [
    0.44740790128707886,
    0.09641970694065094
  ],
  "loss_T": [
    7941,
    17981
  ],
  "mixer_norm": [
    2.131876340678153,
    0.022343790383826573
  ],
  "mixer_norm_T": [
    7941,
    17981
  ],
  "policy_loss": [
    -0.5315977334976196,
    -0.9054869413375854
  ],
  "policy_loss_T": [
    7941,
    17981
  ],
  "q_taken_mean": [
    -0.02363574619109334,
    0.013123752954444269
  ],
  "q_taken_mean_T": [
    7941,
    17981
  ],
  "qmix_loss": [
    0.12177751958370209,
    0.017215074971318245
  ],
  "qmix_loss_T": [
    7941,
    17981
  ],
  "reward_mean": [
    -3.731308411214954,
    -1.619296743484066,
    -0.24239211953386391
  ],
  "reward_mean_T": [
    64,
    10119,
    20145
  ],