{
  "alpha": [
    0.9323005676269531
  ],
  "alpha_T": [
    17295
  ],
  "alpha_loss": [
    -12.319053649902344
  ],
  "alpha_loss_T": [
    17295
  ],
  "battle_won_mean": [
    0.0,
    0.0,
    0.0
  ],
  "battle_won_mean_T": [
    81,
    10202,
    20237
  ],
  "central_loss": [
    0.00736984983086586
  ],
  "central_loss_T": [
    17295
  ],
  "comm_loss": [
    0.4920646846294403
  ],
  "comm_loss_T": [
    17295
  ],
  "dead_allies_mean": [
    1.0,
    2.4571428571428573,
    2.0617283950617282
  ],
  "dead_allies_mean_T": [
    81,
    10202,
    20237
  ],
  "dead_enemies_mean": [
    0.0,
    0.07142857142857142,
    0.09876543209876543
  ],
  "dead_enemies_mean_T": [
    81,
    10202,
    20237
  ],
  "delta_ally_mean": [
    -79.0859375,
    129.42479771205356,
    96.79833381558642
  ],
  "delta_ally_mean_T": [
    81,
    10202,
    20237
  ],
  "delta_deaths_mean": [
    -5.0,
    -11.571428571428571,
    -9.320987654320987
  ],
  "delta_deaths_mean_T": [
    81,
    10202,
    20237
  ],
  "delta_enemy_mean": [
    -560.671875,
    -723.1520647321429,
    -653.1478105709876
  ],
  "delta_enemy_mean_T": [
    81,
    10202,
    20237
  ],
  "ep_length_mean": [
    81.0,
    144.5857142857143,
    123.88888888888889
  ],
  "ep_length_mean_T": [
    81,
    10202,
    20237
  ],
  "episode": [
    70,
    151
  ],
  "episode_T": [
    10018,
    20088
  ],
  "epsilon": [
    0.995,
    0.9003299,
    0.8051684
  ],
  "epsilon_T": [
    81,
    10202,
    20237
  ],
  "grad_norm": [
    {
      "py/reduce": [
        {
          "py/function": "torch._utils._rebuild_tensor_v2"
        },
        {
          "py/tuple": [
            {
              "py/reduce": [
                {
                  "py/function": "torch.storage._load_from_bytes"
                },
                {
                  "py/tuple": [
                    {
                      "py/b64": "gAKKCmz8nEb5IGqoUBkugAJN6QMugAJ9cQAoWBAAAABwcm90b2NvbF92ZXJzaW9ucQFN6QNYDQAAAGxpdHRsZV9lbmRpYW5xAohYCgAAAHR5cGVfc2l6ZXNxA31xBChYBQAAAHNob3J0cQVLAlgDAAAAaW50cQZLBFgEAAAAbG9uZ3EHSwR1dS6AAihYBwAAAHN0b3JhZ2VxAGN0b3JjaApGbG9hdFN0b3JhZ2UKcQFYDgAAADkzODg3NzQxODE4NjQwcQJYBgAAAGN1ZGE6MHEDSwFOdHEEUS6AAl1xAFgOAAAAOTM4ODc3NDE4MTg2NDBxAWEuAQAAAAAAAAD53SI/"
                    }
                  ]
                }
              ]
            },
            0,
            {
              "py/tuple": []
            },
            {
              "py/tuple": []
            },
            false,
            {
              "py/reduce": [
                {
                  "py/type": "collections.OrderedDict"
                },
                {
                  "py/tuple": []
                },
                null,
                null,
                {
                  "py/tuple": []
                }
              ]
            }
          ]
        }
      ]
    }
  ],
  "grad_norm_T": [
    17295
  ],
  "loss": [
    0.5237761735916138
  ],
  "loss_T": [
    17295
  ],
  "mixer_norm": [
    0.5061776932103247
  ],
  "mixer_norm_T": [
    17295
  ],
  "policy_loss": [
    -0.0018749010050669312
  ],
  "policy_loss_T": [
    17295
  ],
  "q_taken_mean": [
    -0.0003423075599225601
  ],
  "q_taken_mean_T": [
    17295
  ],
  "qmix_loss": [
    0.02434166707098484
  ],
  "qmix_loss_T": [
    17295
  ],
  "reward_mean": [
    -3.1091753194888176,
    -5.521714319588657,
    -4.851547169590383
  ],
  "reward_mean_T": [
    81,
    10202,
    20237
  ],
  "reward_std": [
    0.0,
    2.550125937334626,
    2.6574856906583464
  ],
  "reward_std_T": [
    81,
    10202,
    20237
  ],
  "target_mean": [
    -0.022514703177198774
  ],
  "target_mean_T": [
    17295
  ],
  "td_error_abs": [
    0.20105662989664644
  ],
  "td_error_abs_T": [
    17295
  ],
  "test_battle_won_mean": [
    0.0,
    0.0,
    0.0
  ],
  "test_battle_won_mean_T": [
    81,
    10202,
    20237
  ],
  "test_dead_allies_mean": [
    3.375,
    3.25,
    2.0
  ],
  "test_dead_allies_mean_T": [
    81,
    10202,
    20237
  ],
  "test_dead_enemies_mean": [
    0.03125,
    0.03125,
    0.0
  ],
  "test_dead_enemies_mean_T": [
    81,
    10202,
    20237
  ],
  "test_delta_ally_mean": [
    587.3689422607422,
    553.8208312988281,
    624.859375
  ],
  "test_delta_ally_mean_T": [
    81,
    10202,
    20237
  ],
  "test_delta_deaths_mean": [
    -16.5625,
    -15.9375,
    -10.0
  ],
  "test_delta_deaths_mean_T": [
    81,
    10202,
    20237
  ],
  "test_delta_enemy_mean": [
    -893.892578125,
    -887.9489135742188,
    -898.978515625
  ],
  "test_delta_enemy_mean_T": [
    81,
    10202,
    20237
  ],
  "test_ep_length_mean": [
    221.375,
    217.65625,
    192.5625
  ],
  "test_ep_length_mean_T": [
    81,
    10202,
    20237
  ],
  "test_reward_mean": [
    -9.57076051364691,
    -9.314423289923617,
    -9.800881090255595
  ],
  "test_reward_mean_T": [
    81,
    10202,
    20237
  ],
  "test_reward_std": [
    0.5755139987137131,
    1.1847010089948191,
    0.550597194554514
  ],
  "test_reward_std_T": [
    81,
    10202,
    20237
  ],
  "w_to_use": [
    0.5305963754653931
  ],
  "w_to_use_T": [
    17295
  ]
}