{
  "alpha": [
    0.9323005676269531
  ],
  "alpha_T": [
    24186
  ],
  "alpha_loss": [
    -15.341116905212402
  ],
  "alpha_loss_T": [
    24186
  ],
  "battle_won_mean": [
    0.0,
    0.0,
    0.0,
    0.0
  ],
  "battle_won_mean_T": [
    192,
    10196,
    20208,
    30217
  ],
  "central_loss": [
    0.0013879560865461826
  ],
  "central_loss_T": [
    24186
  ],
  "comm_loss": [
    0.3616332411766052
  ],
  "comm_loss_T": [
    24186
  ],
  "dead_allies_mean": [
    12.0,
    12.0,
    12.0,
    12.0
  ],
  "dead_allies_mean_T": [
    192,
    10196,
    20208,
    30217
  ],
  "dead_enemies_mean": [
    0.0,
    0.0,
    0.0,
    0.018518518518518517
  ],
  "dead_enemies_mean_T": [
    192,
    10196,
    20208,
    30217
  ],
  "delta_ally_mean": [
    320.0,
    320.0,
    320.0,
    320.0
  ],
  "delta_ally_mean_T": [
    192,
    10196,
    20208,
    30217
  ],
  "delta_deaths_mean": [
    -30.0,
    -30.0,
    -30.0,
    -29.814814814814813
  ],
  "delta_deaths_mean_T": [
    192,
    10196,
    20208,
    30217
  ],
  "delta_enemy_mean": [
    121.0,
    136.25,
    140.5754716981132,
    169.48842592592592
  ],
  "delta_enemy_mean_T": [
    192,
    10196,
    20208,
    30217
  ],
  "ep_length_mean": [
    192.0,
    188.75471698113208,
    188.9056603773585,
    185.35185185185185
  ],
  "ep_length_mean_T": [
    192,
    10196,
    20208,
    30217
  ],
  "episode": [
    53,
    106,
    160
  ],
  "episode_T": [
    10006,
    20021,
    30032
  ],
  "epsilon": [
    0.995,
    0.9004433000000001,
    0.80580155,
    0.7111976
  ],
  "epsilon_T": [
    192,
    10196,
    20208,
    30217
  ],
  "grad_norm": [
    {
      "py/reduce": [
        {
          "py/function": "torch._utils._rebuild_tensor_v2"
        },
        {
          "py/tuple": [
            {
              "py/reduce": [
                {
                  "py/function": "torch.storage._load_from_bytes"
                },
                {
                  "py/tuple": [
                    {
                      "py/b64": "gAKKCmz8nEb5IGqoUBkugAJN6QMugAJ9cQAoWBAAAABwcm90b2NvbF92ZXJzaW9ucQFN6QNYDQAAAGxpdHRsZV9lbmRpYW5xAohYCgAAAHR5cGVfc2l6ZXNxA31xBChYBQAAAHNob3J0cQVLAlgDAAAAaW50cQZLBFgEAAAAbG9uZ3EHSwR1dS6AAihYBwAAAHN0b3JhZ2VxAGN0b3JjaApGbG9hdFN0b3JhZ2UKcQFYDgAAADkzODMyMjg5NTY0OTkycQJYBgAAAGN1ZGE6MHEDSwFOdHEEUS6AAl1xAFgOAAAAOTM4MzIyODk1NjQ5OTJxAWEuAQAAAAAAAAAtWnlA"
                    }
                  ]
                }
              ]
            },
            0,
            {
              "py/tuple": []
            },
            {
              "py/tuple": []
            },
            false,
            {
              "py/reduce": [
                {
                  "py/type": "collections.OrderedDict"
                },
                {
                  "py/tuple": []
                },
                null,
                null,
                {
                  "py/tuple": []
                }
              ]
            }
          ]
        }
      ]
    }
  ],
  "grad_norm_T": [
    24186
  ],
  "loss": [
    0.44466108083724976
  ],
  "loss_T": [
    24186
  ],
  "mixer_norm": [
    3.108566610873898
  ],
  "mixer_norm_T": [
    24186
  ],
  "policy_loss": [
    -0.5941202640533447
  ],
  "policy_loss_T": [
    24186
  ],
  "q_taken_mean": [
    -0.014486593981818856
  ],
  "q_taken_mean_T": [
    24186
  ],
  "qmix_loss": [
    0.08163990080356598
  ],
  "qmix_loss_T": [
    24186
  ],
  "reward_mean": [
    -1.052873563218391,
    -0.9827586206896551,
    -0.9628713944914336,
    -0.8290868454661559
  ],
  "reward_mean_T": [
    192,
    10196,
    20208,
    30217
  ],
  "reward_std": [
    0.0,
    0.14283124932929409,
    0.13251593518104932,
    0.22957035762424308
  ],
  "reward_std_T": [
    192,
    10196,
    20208,
    30217
  ],
  "target_mean": [
    -0.007724568594047176
  ],
  "target_mean_T": [
    24186
  ],
  "td_error_abs": [
    0.26644405111686514
  ],
  "td_error_abs_T": [
    24186
  ],
  "test_battle_won_mean": [
    0.0,
    0.0,
    0.0
  ],
  "test_battle_won_mean_T": [
    192,
    10196,
    20208
  ],
  "test_dead_allies_mean": [
    12.0,
    12.0,
    12.0
  ],
  "test_dead_allies_mean_T": [
    192,
    10196,
    20208
  ],
  "test_dead_enemies_mean": [
    0.0,
    0.0,
    0.0
  ],
  "test_dead_enemies_mean_T": [
    192,
    10196,
    20208
  ],
  "test_delta_ally_mean": [
    320.0,
    320.0,
    320.0
  ],
  "test_delta_ally_mean_T": [
    192,
    10196,
    20208
  ],
  "test_delta_deaths_mean": [
    -30.0,
    -30.0,
    -30.0
  ],
  "test_delta_deaths_mean_T": [
    192,
    10196,
    20208
  ],
  "test_delta_enemy_mean": [
    9.28125,
    10.03125,
    13.9375
  ],
  "test_delta_enemy_mean_T": [
    192,
    10196,
    20208
  ],
  "test_ep_length_mean": [
    184.34375,
    184.59375,
    184.53125
  ],
  "test_ep_length_mean_T": [
    192,
    10196,
    20208
  ],
  "test_reward_mean": [
    -1.566522988505747,
    -1.5630747126436784,
    -1.5451149425287356
  ],
  "test_reward_mean_T": [
    192,
    10196,
    20208
  ],
  "test_reward_std": [
    0.07831487858271266,
    0.06569329416414697,
    0.10784364461804216
  ],
  "test_reward_std_T": [
    192,
    10196,
    20208
  ],
  "w_to_use": [
    0.7792295217514038
  ],
  "w_to_use_T": [
    24186
  ]
}