{
  "alpha": [
    0.9323005676269531
  ],
  "alpha_T": [
    20793
  ],
  "alpha_loss": [
    -19.55545425415039
  ],
  "alpha_loss_T": [
    20793
  ],
  "battle_won_mean": [
    0.0,
    0.0,
    0.0
  ],
  "battle_won_mean_T": [
    68,
    10119,
    20275
  ],
  "central_loss": [
    0.031428709626197815
  ],
  "central_loss_T": [
    20793
  ],
  "comm_loss": [
    0.5545892715454102
  ],
  "comm_loss_T": [
    20793
  ],
  "dead_allies_mean": [
    14.0,
    14.661538461538461,
    14.254237288135593
  ],
  "dead_allies_mean_T": [
    68,
    10119,
    20275
  ],
  "dead_enemies_mean": [
    0.0,
    0.046153846153846156,
    0.1016949152542373
  ],
  "dead_enemies_mean_T": [
    68,
    10119,
    20275
  ],
  "delta_ally_mean": [
    597.5,
    1364.8492074819712,
    1522.8008433196503
  ],
  "delta_ally_mean_T": [
    68,
    10119,
    20275
  ],
  "delta_deaths_mean": [
    -70.0,
    -72.84615384615384,
    -70.2542372881356
  ],
  "delta_deaths_mean_T": [
    68,
    10119,
    20275
  ],
  "delta_enemy_mean": [
    48.0,
    54.50769230769231,
    52.79661016949152
  ],
  "delta_enemy_mean_T": [
    68,
    10119,
    20275
  ],
  "ep_length_mean": [
    68.0,
    154.63076923076923,
    172.135593220339
  ],
  "ep_length_mean_T": [
    68,
    10119,
    20275
  ],
  "episode": [
    66,
    125
  ],
  "episode_T": [
    10119,
    20275
  ],
  "epsilon": [
    0.995,
    0.9010670000000001,
    0.8051495
  ],
  "epsilon_T": [
    68,
    10119,
    20275
  ],
  "grad_norm": [
    {
      "py/reduce": [
        {
          "py/function": "torch._utils._rebuild_tensor_v2"
        },
        {
          "py/tuple": [
            {
              "py/reduce": [
                {
                  "py/function": "torch.storage._load_from_bytes"
                },
                {
                  "py/tuple": [
                    {
                      "py/b64": "gAKKCmz8nEb5IGqoUBkugAJN6QMugAJ9cQAoWBAAAABwcm90b2NvbF92ZXJzaW9ucQFN6QNYDQAAAGxpdHRsZV9lbmRpYW5xAohYCgAAAHR5cGVfc2l6ZXNxA31xBChYBQAAAHNob3J0cQVLAlgDAAAAaW50cQZLBFgEAAAAbG9uZ3EHSwR1dS6AAihYBwAAAHN0b3JhZ2VxAGN0b3JjaApGbG9hdFN0b3JhZ2UKcQFYDgAAADk0MTI4OTM1MDg0ODMycQJYBgAAAGN1ZGE6MHEDSwFOdHEEUS6AAl1xAFgOAAAAOTQxMjg5MzUwODQ4MzJxAWEuAQAAAAAAAAAMbh0/"
                    }
                  ]
                }
              ]
            },
            0,
            {
              "py/tuple": []
            },
            {
              "py/tuple": []
            },
            false,
            {
              "py/reduce": [
                {
                  "py/type": "collections.OrderedDict"
                },
                {
                  "py/tuple": []
                },
                null,
                null,
                {
                  "py/tuple": []
                }
              ]
            }
          ]
        }
      ]
    }
  ],
  "grad_norm_T": [
    20793
  ],
  "loss": [
    0.6086326241493225
  ],
  "loss_T": [
    20793
  ],
  "mixer_norm": [
    0.15862660938818773
  ],
  "mixer_norm_T": [
    20793
  ],
  "policy_loss": [
    -0.13987068831920624
  ],
  "policy_loss_T": [
    20793
  ],
  "q_taken_mean": [
    -0.00905536223597635
  ],
  "q_taken_mean_T": [
    20793
  ],
  "qmix_loss": [
    0.02261466532945633
  ],
  "qmix_loss_T": [
    20793
  ],
  "reward_mean": [
    -4.916666666666669,
    -10.977679912860573,
    -12.224273574907098
  ],
  "reward_mean_T": [
    68,
    10119,
    20275
  ],
  "reward_std": [
    0.0,
    3.710615387802524,
    2.518174334680108
  ],
  "reward_std_T": [
    68,
    10119,
    20275
  ],
  "target_mean": [
    -0.009692536479139239
  ],
  "target_mean_T": [
    20793
  ],
  "td_error_abs": [
    0.16496878973317342
  ],
  "td_error_abs_T": [
    20793
  ],
  "test_battle_won_mean": [
    0.0,
    0.0,
    0.0
  ],
  "test_battle_won_mean_T": [
    68,
    10119,
    20275
  ],
  "test_dead_allies_mean": [
    0.0,
    0.0,
    0.0
  ],
  "test_dead_allies_mean_T": [
    68,
    10119,
    20275
  ],
  "test_dead_enemies_mean": [
    0.0,
    0.0,
    0.0
  ],
  "test_dead_enemies_mean_T": [
    68,
    10119,
    20275
  ],
  "test_delta_ally_mean": [
    0.0,
    0.0,
    0.0
  ],
  "test_delta_ally_mean_T": [
    68,
    10119,
    20275
  ],
  "test_delta_deaths_mean": [
    0.0,
    0.0,
    0.0
  ],
  "test_delta_deaths_mean_T": [
    68,
    10119,
    20275
  ],
  "test_delta_enemy_mean": [
    0.0,
    0.0,
    0.0
  ],
  "test_delta_enemy_mean_T": [
    68,
    10119,
    20275
  ],
  "test_ep_length_mean": [
    200.0,
    200.0,
    200.0
  ],
  "test_ep_length_mean_T": [
    68,
    10119,
    20275
  ],
  "test_reward_mean": [
    0.0,
    0.0,
    0.0
  ],
  "test_reward_mean_T": [
    68,
    10119,
    20275
  ],
  "test_reward_std": [
    0.0,
    0.0,
    0.0
  ],
  "test_reward_std_T": [
    68,
    10119,
    20275
  ],
  "w_to_use": [
    0.8054049611091614
  ],
  "w_to_use_T": [
    20793
  ]
}