{
  "alpha": [
    0.9323005676269531
  ],
  "alpha_T": [
    19200
  ],
  "alpha_loss": [
    -26.0600528717041
  ],
  "alpha_loss_T": [
    19200
  ],
  "battle_won_mean": [
    0.0,
    0.0,
    0.0
  ],
  "battle_won_mean_T": [
    150,
    10200,
    20250
  ],
  "central_loss": [
    0.008572295308113098
  ],
  "central_loss_T": [
    19200
  ],
  "comm_loss": [
    0.6308006048202515
  ],
  "comm_loss_T": [
    19200
  ],
  "dead_allies_mean": [
    3.0,
    4.641791044776119,
    4.791044776119403
  ],
  "dead_allies_mean_T": [
    150,
    10200,
    20250
  ],
  "dead_enemies_mean": [
    0.0,
    0.0,
    0.0
  ],
  "dead_enemies_mean_T": [
    150,
    10200,
    20250
  ],
  "delta_ally_mean": [
    52.5,
    84.06705486240672,
    87.83692499416978
  ],
  "delta_ally_mean_T": [
    150,
    10200,
    20250
  ],
  "delta_deaths_mean": [
    -15.0,
    -23.208955223880597,
    -23.955223880597014
  ],
  "delta_deaths_mean_T": [
    150,
    10200,
    20250
  ],
  "delta_enemy_mean": [
    0.0,
    0.0,
    0.0
  ],
  "delta_enemy_mean_T": [
    150,
    10200,
    20250
  ],
  "ep_length_mean": [
    150.0,
    150.0,
    150.0
  ],
  "ep_length_mean_T": [
    150,
    10200,
    20250
  ],
  "episode": [
    67,
    134
  ],
  "episode_T": [
    10050,
    20100
  ],
  "epsilon": [
    0.995,
    0.9000275,
    0.8050550000000001
  ],
  "epsilon_T": [
    150,
    10200,
    20250
  ],
  "grad_norm": [
    {
      "py/reduce": [
        {
          "py/function": "torch._utils._rebuild_tensor_v2"
        },
        {
          "py/tuple": [
            {
              "py/reduce": [
                {
                  "py/function": "torch.storage._load_from_bytes"
                },
                {
                  "py/tuple": [
                    {
                      "py/b64": "gAKKCmz8nEb5IGqoUBkugAJN6QMugAJ9cQAoWBAAAABwcm90b2NvbF92ZXJzaW9ucQFN6QNYDQAAAGxpdHRsZV9lbmRpYW5xAohYCgAAAHR5cGVfc2l6ZXNxA31xBChYBQAAAHNob3J0cQVLAlgDAAAAaW50cQZLBFgEAAAAbG9uZ3EHSwR1dS6AAihYBwAAAHN0b3JhZ2VxAGN0b3JjaApGbG9hdFN0b3JhZ2UKcQFYDgAAADk0MTI4MDA2NDMxMzQ0cQJYBgAAAGN1ZGE6MHEDSwFOdHEEUS6AAl1xAFgOAAAAOTQxMjgwMDY0MzEzNDRxAWEuAQAAAAAAAAB6UXg/"
                    }
                  ]
                }
              ]
            },
            0,
            {
              "py/tuple": []
            },
            {
              "py/tuple": []
            },
            false,
            {
              "py/reduce": [
                {
                  "py/type": "collections.OrderedDict"
                },
                {
                  "py/tuple": []
                },
                null,
                null,
                {
                  "py/tuple": []
                }
              ]
            }
          ]
        }
      ]
    }
  ],
  "grad_norm_T": [
    19200
  ],
  "loss": [
    0.6995192766189575
  ],
  "loss_T": [
    19200
  ],
  "mixer_norm": [
    0.8835368521756329
  ],
  "mixer_norm_T": [
    19200
  ],
  "policy_loss": [
    0.18016807734966278
  ],
  "policy_loss_T": [
    19200
  ],
  "q_taken_mean": [
    0.007718909581502279
  ],
  "q_taken_mean_T": [
    19200
  ],
  "qmix_loss": [
    0.06014638766646385
  ],
  "qmix_loss_T": [
    19200
  ],
  "reward_mean": [
    -1.5,
    -2.383911335250829,
    -2.484269974994818
  ],
  "reward_mean_T": [
    150,
    10200,
    20250
  ],
  "reward_std": [
    0.0,
    2.7890259939783206,
    2.8000547614421625
  ],
  "reward_std_T": [
    150,
    10200,
    20250
  ],
  "target_mean": [
    -0.005886280271742079
  ],
  "target_mean_T": [
    19200
  ],
  "td_error_abs": [
    0.3265245564778646
  ],
  "td_error_abs_T": [
    19200
  ],
  "test_battle_won_mean": [
    0.0,
    0.0,
    0.0
  ],
  "test_battle_won_mean_T": [
    150,
    10200,
    20250
  ],
  "test_dead_allies_mean": [
    0.0,
    0.0,
    0.0
  ],
  "test_dead_allies_mean_T": [
    150,
    10200,
    20250
  ],
  "test_dead_enemies_mean": [
    0.0,
    0.0,
    0.0
  ],
  "test_dead_enemies_mean_T": [
    150,
    10200,
    20250
  ],
  "test_delta_ally_mean": [
    0.0,
    0.0,
    0.0
  ],
  "test_delta_ally_mean_T": [
    150,
    10200,
    20250
  ],
  "test_delta_deaths_mean": [
    0.0,
    0.0,
    0.0
  ],
  "test_delta_deaths_mean_T": [
    150,
    10200,
    20250
  ],
  "test_delta_enemy_mean": [
    0.0,
    0.0,
    0.0
  ],
  "test_delta_enemy_mean_T": [
    150,
    10200,
    20250
  ],
  "test_ep_length_mean": [
    150.0,
    150.0,
    150.0
  ],
  "test_ep_length_mean_T": [
    150,
    10200,
    20250
  ],
  "test_reward_mean": [
    0.0,
    0.0,
    0.0
  ],
  "test_reward_mean_T": [
    150,
    10200,
    20250
  ],
  "test_reward_std": [
    0.0,
    0.0,
    0.0
  ],
  "test_reward_std_T": [
    150,
    10200,
    20250
  ],
  "w_to_use": [
    0.5
  ],
  "w_to_use_T": [
    19200
  ]
}