{
  "alpha": [
    0.9323005676269531,
    0.9203506708145142
  ],
  "alpha_T": [
    9926,
    19943
  ],
  "alpha_loss": [
    -12.526917457580566,
    -12.531449317932129
  ],
  "alpha_loss_T": [
    9926,
    19943
  ],
  "battle_won_mean": [
    0.0,
    0.0,
    0.0
  ],
  "battle_won_mean_T": [
    79,
    10083,
    20098
  ],
  "central_loss": [
    0.027371598407626152,
    0.002991005312651396
  ],
  "central_loss_T": [
    9926,
    19943
  ],
  "comm_loss": [
    0.2653774619102478,
    0.09083544462919235
  ],
  "comm_loss_T": [
    9926,
    19943
  ],
  "dead_allies_mean": [
    1.0,
    1.0,
    1.0
  ],
  "dead_allies_mean_T": [
    79,
    10083,
    20098
  ],
  "dead_enemies_mean": [
    0.0,
    0.0,
    0.0
  ],
  "dead_enemies_mean_T": [
    79,
    10083,
    20098
  ],
  "delta_ally_mean": [
    1000.0,
    1000.0,
    1000.0
  ],
  "delta_ally_mean_T": [
    79,
    10083,
    20098
  ],
  "delta_deaths_mean": [
    -5.0,
    -5.0,
    -5.0
  ],
  "delta_deaths_mean_T": [
    79,
    10083,
    20098
  ],
  "delta_enemy_mean": [
    0.0,
    0.0,
    0.0
  ],
  "delta_enemy_mean_T": [
    79,
    10083,
    20098
  ],
  "ep_length_mean": [
    79.0,
    77.55038759689923,
    77.63565891472868
  ],
  "ep_length_mean_T": [
    79,
    10083,
    20098
  ],
  "episode": [
    129,
    258
  ],
  "episode_T": [
    10004,
    20021
  ],
  "epsilon": [
    0.995,
    0.9004622,
    0.80580155
  ],
  "epsilon_T": [
    79,
    10083,
    20098
  ],
  "grad_norm": [
    {
      "py/reduce": [
        {
          "py/function": "torch._utils._rebuild_tensor_v2"
        },
        {
          "py/tuple": [
            {
              "py/reduce": [
                {
                  "py/function": "torch.storage._load_from_bytes"
                },
                {
                  "py/tuple": [
                    {
                      "py/b64": "gAKKCmz8nEb5IGqoUBkugAJN6QMugAJ9cQAoWBAAAABwcm90b2NvbF92ZXJzaW9ucQFN6QNYDQAAAGxpdHRsZV9lbmRpYW5xAohYCgAAAHR5cGVfc2l6ZXNxA31xBChYBQAAAHNob3J0cQVLAlgDAAAAaW50cQZLBFgEAAAAbG9uZ3EHSwR1dS6AAihYBwAAAHN0b3JhZ2VxAGN0b3JjaApGbG9hdFN0b3JhZ2UKcQFYDgAAADk0NTQ1MzU4NTU2MjcycQJYBgAAAGN1ZGE6MHEDSwFOdHEEUS6AAl1xAFgOAAAAOTQ1NDUzNTg1NTYyNzJxAWEuAQAAAAAAAAAHodo/"
                    }
                  ]
                }
              ]
            },
            0,
            {
              "py/tuple": []
            },
            {
              "py/tuple": []
            },
            false,
            {
              "py/reduce": [
                {
                  "py/type": "collections.OrderedDict"
                },
                {
                  "py/tuple": []
                },
                null,
                null,
                {
                  "py/tuple": []
                }
              ]
            }
          ]
        }
      ]
    },
    {
      "py/reduce": [
        {
          "py/function": "torch._utils._rebuild_tensor_v2"
        },
        {
          "py/tuple": [
            {
              "py/reduce": [
                {
                  "py/function": "torch.storage._load_from_bytes"
                },
                {
                  "py/tuple": [
                    {
                      "py/b64": "gAKKCmz8nEb5IGqoUBkugAJN6QMugAJ9cQAoWBAAAABwcm90b2NvbF92ZXJzaW9ucQFN6QNYDQAAAGxpdHRsZV9lbmRpYW5xAohYCgAAAHR5cGVfc2l6ZXNxA31xBChYBQAAAHNob3J0cQVLAlgDAAAAaW50cQZLBFgEAAAAbG9uZ3EHSwR1dS6AAihYBwAAAHN0b3JhZ2VxAGN0b3JjaApGbG9hdFN0b3JhZ2UKcQFYDwAAADE0MDU1MTY4MTU2MjIwOHECWAYAAABjdWRhOjBxA0sBTnRxBFEugAJdcQBYDwAAADE0MDU1MTY4MTU2MjIwOHEBYS4BAAAAAAAAABoW+z0="
                    }
                  ]
                }
              ]
            },
            0,
            {
              "py/tuple": []
            },
            {
              "py/tuple": []
            },
            false,
            {
              "py/reduce": [
                {
                  "py/type": "collections.OrderedDict"
                },
                {
                  "py/tuple": []
                },
                null,
                null,
                {
                  "py/tuple": []
                }
              ]
            }
          ]
        }
      ]
    }
  ],
  "grad_norm_T": [
    9926,
    19943
  ],
  "loss": [
    0.32465893030166626,
    0.09716223925352097
  ],
  "loss_T": [
    9926,
    19943
  ],
  "mixer_norm": [
    1.2774354043189224,
    0.08846533774007158
  ],
  "mixer_norm_T": [
    9926,
    19943
  ],
  "policy_loss": [
    -0.299424946308136,
    -1.0629615783691406
  ],
  "policy_loss_T": [
    9926,
    19943
  ],
  "q_taken_mean": [
    -0.01239942250510221,
    -0.058327278243713594
  ],
  "q_taken_mean_T": [
    9926,
    19943
  ],
  "qmix_loss": [
    0.031909868121147156,
    0.00333578628487885
  ],
  "qmix_loss_T": [
    9926,
    19943
  ],
  "reward_mean": [
    -7.077464788732394,
    -7.077464788732394,
    -7.077464788732394
  ],
  "reward_mean_T": [
    79,
    10083,
    20098
  ],