{
  "alpha": [
    0.9323005676269531,
    0.927279531955719
  ],
  "alpha_T": [
    24196,
    34250
  ],
  "alpha_loss": [
    -15.322659492492676,
    -15.324228286743164
  ],
  "alpha_loss_T": [
    24196,
    34250
  ],
  "battle_won_mean": [
    0.0,
    0.0,
    0.0,
    0.0
  ],
  "battle_won_mean_T": [
    198,
    10387,
    20436,
    30482
  ],
  "central_loss": [
    0.001429497147910297,
    0.0006544627831317484
  ],
  "central_loss_T": [
    24196,
    34250
  ],
  "comm_loss": [
    0.3561139702796936,
    0.21872323751449585
  ],
  "comm_loss_T": [
    24196,
    34250
  ],
  "dead_allies_mean": [
    12.0,
    12.0,
    12.0,
    12.0
  ],
  "dead_allies_mean_T": [
    198,
    10387,
    20436,
    30482
  ],
  "dead_enemies_mean": [
    0.0,
    0.0,
    0.0,
    0.0
  ],
  "dead_enemies_mean_T": [
    198,
    10387,
    20436,
    30482
  ],
  "delta_ally_mean": [
    320.0,
    320.0,
    320.0,
    320.0
  ],
  "delta_ally_mean_T": [
    198,
    10387,
    20436,
    30482
  ],
  "delta_deaths_mean": [
    -30.0,
    -30.0,
    -30.0,
    -30.0
  ],
  "delta_deaths_mean_T": [
    198,
    10387,
    20436,
    30482
  ],
  "delta_enemy_mean": [
    89.375,
    142.05787037037038,
    159.83490566037736,
    163.08564814814815
  ],
  "delta_enemy_mean_T": [
    198,
    10387,
    20436,
    30482
  ],
  "ep_length_mean": [
    198.0,
    188.6851851851852,
    189.60377358490567,
    186.03703703703704
  ],
  "ep_length_mean_T": [
    198,
    10387,
    20436,
    30482
  ],
  "episode": [
    54,
    107,
    161
  ],
  "episode_T": [
    10189,
    20246,
    30300
  ],
  "epsilon": [
    0.995,
    0.89871395,
    0.8036753,
    0.708665
  ],
  "epsilon_T": [
    198,
    10387,
    20436,
    30482
  ],
  "grad_norm": [
    {
      "py/reduce": [
        {
          "py/function": "torch._utils._rebuild_tensor_v2"
        },
        {
          "py/tuple": [
            {
              "py/reduce": [
                {
                  "py/function": "torch.storage._load_from_bytes"
                },
                {
                  "py/tuple": [
                    {
                      "py/b64": "gAKKCmz8nEb5IGqoUBkugAJN6QMugAJ9cQAoWBAAAABwcm90b2NvbF92ZXJzaW9ucQFN6QNYDQAAAGxpdHRsZV9lbmRpYW5xAohYCgAAAHR5cGVfc2l6ZXNxA31xBChYBQAAAHNob3J0cQVLAlgDAAAAaW50cQZLBFgEAAAAbG9uZ3EHSwR1dS6AAihYBwAAAHN0b3JhZ2VxAGN0b3JjaApGbG9hdFN0b3JhZ2UKcQFYDgAAADk0MzMyNDczOTU4NjcycQJYBgAAAGN1ZGE6MHEDSwFOdHEEUS6AAl1xAFgOAAAAOTQzMzI0NzM5NTg2NzJxAWEuAQAAAAAAAABaboBA"
                    }
                  ]
                }
              ]
            },
            0,
            {
              "py/tuple": []
            },
            {
              "py/tuple": []
            },
            false,
            {
              "py/reduce": [
                {
                  "py/type": "collections.OrderedDict"
                },
                {
                  "py/tuple": []
                },
                null,
                null,
                {
                  "py/tuple": []
                }
              ]
            }
          ]
        }
      ]
    },
    {
      "py/reduce": [
        {
          "py/function": "torch._utils._rebuild_tensor_v2"
        },
        {
          "py/tuple": [
            {
              "py/reduce": [
                {
                  "py/function": "torch.storage._load_from_bytes"
                },
                {
                  "py/tuple": [
                    {
                      "py/b64": "gAKKCmz8nEb5IGqoUBkugAJN6QMugAJ9cQAoWBAAAABwcm90b2NvbF92ZXJzaW9ucQFN6QNYDQAAAGxpdHRsZV9lbmRpYW5xAohYCgAAAHR5cGVfc2l6ZXNxA31xBChYBQAAAHNob3J0cQVLAlgDAAAAaW50cQZLBFgEAAAAbG9uZ3EHSwR1dS6AAihYBwAAAHN0b3JhZ2VxAGN0b3JjaApGbG9hdFN0b3JhZ2UKcQFYDwAAADE0MDU4NzU4MjU4MzIzMnECWAYAAABjdWRhOjBxA0sBTnRxBFEugAJdcQBYDwAAADE0MDU4NzU4MjU4MzIzMnEBYS4BAAAAAAAAAAT/Lj4="
                    }
                  ]
                }
              ]
            },
            0,
            {
              "py/tuple": []
            },
            {
              "py/tuple": []
            },
            false,
            {
              "py/reduce": [
                {
                  "py/type": "collections.OrderedDict"
                },
                {
                  "py/tuple": []
                },
                null,
                null,
                {
                  "py/tuple": []
                }
              ]
            }
          ]
        }
      ]
    }
  ],
  "grad_norm_T": [
    24196,
    34250
  ],
  "loss": [
    0.47331178188323975,
    0.2205672413110733
  ],
  "loss_T": [
    24196,
    34250
  ],
  "mixer_norm": [
    3.318164528721989,
    0.033706802946627354
  ],
  "mixer_norm_T": [
    24196,
    34250
  ],
  "policy_loss": [
    -0.9503872394561768,
    -0.9934477806091309
  ],
  "policy_loss_T": [
    24196,
    34250
  ],
  "q_taken_mean": [
    0.01624987293171306,
    -0.01859148627094402
  ],
  "q_taken_mean_T": [
    24196,
    34250
  ],
  "qmix_loss": [
    0.11576832085847855,
    0.0011895392090082169
  ],
  "qmix_loss_T": [
    24196,
    34250
  ],
  "reward_mean": [
    -1.1982758620689653,
    -0.9560557684120902,
    -0.8743222728258511,
    -0.8593763303533419
  ],
  "reward_mean_T": [
    198,
    10387,
    20436,
    30482
  ],
  "reward_shaping/weight": [
    0.099,
    0.09801,
    0.0970299,
    0.096059601,
    0.09509900499,
    0.0941480149401,
    0.093206534790699,
    0.09227446944279201,
    0.09135172474836409,
    0.09043820750088044,
    0.08953382542587164,
    0.08863848717161292,
    0.08775210229989679,
    0.08687458127689782,
    0.08600583546412884,
    0.08514577710948755,
    0.08429431933839267,
    0.08345137614500873,
    0.08261686238355864,
    0.08179069375972306,
    0.08097278682212583,
    0.08016305895390458,
    0.07936142836436554,
    0.07856781408072187,
    0.07778213593991465,
    0.0770043145805155,
    0.07623427143471034,
    0.07547192872036323,
    0.0747172094331596,
    0.073970037338828,
    0.07323033696543972,
    0.07249803359578533,
    0.07177305325982747,
    0.0710553227272292,
    0.07034476949995691,
    0.06964132180495734,
    0.06894490858690777,
    0.06825545950103869,
    0.0675729049060283,
    0.06689717585696801,
    0.06622820409839833,
    0.06556592205741435,
    0.0649102628368402,
    0.06426116020847181,
    0.06361854860638709,
    0.06298236312032322,
    0.06235253948911999,
    0.06172901409422879,
    0.061111723953286505,
    0.06050060671375364,
    0.0598956006466161,
    0.05929664464014994,
    0.05870367819374844,
    0.05811664141181096,
    0.05753547499769285,
    0.05696012024771592,
    0.05639051904523876
  ],
  "reward_shaping/weight_T": [
    24196,
    24386,
    24570,
    24754,
    24931,
    25117,
    25293,
    25474,
    25663,
    25841,
    26028,
    26209,
    26393,
    26575,
    26759,
    26943,
    27124,
    27313,
    27502,
    27692,
    27882,
    28069,
    28250,
    28434,
    28618,
    28806,
    28991,
    29173,
    29359,
    29548,
    29742,
    29928,
    30115,
    30300,
    30482,
    30672,
    30860,
    31053,
    31236,
    31423,
    31612,
    31788,
    31973,
    32168,
    32360,
    32546,
    32734,
    32919,
    33105,
    33296,
    33483,
    33673,
    33865,
    34056,
    34250,
    34438,
    34623
  ],
  "reward_std": [
    0.0,
    0.13943442045221024,
    0.11815942872011503,
    0.13625748881564315
  ],
  "reward_std_T": [
    198,
    10387,
    20436,
    30482
  ],
  "target_mean": [
    -0.019815907515382192,
    -0.019895581139810416
  ],
  "target_mean_T": [
    24196,
    34250
  ],
  "td_error_abs": [
    0.4336564702068524,
    0.03211780277653111
  ],
  "td_error_abs_T": [
    24196,
    34250
  ],
  "test_battle_won_mean": [
    0.0,
    0.0,
    0.0,
    0.0
  ],
  "test_battle_won_mean_T": [
    198,
    10387,
    20436,
    30482
  ],