{
  "alpha": [
    0.9323005676269531,
    0.920350193977356
  ],
  "alpha_T": [
    9926,
    19952
  ],
  "alpha_loss": [
    -12.526917457580566,
    -12.532212257385254
  ],
  "alpha_loss_T": [
    9926,
    19952
  ],
  "battle_won_mean": [
    0.0,
    0.0,
    0.0
  ],
  "battle_won_mean_T": [
    79,
    10083,
    20110
  ],
  "central_loss": [
    0.027152761816978455,
    0.0030082259327173233
  ],
  "central_loss_T": [
    9926,
    19952
  ],
  "comm_loss": [
    0.26540979743003845,
    0.10419458895921707
  ],
  "comm_loss_T": [
    9926,
    19952
  ],
  "dead_allies_mean": [
    1.0,
    1.0,
    1.0
  ],
  "dead_allies_mean_T": [
    79,
    10083,
    20110
  ],
  "dead_enemies_mean": [
    0.0,
    0.0,
    0.0
  ],
  "dead_enemies_mean_T": [
    79,
    10083,
    20110
  ],
  "delta_ally_mean": [
    1000.0,
    1000.0,
    1000.0
  ],
  "delta_ally_mean_T": [
    79,
    10083,
    20110
  ],
  "delta_deaths_mean": [
    -5.0,
    -5.0,
    -5.0
  ],
  "delta_deaths_mean_T": [
    79,
    10083,
    20110
  ],
  "delta_enemy_mean": [
    0.0,
    0.0,
    0.0
  ],
  "delta_enemy_mean_T": [
    79,
    10083,
    20110
  ],
  "ep_length_mean": [
    79.0,
    77.55038759689923,
    77.72868217054264
  ],
  "ep_length_mean_T": [
    79,
    10083,
    20110
  ],
  "episode": [
    129,
    258
  ],
  "episode_T": [
    10004,
    20030
  ],
  "epsilon": [
    0.995,
    0.9004622,
    0.8057165
  ],
  "epsilon_T": [
    79,
    10083,
    20110
  ],
  "grad_norm": [
    {
      "py/reduce": [
        {
          "py/function": "torch._utils._rebuild_tensor_v2"
        },
        {
          "py/tuple": [
            {
              "py/reduce": [
                {
                  "py/function": "torch.storage._load_from_bytes"
                },
                {
                  "py/tuple": [
                    {
                      "py/b64": "gAKKCmz8nEb5IGqoUBkugAJN6QMugAJ9cQAoWBAAAABwcm90b2NvbF92ZXJzaW9ucQFN6QNYDQAAAGxpdHRsZV9lbmRpYW5xAohYCgAAAHR5cGVfc2l6ZXNxA31xBChYBQAAAHNob3J0cQVLAlgDAAAAaW50cQZLBFgEAAAAbG9uZ3EHSwR1dS6AAihYBwAAAHN0b3JhZ2VxAGN0b3JjaApGbG9hdFN0b3JhZ2UKcQFYDgAAADk0NzcwMzc4Mjk2MzY4cQJYBgAAAGN1ZGE6MHEDSwFOdHEEUS6AAl1xAFgOAAAAOTQ3NzAzNzgyOTYzNjhxAWEuAQAAAAAAAAC22rg/"
                    }
                  ]
                }
              ]
            },
            0,
            {
              "py/tuple": []
            },
            {
              "py/tuple": []
            },
            false,
            {
              "py/reduce": [
                {
                  "py/type": "collections.OrderedDict"
                },
                {
                  "py/tuple": []
                },
                null,
                null,
                {
                  "py/tuple": []
                }
              ]
            }
          ]
        }
      ]
    },
    {
      "py/reduce": [
        {
          "py/function": "torch._utils._rebuild_tensor_v2"
        },
        {
          "py/tuple": [
            {
              "py/reduce": [
                {
                  "py/function": "torch.storage._load_from_bytes"
                },
                {
                  "py/tuple": [
                    {
                      "py/b64": "gAKKCmz8nEb5IGqoUBkugAJN6QMugAJ9cQAoWBAAAABwcm90b2NvbF92ZXJzaW9ucQFN6QNYDQAAAGxpdHRsZV9lbmRpYW5xAohYCgAAAHR5cGVfc2l6ZXNxA31xBChYBQAAAHNob3J0cQVLAlgDAAAAaW50cQZLBFgEAAAAbG9uZ3EHSwR1dS6AAihYBwAAAHN0b3JhZ2VxAGN0b3JjaApGbG9hdFN0b3JhZ2UKcQFYDgAAADk0NzcwMTg4MjgwMDAwcQJYBgAAAGN1ZGE6MHEDSwFOdHEEUS6AAl1xAFgOAAAAOTQ3NzAxODgyODAwMDBxAWEuAQAAAAAAAAAfh9s9"
                    }
                  ]
                }
              ]
            },
            0,
            {
              "py/tuple": []
            },
            {
              "py/tuple": []
            },
            false,
            {
              "py/reduce": [
                {
                  "py/type": "collections.OrderedDict"
                },
                {
                  "py/tuple": []
                },
                null,
                null,
                {
                  "py/tuple": []
                }
              ]
            }
          ]
        }
      ]
    }
  ],
  "grad_norm_T": [
    9926,
    19952
  ],
  "loss": [
    0.31299102306365967,
    0.11169222742319107
  ],
  "loss_T": [
    9926,
    19952
  ],
  "mixer_norm": [
    1.0339814982303643,
    0.03841039664153174
  ],
  "mixer_norm_T": [
    9926,
    19952
  ],
  "policy_loss": [
    -0.22806532680988312,
    -1.1208440065383911
  ],
  "policy_loss_T": [
    9926,
    19952
  ],
  "q_taken_mean": [
    -0.021169904977497545,
    -0.06671414063875855
  ],
  "q_taken_mean_T": [
    9926,
    19952
  ],
  "qmix_loss": [
    0.02042846940457821,
    0.004489414393901825
  ],
  "qmix_loss_T": [
    9926,
    19952
  ],
  "reward_mean": [
    -7.077464788732394,
    -7.077464788732394,
    -7.077464788732393
  ],
  "reward_mean_T": [
    79,
    10083,
    20110
  ],
  "reward_std": [
    0.0,
    2.138730981240683e-15,
    2.1643113973734778e-15
  ],
  "reward_std_T": [
    79,
    10083,
    20110
  ],
  "target_mean": [
    -0.042005715340393913,
    -0.06800979717139856
  ],
  "target_mean_T": [
    9926,
    19952
  ],
  "td_error_abs": [
    0.17504080980505743,
    0.045639537140626574
  ],
  "td_error_abs_T": [
    9926,
    19952
  ],
  "test_battle_won_mean": [
    0.0,
    0.0,
    0.0
  ],
  "test_battle_won_mean_T": [
    79,
    10083,
    20110
  ],
  "test_dead_allies_mean": [
    1.0,
    1.0,
    1.0
  ],
  "test_dead_allies_mean_T": [
    79,
    10083,
    20110
  ],
  "test_dead_enemies_mean": [
    0.0,
    0.0,
    0.0
  ],
  "test_dead_enemies_mean_T": [
    79,
    10083,
    20110
  ],
  "test_delta_ally_mean": [
    1000.0,
    1000.0,
    1000.0
  ],
  "test_delta_ally_mean_T": [
    79,
    10083,
    20110
  ],
  "test_delta_deaths_mean": [
    -5.0,
    -5.0,
    -5.0
  ],
  "test_delta_deaths_mean_T": [
    79,
    10083,
    20110
  ],
  "test_delta_enemy_mean": [
    0.0,
    0.0,
    0.0
  ],
  "test_delta_enemy_mean_T": [
    79,
    10083,
    20110
  ],
  "test_ep_length_mean": [
    77.46875,
    77.28125,
    77.9375
  ],
  "test_ep_length_mean_T": [
    79,
    10083,
    20110
  ],
  "test_reward_mean": [
    -7.077464788732394,
    -7.077464788732392,
    -7.077464788732394
  ],
  "test_reward_mean_T": [
    79,
    10083,
    20110
  ],
  "test_reward_std": [
    2.5072365940373352e-15,
    2.0045598609095038e-15,
    2.5942184945888343e-15
  ],
  "test_reward_std_T": [
    79,
    10083,
    20110
  ],
  "w_to_use": [
    0.5352016687393188,
    0.697265625
  ],
  "w_to_use_T": [
    9926,
    19952
  ]
}