{
  "battle_won_mean": [
    0.0,
    0.0,
    0.0,
    0.0
  ],
  "battle_won_mean_T": [
    300,
    10500,
    20700,
    30900
  ],
  "dead_allies_mean": [
    4.0,
    3.911764705882353,
    3.588235294117647,
    3.323529411764706
  ],
  "dead_allies_mean_T": [
    300,
    10500,
    20700,
    30900
  ],
  "dead_enemies_mean": [
    0.0,
    0.0,
    0.0,
    0.0
  ],
  "dead_enemies_mean_T": [
    300,
    10500,
    20700,
    30900
  ],
  "delta_ally_mean": [
    -0.244140625,
    15.387896369485293,
    9.085334329044118,
    4.841042911305147
  ],
  "delta_ally_mean_T": [
    300,
    10500,
    20700,
    30900
  ],
  "delta_deaths_mean": [
    -5.0,
    -4.5588235294117645,
    -2.9411764705882355,
    -1.6176470588235294
  ],
  "delta_deaths_mean_T": [
    300,
    10500,
    20700,
    30900
  ],
  "delta_enemy_mean": [
    -269.6875,
    -264.20947265625,
    -264.20947265625,
    -264.20947265625
  ],
  "delta_enemy_mean_T": [
    300,
    10500,
    20700,
    30900
  ],
  "ep_length_mean": [
    300.0,
    300.0,
    300.0,
    300.0
  ],
  "ep_length_mean_T": [
    300,
    10500,
    20700,
    30900
  ],
  "episode": [
    34,
    68,
    102
  ],
  "episode_T": [
    10200,
    20400,
    30600
  ],
  "epsilon": [
    0.995,
    0.89861,
    0.80222,
    0.70583
  ],
  "epsilon_T": [
    300,
    10500,
    20700,
    30900
  ],
  "reward_mean": [
    -5.9661599864130475,
    -6.177308533807549,
    -6.005130075127883,
    -5.884090491877801
  ],
  "reward_mean_T": [
    300,
    10500,
    20700,
    30900
  ],
  "reward_std": [
    0.0,
    0.15856672735060312,
    0.2801351228652422,
    0.24945619043347722
  ],
  "reward_std_T": [
    300,
    10500,
    20700,
    30900
  ],
  "test_battle_won_mean": [
    0.0,
    0.0,
    0.0,
    0.0
  ],
  "test_battle_won_mean_T": [
    300,
    10500,
    20700,
    30900
  ],
  "test_dead_allies_mean": [
    3.0,
    3.0,
    3.0,
    2.90625
  ],
  "test_dead_allies_mean_T": [
    300,
    10500,
    20700,
    30900
  ],
  "test_dead_enemies_mean": [
    0.0,
    0.0,
    0.0,
    0.0
  ],
  "test_dead_enemies_mean_T": [
    300,
    10500,
    20700,
    30900
  ],
  "test_delta_ally_mean": [
    0.0,
    0.0,
    0.0,
    0.0
  ],
  "test_delta_ally_mean_T": [
    300,
    10500,
    20700,
    30900
  ],
  "test_delta_deaths_mean": [
    0.0,
    0.0,
    0.0,
    0.0
  ],
  "test_delta_deaths_mean_T": [
    300,
    10500,
    20700,
    30900
  ],
  "test_delta_enemy_mean": [
    -264.20947265625,
    -264.20947265625,
    -264.20947265625,
    -261.8523406982422
  ],
  "test_delta_enemy_mean_T": [
    300,
    10500,
    20700,
    30900
  ],
  "test_ep_length_mean": [
    300.0,
    300.0,
    300.0,
    292.4375
  ],
  "test_ep_length_mean_T": [
    300,
    10500,
    20700,
    30900
  ],
  "test_reward_mean": [
    -5.743684188179354,
    -5.743684188179354,
    -5.743684188179354,
    -5.692442189092228
  ],
  "test_reward_mean_T": [
    300,
    10500,
    20700,
    30900
  ],
  "test_reward_std": [
    0.0,
    0.0,
    0.0,
    0.28366256079813656
  ],
  "test_reward_std_T": [
    300,
    10500,
    20700,
    30900
  ]
}