{
  "alpha": [
    0.9323005676269531,
    0.9245923161506653
  ],
  "alpha_T": [
    20793,
    30835
  ],
  "alpha_loss": [
    -19.55545425415039,
    -19.585628509521484
  ],
  "alpha_loss_T": [
    20793,
    30835
  ],
  "battle_won_mean": [
    0.0,
    0.0,
    0.0,
    0.0
  ],
  "battle_won_mean_T": [
    68,
    10119,
    20275,
    30332
  ],
  "central_loss": [
    0.030804216861724854,
    0.010518573224544525
  ],
  "central_loss_T": [
    20793,
    30835
  ],
  "comm_loss": [
    0.5545892715454102,
    0.07578714936971664
  ],
  "comm_loss_T": [
    20793,
    30835
  ],
  "curriculum/difficulty": [
    0.020793,
    0.020963,
    0.021139,
    0.0213,
    0.021481,
    0.021537,
    0.021592,
    0.021768,
    0.021885,
    0.021932,
    0.021993,
    0.022058,
    0.022232,
    0.022387,
    0.022568,
    0.022741,
    0.022917,
    0.023093,
    0.023274,
    0.023464,
    0.023639,
    0.023821,
    0.024003,
    0.024175,
    0.024348,
    0.024531,
    0.024706,
    0.024888,
    0.025069,
    0.02521,
    0.025268,
    0.025456,
    0.025516,
    0.025697,
    0.025885,
    0.02606,
    0.026235,
    0.026285,
    0.026347,
    0.026407,
    0.026469,
    0.02652,
    0.026581,
    0.026625,
    0.026687,
    0.026746,
    0.026805,
    0.02687,
    0.027056,
    0.027235,
    0.027296,
    0.02736,
    0.027543,
    0.027605,
    0.027671,
    0.027733,
    0.027797,
    0.027861,
    0.027926,
    0.028078,
    0.028138,
    0.028318,
    0.028497,
    0.028567,
    0.028626,
    0.028808,
    0.028867,
    0.028936,
    0.029004,
    0.029068,
    0.029132,
    0.029198,
    0.029383,
    0.029569,
    0.029639,
    0.029825,
    0.029887,
    0.029957,
    0.03014,
    0.030332,
    0.0304,
    0.030461,
    0.030651,
    0.030835,
    0.030899,
    0.030969,
    0.03104,
    0.031105,
    0.031298,
    0.031367,
    0.031433,
    0.031495,
    0.031557,
    0.031744,
    0.031929,
    0.031991,
    0.032176,
    0.032238,
    0.032305,
    0.03237,
    0.032434
  ],
  "curriculum/difficulty_T": [
    20793,
    20963,
    21139,
    21300,
    21481,
    21537,
    21592,
    21768,
    21885,
    21932,
    21993,
    22058,
    22232,
    22387,
    22568,
    22741,
    22917,
    23093,
    23274,
    23464,
    23639,
    23821,
    24003,
    24175,
    24348,
    24531,
    24706,
    24888,
    25069,
    25210,
    25268,
    25456,
    25516,
    25697,
    25885,
    26060,
    26235,
    26285,
    26347,
    26407,
    26469,
    26520,
    26581,
    26625,
    26687,
    26746,
    26805,
    26870,
    27056,
    27235,
    27296,
    27360,
    27543,
    27605,
    27671,
    27733,
    27797,
    27861,
    27926,
    28078,
    28138,
    28318,
    28497,
    28567,
    28626,
    28808,
    28867,
    28936,
    29004,
    29068,
    29132,
    29198,
    29383,
    29569,
    29639,
    29825,
    29887,
    29957,
    30140,
    30332,
    30400,
    30461,
    30651,
    30835,
    30899,
    30969,
    31040,
    31105,
    31298,
    31367,
    31433,
    31495,
    31557,
    31744,
    31929,
    31991,
    32176,
    32238,
    32305,
    32370,
    32434
  ],
  "curriculum/progress": [
    0.020793,
    0.020963,
    0.021139,
    0.0213,
    0.021481,
    0.021537,
    0.021592,
    0.021768,
    0.021885,
    0.021932,
    0.021993,
    0.022058,
    0.022232,
    0.022387,
    0.022568,
    0.022741,
    0.022917,
    0.023093,
    0.023274,
    0.023464,
    0.023639,
    0.023821,
    0.024003,
    0.024175,
    0.024348,
    0.024531,
    0.024706,
    0.024888,
    0.025069,
    0.02521,
    0.025268,
    0.025456,
    0.025516,
    0.025697,
    0.025885,
    0.02606,
    0.026235,
    0.026285,
    0.026347,
    0.026407,
    0.026469,
    0.02652,
    0.026581,
    0.026625,
    0.026687,
    0.026746,
    0.026805,
    0.02687,
    0.027056,
    0.027235,
    0.027296,
    0.02736,
    0.027543,
    0.027605,
    0.027671,
    0.027733,
    0.027797,
    0.027861,
    0.027926,
    0.028078,
    0.028138,
    0.028318,
    0.028497,
    0.028567,
    0.028626,
    0.028808,
    0.028867,
    0.028936,
    0.029004,
    0.029068,
    0.029132,
    0.029198,
    0.029383,
    0.029569,
    0.029639,
    0.029825,
    0.029887,
    0.029957,
    0.03014,
    0.030332,
    0.0304,
    0.030461,
    0.030651,
    0.030835,
    0.030899,
    0.030969,
    0.03104,
    0.031105,
    0.031298,
    0.031367,
    0.031433,
    0.031495,
    0.031557,
    0.031744,
    0.031929,
    0.031991,
    0.032176,
    0.032238,
    0.032305,
    0.03237,
    0.032434
  ],
  "curriculum/progress_T": [
    20793,
    20963,
    21139,
    21300,
    21481,
    21537,
    21592,
    21768,
    21885,
    21932,
    21993,
    22058,
    22232,
    22387,
    22568,
    22741,
    22917,
    23093,
    23274,
    23464,
    23639,
    23821,
    24003,
    24175,
    24348,
    24531,
    24706,
    24888,
    25069,
    25210,
    25268,
    25456,
    25516,
    25697,
    25885,
    26060,
    26235,
    26285,
    26347,
    26407,
    26469,
    26520,
    26581,
    26625,
    26687,
    26746,
    26805,
    26870,
    27056,
    27235,
    27296,
    27360,
    27543,
    27605,
    27671,
    27733,
    27797,
    27861,
    27926,
    28078,
    28138,
    28318,
    28497,
    28567,
    28626,
    28808,
    28867,
    28936,
    29004,
    29068,
    29132,
    29198,
    29383,
    29569,
    29639,
    29825,
    29887,
    29957,
    30140,
    30332,
    30400,
    30461,
    30651,
    30835,
    30899,
    30969,
    31040,
    31105,
    31298,
    31367,
    31433,
    31495,
    31557,
    31744,
    31929,
    31991,
    32176,
    32238,
    32305,
    32370,
    32434
  ],
  "dead_allies_mean": [
    14.0,
    14.661538461538461,
    14.254237288135593,
    14.109756097560975
  ],
  "dead_allies_mean_T": [
    68,
    10119,
    20275,
    30332
  ],
  "dead_enemies_mean": [
    0.0,
    0.046153846153846156,
    0.1016949152542373,
    0.21951219512195122
  ],
  "dead_enemies_mean_T": [
    68,
    10119,
    20275,
    30332
  ],
  "delta_ally_mean": [
    597.5,
    1364.8492074819712,
    1522.8008433196503,
    1137.0640422541921
  ],
  "delta_ally_mean_T": [
    68,
    10119,
    20275,
    30332
  ],
  "delta_deaths_mean": [
    -70.0,
    -72.84615384615384,
    -70.2542372881356,
    -68.35365853658537
  ],
  "delta_deaths_mean_T": [
    68,
    10119,
    20275,
    30332
  ],
  "delta_enemy_mean": [
    48.0,
    54.50769230769231,
    52.79661016949152,
    53.15853658536585
  ],
  "delta_enemy_mean_T": [
    68,
    10119,
    20275,
    30332
  ],
  "ep_length_mean": [
    68.0,
    154.63076923076923,
    172.135593220339,
    122.64634146341463
  ],
  "ep_length_mean_T": [
    68,
    10119,
    20275,
    30332
  ],
  "episode": [
    66,
    125,
    207
  ],
  "episode_T": [
    10119,
    20275,
    30332
  ],
  "epsilon": [
    0.995,
    0.9010670000000001,
    0.8051495,
    0.7101770000000001
  ],
  "epsilon_T": [
    68,
    10119,
    20275,
    30332
  ],