{
  "battle_won_mean": [
    0.0,
    0.0
  ],
  "battle_won_mean_T": [
    68,
    10182
  ],
  "dead_allies_mean": [
    14.0,
    14.602941176470589
  ],
  "dead_allies_mean_T": [
    68,
    10182
  ],
  "dead_enemies_mean": [
    0.0,
    0.058823529411764705
  ],
  "dead_enemies_mean_T": [
    68,
    10182
  ],
  "delta_ally_mean": [
    597.5,
    1324.9314144358916
  ],
  "delta_ally_mean_T": [
    68,
    10182
  ],
  "delta_deaths_mean": [
    -70.0,
    -72.42647058823529
  ],
  "delta_deaths_mean_T": [
    68,
    10182
  ],
  "delta_enemy_mean": [
    48.0,
    49.86764705882353
  ],
  "delta_enemy_mean_T": [
    68,
    10182
  ],
  "ep_length_mean": [
    68.0,
    148.73529411764707
  ],
  "ep_length_mean_T": [
    68,
    10182
  ],
  "episode": [
    68
  ],
  "episode_T": [
    10000
  ],
  "epsilon": [
    0.995,
    0.91625
  ],
  "epsilon_T": [
    68,
    10182
  ],
  "reward_mean": [
    -4.916666666666669,
    -10.694366967978599
  ],
  "reward_mean_T": [
    68,
    10182
  ],
  "reward_std": [
    0.0,
    3.9057559125511547
  ],
  "reward_std_T": [
    68,
    10182
  ],
  "test_battle_won_mean": [
    0.0,
    0.0
  ],
  "test_battle_won_mean_T": [
    68,
    10182
  ],
  "test_dead_allies_mean": [
    0.0,
    0.0
  ],
  "test_dead_allies_mean_T": [
    68,
    10182
  ],
  "test_dead_enemies_mean": [
    0.0,
    0.0
  ],
  "test_dead_enemies_mean_T": [
    68,
    10182
  ],
  "test_delta_ally_mean": [
    0.0,
    0.0
  ],
  "test_delta_ally_mean_T": [
    68,
    10182
  ],
  "test_delta_deaths_mean": [
    0.0,
    0.0
  ],
  "test_delta_deaths_mean_T": [
    68,
    10182
  ],
  "test_delta_enemy_mean": [
    0.0,
    0.0
  ],
  "test_delta_enemy_mean_T": [
    68,
    10182
  ],
  "test_ep_length_mean": [
    200.0,
    200.0
  ],
  "test_ep_length_mean_T": [
    68,
    10182
  ],
  "test_reward_mean": [
    0.0,
    0.0
  ],
  "test_reward_mean_T": [
    68,
    10182
  ],
  "test_reward_std": [
    0.0,
    0.0
  ],
  "test_reward_std_T": [
    68,
    10182
  ]
}