{
  "alpha": [
    0.9323005676269531,
    0.9175025224685669
  ],
  "alpha_T": [
    7941,
    17988
  ],
  "alpha_loss": [
    -6.828069686889648,
    -6.774837493896484
  ],
  "alpha_loss_T": [
    7941,
    17988
  ],
  "battle_won_mean": [
    0.0,
    0.0,
    0.0
  ],
  "battle_won_mean_T": [
    64,
    10086,
    20086
  ],
  "central_loss": [
    0.031019898131489754,
    0.00891952496021986
  ],
  "central_loss_T": [
    7941,
    17988
  ],
  "comm_loss": [
    0.29567983746528625,
    0.0832086056470871
  ],
  "comm_loss_T": [
    7941,
    17988
  ],
  "dead_allies_mean": [
    5.0,
    5.0062111801242235,
    5.0
  ],
  "dead_allies_mean_T": [
    64,
    10086,
    20086
  ],
  "dead_enemies_mean": [
    0.0,
    0.12422360248447205,
    0.1875
  ],
  "dead_enemies_mean_T": [
    64,
    10086,
    20086
  ],
  "delta_ally_mean": [
    335.0,
    337.03649068322983,
    336.611328125
  ],
  "delta_ally_mean_T": [
    64,
    10086,
    20086
  ],
  "delta_deaths_mean": [
    -25.0,
    -23.788819875776397,
    -23.125
  ],
  "delta_deaths_mean_T": [
    64,
    10086,
    20086
  ],
  "delta_enemy_mean": [
    160.375,
    271.3493788819876,
    278.57109375
  ],
  "delta_enemy_mean_T": [
    64,
    10086,
    20086
  ],
  "ep_length_mean": [
    64.0,
    62.24844720496895,
    62.5
  ],
  "ep_length_mean_T": [
    64,
    10086,
    20086
  ],
  "episode": [
    161,
    322
  ],
  "episode_T": [
    10024,
    20086
  ],
  "epsilon": [
    0.995,
    0.9002732,
    0.8057921
  ],
  "epsilon_T": [
    64,
    10086,
    20086
  ],
  "grad_norm": [
    {
      "py/reduce": [
        {
          "py/function": "torch._utils._rebuild_tensor_v2"
        },
        {
          "py/tuple": [
            {
              "py/reduce": [
                {
                  "py/function": "torch.storage._load_from_bytes"
                },
                {
                  "py/tuple": [
                    {
                      "py/b64": "gAKKCmz8nEb5IGqoUBkugAJN6QMugAJ9cQAoWBAAAABwcm90b2NvbF92ZXJzaW9ucQFN6QNYDQAAAGxpdHRsZV9lbmRpYW5xAohYCgAAAHR5cGVfc2l6ZXNxA31xBChYBQAAAHNob3J0cQVLAlgDAAAAaW50cQZLBFgEAAAAbG9uZ3EHSwR1dS6AAihYBwAAAHN0b3JhZ2VxAGN0b3JjaApGbG9hdFN0b3JhZ2UKcQFYDgAAADk0MzQyMzQ5MjQzMTUycQJYBgAAAGN1ZGE6MHEDSwFOdHEEUS6AAl1xAFgOAAAAOTQzNDIzNDkyNDMxNTJxAWEuAQAAAAAAAADJrsM+"
                    }
                  ]
                }
              ]
            },
            0,
            {
              "py/tuple": []
            },
            {
              "py/tuple": []
            },
            false,
            {
              "py/reduce": [
                {
                  "py/type": "collections.OrderedDict"
                },
                {
                  "py/tuple": []
                },
                null,
                null,
                {
                  "py/tuple": []
                }
              ]
            }
          ]
        }
      ]
    },
    {
      "py/reduce": [
        {
          "py/function": "torch._utils._rebuild_tensor_v2"
        },
        {
          "py/tuple": [
            {
              "py/reduce": [
                {
                  "py/function": "torch.storage._load_from_bytes"
                },
                {
                  "py/tuple": [
                    {
                      "py/b64": "gAKKCmz8nEb5IGqoUBkugAJN6QMugAJ9cQAoWBAAAABwcm90b2NvbF92ZXJzaW9ucQFN6QNYDQAAAGxpdHRsZV9lbmRpYW5xAohYCgAAAHR5cGVfc2l6ZXNxA31xBChYBQAAAHNob3J0cQVLAlgDAAAAaW50cQZLBFgEAAAAbG9uZ3EHSwR1dS6AAihYBwAAAHN0b3JhZ2VxAGN0b3JjaApGbG9hdFN0b3JhZ2UKcQFYDwAAADEzOTgxMDczNTQzNzI4MHECWAYAAABjdWRhOjBxA0sBTnRxBFEugAJdcQBYDwAAADEzOTgxMDczNTQzNzI4MHEBYS4BAAAAAAAAAM/INz4="
                    }
                  ]
                }
              ]
            },
            0,
            {
              "py/tuple": []
            },
            {
              "py/tuple": []
            },
            false,
            {
              "py/reduce": [
                {
                  "py/type": "collections.OrderedDict"
                },
                {
                  "py/tuple": []
                },
                null,
                null,
                {
                  "py/tuple": []
                }
              ]
            }
          ]
        }
      ]
    }
  ],
  "grad_norm_T": [
    7941,
    17988
  ],
  "loss": [
    0.37293174862861633,
    0.11827307939529419
  ],
  "loss_T": [
    7941,
    17988
  ],
  "mixer_norm": [
    0.28238720240100335,
    0.025325121854924387
  ],
  "mixer_norm_T": [
    7941,
    17988
  ],
  "policy_loss": [
    0.08862720429897308,
    0.11286421120166779
  ],
  "policy_loss_T": [
    7941,
    17988
  ],
  "q_taken_mean": [
    0.011196139303513587,
    0.003563400015900378
  ],
  "q_taken_mean_T": [
    7941,
    17988
  ],
  "qmix_loss": [
    0.04623200744390488,
    0.026144953444600105
  ],
  "qmix_loss_T": [
    7941,
    17988
  ],
  "reward_mean": [
    -3.731308411214954,
    -1.6724473210657684,
    -1.517107184579439
  ],
  "reward_mean_T": [
    64,
    10086,
    20086
  ],
  "reward_std": [
    0.0,
    1.265755370252641,
    1.7132473828490105
  ],
  "reward_std_T": [
    64,
    10086,
    20086
  ],
  "target_mean": [
    0.010537683132284627,
    -0.0013187728731264177
  ],
  "target_mean_T": [
    7941,
    17988
  ],
  "td_error_abs": [
    0.1964797080126086,
    0.14617867859774836
  ],
  "td_error_abs_T": [
    7941,
    17988
  ],
  "test_battle_won_mean": [
    0.0,
    0.0,
    0.0
  ],
  "test_battle_won_mean_T": [
    64,
    10086,
    20086
  ],
  "test_dead_allies_mean": [
    5.0,
    5.28125,
    5.0
  ],
  "test_dead_allies_mean_T": [
    64,
    10086,
    20086
  ],
  "test_dead_enemies_mean": [
    0.0,
    1.28125,
    0.0
  ],
  "test_dead_enemies_mean_T": [
    64,
    10086,
    20086
  ],
  "test_delta_ally_mean": [
    341.953125,
    335.0,
    335.0
  ],
  "test_delta_ally_mean_T": [
    64,
    10086,
    20086
  ],
  "test_delta_deaths_mean": [
    -25.0,
    -12.1875,
    -25.0
  ],
  "test_delta_deaths_mean_T": [
    64,
    10086,
    20086
  ],
  "test_delta_enemy_mean": [
    29.5,
    305.3046875,
    0.0
  ],
  "test_delta_enemy_mean_T": [
    64,
    10086,
    20086
  ],
  "test_ep_length_mean": [
    77.65625,
    64.84375,
    61.5
  ],
  "test_ep_length_mean_T": [
    64,
    10086,
    20086
  ],
  "test_reward_mean": [
    -6.307535046728971,
    -0.7828563084112148,
    -6.728971962616821
  ],
  "test_reward_mean_T": [
    64,
    10086,
    20086
  ],
  "test_reward_std": [
    0.7690327814749507,
    1.446812300997689,
    1.0295784775289034e-15
  ],
  "test_reward_std_T": [
    64,
    10086,
    20086
  ],
  "w_to_use": [
    0.6993566155433655,
    0.77495938539505
  ],
  "w_to_use_T": [
    7941,
    17988
  ]
}