{
  "alpha": [
    0.9323005676269531,
    0.917069137096405,
    0.8923667073249817,
    0.8669179081916809
  ],
  "alpha_T": [
    18832,
    28839,
    38841,
    48878
  ],
  "alpha_loss": [
    -30.50152587890625,
    -29.118879318237305,
    -29.14418601989746,
    -29.163034439086914
  ],
  "alpha_loss_T": [
    18832,
    28839,
    38841,
    48878
  ],
  "battle_won_mean": [
    0.0,
    0.0,
    0.0,
    0.0,
    0.0,
    0.0
  ],
  "battle_won_mean_T": [
    150,
    10282,
    20332,
    30389,
    40402,
    50425
  ],
  "central_loss": [
    0.0010516076581552625,
    0.0004728914937004447,
    0.0002904159191530198,
    0.00036058895057067275
  ],
  "central_loss_T": [
    18832,
    28839,
    38841,
    48878
  ],
  "comm_loss": [
    0.5653318166732788,
    0.006197325419634581,
    0.004098988603800535,
    0.0009071070235222578
  ],
  "comm_loss_T": [
    18832,
    28839,
    38841,
    48878
  ],
  "dead_allies_mean": [
    11.0,
    9.314285714285715,
    4.164179104477612,
    14.056122448979592,
    15.07168458781362,
    14.907216494845361
  ],
  "dead_allies_mean_T": [
    150,
    10282,
    20332,
    30389,
    40402,
    50425
  ],
  "dead_enemies_mean": [
    1.0,
    0.18571428571428572,
    0.08955223880597014,
    0.00510204081632653,
    0.0,
    0.0
  ],
  "dead_enemies_mean_T": [
    150,
    10282,
    20332,
    30389,
    40402,
    50425
  ],
  "delta_ally_mean": [
    247.5,
    236.81717878069196,
    101.63793580923507,
    400.2134760642538,
    430.69342412914426,
    426.9053061573776
  ],
  "delta_ally_mean_T": [
    150,
    10282,
    20332,
    30389,
    40402,
    50425
  ],
  "delta_deaths_mean": [
    -45.0,
    -44.714285714285715,
    -19.925373134328357,
    -70.2295918367347,
    -75.3584229390681,
    -74.7766323024055
  ],
  "delta_deaths_mean_T": [
    150,
    10282,
    20332,
    30389,
    40402,
    50425
  ],
  "delta_enemy_mean": [
    150.0,
    46.49285714285714,
    14.746268656716419,
    118.67474489795919,
    132.40008960573476,
    120.80025773195877
  ],
  "delta_enemy_mean_T": [
    150,
    10282,
    20332,
    30389,
    40402,
    50425
  ],
  "ep_length_mean": [
    150.0,
    144.74285714285713,
    150.0,
    51.31122448979592,
    35.888888888888886,
    34.44329896907217
  ],
  "ep_length_mean_T": [
    150,
    10282,
    20332,
    30389,
    40402,
    50425
  ],
  "episode": [
    70,
    137,
    330,
    606,
    901
  ],
  "episode_T": [
    10132,
    20182,
    30206,
    40206,
    50216
  ],
  "epsilon": [
    0.995,
    0.8992526,
    0.8042800999999999,
    0.70871225,
    0.6134846,
    0.51990125
  ],
  "epsilon_T": [
    150,
    10282,
    20332,
    30389,
    40402,
    50425
  ],
  "grad_norm": [
    {
      "py/reduce": [
        {
          "py/function": "torch._utils._rebuild_tensor_v2"
        },
        {
          "py/tuple": [
            {
              "py/reduce": [
                {
                  "py/function": "torch.storage._load_from_bytes"
                },
                {
                  "py/tuple": [
                    {
                      "py/b64": "gAKKCmz8nEb5IGqoUBkugAJN6QMugAJ9cQAoWBAAAABwcm90b2NvbF92ZXJzaW9ucQFN6QNYDQAAAGxpdHRsZV9lbmRpYW5xAohYCgAAAHR5cGVfc2l6ZXNxA31xBChYBQAAAHNob3J0cQVLAlgDAAAAaW50cQZLBFgEAAAAbG9uZ3EHSwR1dS6AAihYBwAAAHN0b3JhZ2VxAGN0b3JjaApGbG9hdFN0b3JhZ2UKcQFYDgAAADk0ODE4NDE3NzE3MTIwcQJYBgAAAGN1ZGE6MHEDSwFOdHEEUS6AAl1xAFgOAAAAOTQ4MTg0MTc3MTcxMjBxAWEuAQAAAAAAAADkfas/"
                    }
                  ]
                }
              ]
            },
            0,
            {
              "py/tuple": []
            },
            {
              "py/tuple": []
            },
            false,
            {
              "py/reduce": [
                {
                  "py/type": "collections.OrderedDict"
                },
                {
                  "py/tuple": []
                },
                null,
                null,
                {
                  "py/tuple": []
                }
              ]
            }
          ]
        }
      ]
    },
    {
      "py/reduce": [
        {
          "py/function": "torch._utils._rebuild_tensor_v2"
        },
        {
          "py/tuple": [
            {
              "py/reduce": [
                {
                  "py/function": "torch.storage._load_from_bytes"
                },
                {
                  "py/tuple": [
                    {
                      "py/b64": "gAKKCmz8nEb5IGqoUBkugAJN6QMugAJ9cQAoWBAAAABwcm90b2NvbF92ZXJzaW9ucQFN6QNYDQAAAGxpdHRsZV9lbmRpYW5xAohYCgAAAHR5cGVfc2l6ZXNxA31xBChYBQAAAHNob3J0cQVLAlgDAAAAaW50cQZLBFgEAAAAbG9uZ3EHSwR1dS6AAihYBwAAAHN0b3JhZ2VxAGN0b3JjaApGbG9hdFN0b3JhZ2UKcQFYDwAAADE0MDQyMzE3MzU5MzkzNnECWAYAAABjdWRhOjBxA0sBTnRxBFEugAJdcQBYDwAAADE0MDQyMzE3MzU5MzkzNnEBYS4BAAAAAAAAACV1ETw="
                    }
                  ]
                }
              ]
            },
            0,
            {
              "py/tuple": []
            },
            {
              "py/tuple": []
            },
            false,
            {
              "py/reduce": [
                {
                  "py/type": "collections.OrderedDict"
                },
                {
                  "py/tuple": []
                },
                null,
                null,
                {
                  "py/tuple": []
                }
              ]
            }
          ]
        }
      ]
    },
    {
      "py/reduce": [
        {
          "py/function": "torch._utils._rebuild_tensor_v2"
        },
        {
          "py/tuple": [
            {
              "py/reduce": [
                {
                  "py/function": "torch.storage._load_from_bytes"
                },
                {
                  "py/tuple": [
                    {
                      "py/b64": "gAKKCmz8nEb5IGqoUBkugAJN6QMugAJ9cQAoWBAAAABwcm90b2NvbF92ZXJzaW9ucQFN6QNYDQAAAGxpdHRsZV9lbmRpYW5xAohYCgAAAHR5cGVfc2l6ZXNxA31xBChYBQAAAHNob3J0cQVLAlgDAAAAaW50cQZLBFgEAAAAbG9uZ3EHSwR1dS6AAihYBwAAAHN0b3JhZ2VxAGN0b3JjaApGbG9hdFN0b3JhZ2UKcQFYDwAAADE0MDQyMzE3Mjk4NTIzMnECWAYAAABjdWRhOjBxA0sBTnRxBFEugAJdcQBYDwAAADE0MDQyMzE3Mjk4NTIzMnEBYS4BAAAAAAAAAFV/BDw="
                    }
                  ]
                }
              ]
            },
            0,
            {
              "py/tuple": []
            },
            {
              "py/tuple": []
            },
            false,
            {
              "py/reduce": [
                {
                  "py/type": "collections.OrderedDict"
                },
                {
                  "py/tuple": []
                },
                null,
                null,
                {
                  "py/tuple": []
                }
              ]
            }
          ]
        }
      ]
    },
    {
      "py/reduce": [
        {
          "py/function": "torch._utils._rebuild_tensor_v2"
        },
        {
          "py/tuple": [
            {
              "py/reduce": [
                {
                  "py/function": "torch.storage._load_from_bytes"
                },
                {
                  "py/tuple": [
                    {
                      "py/b64": "gAKKCmz8nEb5IGqoUBkugAJN6QMugAJ9cQAoWBAAAABwcm90b2NvbF92ZXJzaW9ucQFN6QNYDQAAAGxpdHRsZV9lbmRpYW5xAohYCgAAAHR5cGVfc2l6ZXNxA31xBChYBQAAAHNob3J0cQVLAlgDAAAAaW50cQZLBFgEAAAAbG9uZ3EHSwR1dS6AAihYBwAAAHN0b3JhZ2VxAGN0b3JjaApGbG9hdFN0b3JhZ2UKcQFYDgAAADk0ODE4NDc5MDc1MTM2cQJYBgAAAGN1ZGE6MHEDSwFOdHEEUS6AAl1xAFgOAAAAOTQ4MTg0NzkwNzUxMzZxAWEuAQAAAAAAAAD2e6I9"
                    }
                  ]
                }
              ]
            },
            0,
            {
              "py/tuple": []
            },
            {
              "py/tuple": []
            },
            false,
            {
              "py/reduce": [
                {
                  "py/type": "collections.OrderedDict"
                },
                {
