{
  "battle_won_mean": [
    0.0,
    0.0,
    0.0
  ],
  "battle_won_mean_T": [
    235,
    10436,
    20614
  ],
  "curriculum/difficulty": [
    0.02471
  ],
  "curriculum/difficulty_T": [
    24710
  ],
  "curriculum/progress": [
    0.02471
  ],
  "curriculum/progress_T": [
    24710
  ],
  "dead_allies_mean": [
    5.0,
    3.0689655172413794,
    3.32
  ],
  "dead_allies_mean_T": [
    235,
    10436,
    20614
  ],
  "dead_enemies_mean": [
    1.0,
    0.06896551724137931,
    0.04
  ],
  "dead_enemies_mean_T": [
    235,
    10436,
    20614
  ],
  "delta_ally_mean": [
    682.21875,
    367.3639715786638,
    516.969873046875
  ],
  "delta_ally_mean_T": [
    235,
    10436,
    20614
  ],
  "delta_deaths_mean": [
    -15.0,
    -14.655172413793103,
    -16.2
  ],
  "delta_deaths_mean_T": [
    235,
    10436,
    20614
  ],
  "delta_enemy_mean": [
    -739.84375,
    -781.2572400323276,
    -864.1278125
  ],
  "delta_enemy_mean_T": [
    235,
    10436,
    20614
  ],
  "ep_length_mean": [
    235.0,
    175.8793103448276,
    203.56
  ],
  "ep_length_mean_T": [
    235,
    10436,
    20614
  ],
  "episode": [
    58,
    108
  ],
  "episode_T": [
    10219,
    20400
  ],
  "epsilon": [
    0.995,
    0.89843045,
    0.80222
  ],
  "epsilon_T": [
    235,
    10436,
    20614
  ],
  "reward_mean": [
    -9.18250798722044,
    -7.433075936260602,
    -8.92841971595447
  ],
  "reward_mean_T": [
    235,
    10436,
    20614
  ],
  "reward_std": [
    0.0,
    2.969867993496971,
    1.8525009758374138
  ],
  "reward_std_T": [
    235,
    10436,
    20614
  ],
  "test_battle_won_mean": [
    0.0,
    0.0,
    0.0
  ],
  "test_battle_won_mean_T": [
    235,
    10436,
    20614
  ],
  "test_dead_allies_mean": [
    2.1875,
    2.375,
    2.125
  ],
  "test_dead_allies_mean_T": [
    235,
    10436,
    20614
  ],
  "test_dead_enemies_mean": [
    0.03125,
    0.0,
    0.03125
  ],
  "test_dead_enemies_mean_T": [
    235,
    10436,
    20614
  ],
  "test_delta_ally_mean": [
    566.3513336181641,
    575.494384765625,
    594.9734344482422
  ],
  "test_delta_ally_mean_T": [
    235,
    10436,
    20614
  ],
  "test_delta_deaths_mean": [
    -10.625,
    -11.875,
    -10.3125
  ],
  "test_delta_deaths_mean_T": [
    235,
    10436,
    20614
  ],
  "test_delta_enemy_mean": [
    -893.978515625,
    -898.978515625,
    -893.978515625
  ],
  "test_delta_enemy_mean_T": [
    235,
    10436,
    20614
  ],
  "test_ep_length_mean": [
    203.96875,
    204.875,
    205.03125
  ],
  "test_ep_length_mean_T": [
    235,
    10436,
    20614
  ],
  "test_reward_mean": [
    -9.399072519125648,
    -9.497430673422524,
    -9.579964537209214
  ],
  "test_reward_mean_T": [
    235,
    10436,
    20614
  ],
  "test_reward_std": [
    0.418030418823535,
    0.44032723340287655,
    0.49147102294128553
  ],
  "test_reward_std_T": [
    235,
    10436,
    20614
  ]
}