{
  "alpha": [
    0.9323005676269531
  ],
  "alpha_T": [
    20116
  ],
  "alpha_loss": [
    -19.627668380737305
  ],
  "alpha_loss_T": [
    20116
  ],
  "battle_won_mean": [
    0.0,
    0.0,
    0.0
  ],
  "battle_won_mean_T": [
    66,
    10195,
    20241
  ],
  "central_loss": [
    0.027868416160345078
  ],
  "central_loss_T": [
    20116
  ],
  "comm_loss": [
    0.5725435614585876
  ],
  "comm_loss_T": [
    20116
  ],
  "dead_allies_mean": [
    14.0,
    14.484848484848484,
    14.596774193548388
  ],
  "dead_allies_mean_T": [
    66,
    10195,
    20241
  ],
  "dead_enemies_mean": [
    0.0,
    0.015151515151515152,
    0.04838709677419355
  ],
  "dead_enemies_mean_T": [
    66,
    10195,
    20241
  ],
  "delta_ally_mean": [
    597.5,
    1291.1441761363637,
    1290.5140735257057
  ],
  "delta_ally_mean_T": [
    66,
    10195,
    20241
  ],
  "delta_deaths_mean": [
    -70.0,
    -72.27272727272727,
    -72.5
  ],
  "delta_deaths_mean_T": [
    66,
    10195,
    20241
  ],
  "delta_enemy_mean": [
    64.0,
    44.515151515151516,
    44.774193548387096
  ],
  "delta_enemy_mean_T": [
    66,
    10195,
    20241
  ],
  "ep_length_mean": [
    66.0,
    153.46969696969697,
    162.03225806451613
  ],
  "ep_length_mean_T": [
    66,
    10195,
    20241
  ],
  "episode": [
    66,
    128
  ],
  "episode_T": [
    10014,
    20116
  ],
  "epsilon": [
    0.995,
    0.9003677,
    0.8049038
  ],
  "epsilon_T": [
    66,
    10195,
    20241
  ],
  "grad_norm": [
    {
      "py/reduce": [
        {
          "py/function": "torch._utils._rebuild_tensor_v2"
        },
        {
          "py/tuple": [
            {
              "py/reduce": [
                {
                  "py/function": "torch.storage._load_from_bytes"
                },
                {
                  "py/tuple": [
                    {
                      "py/b64": "gAKKCmz8nEb5IGqoUBkugAJN6QMugAJ9cQAoWBAAAABwcm90b2NvbF92ZXJzaW9ucQFN6QNYDQAAAGxpdHRsZV9lbmRpYW5xAohYCgAAAHR5cGVfc2l6ZXNxA31xBChYBQAAAHNob3J0cQVLAlgDAAAAaW50cQZLBFgEAAAAbG9uZ3EHSwR1dS6AAihYBwAAAHN0b3JhZ2VxAGN0b3JjaApGbG9hdFN0b3JhZ2UKcQFYDgAAADk0MTM1NDQ0OTgyODk2cQJYBgAAAGN1ZGE6MHEDSwFOdHEEUS6AAl1xAFgOAAAAOTQxMzU0NDQ5ODI4OTZxAWEuAQAAAAAAAABJ+itA"
                    }
                  ]
                }
              ]
            },
            0,
            {
              "py/tuple": []
            },
            {
              "py/tuple": []
            },
            false,
            {
              "py/reduce": [
                {
                  "py/type": "collections.OrderedDict"
                },
                {
                  "py/tuple": []
                },
                null,
                null,
                {
                  "py/tuple": []
                }
              ]
            }
          ]
        }
      ]
    }
  ],
  "grad_norm_T": [
    20116
  ],
  "loss": [
    0.7032604217529297
  ],
  "loss_T": [
    20116
  ],
  "mixer_norm": [
    1.8660110647646504
  ],
  "mixer_norm_T": [
    20116
  ],
  "policy_loss": [
    -0.5539349317550659
  ],
  "policy_loss_T": [
    20116
  ],
  "q_taken_mean": [
    0.006142270946673357
  ],
  "q_taken_mean_T": [
    20116
  ],
  "qmix_loss": [
    0.10284847766160965
  ],
  "qmix_loss_T": [
    20116
  ],
  "reward_mean": [
    -4.78968253968254,
    -10.467474221380469,
    -10.462221269661255
  ],
  "reward_mean_T": [
    66,
    10195,
    20241
  ],
  "reward_std": [
    0.0,
    3.693796400140425,
    3.363008249044612
  ],
  "reward_std_T": [
    66,
    10195,
    20241
  ],
  "target_mean": [
    -0.017808948698136744
  ],
  "target_mean_T": [
    20116
  ],
  "td_error_abs": [
    0.39437706614138
  ],
  "td_error_abs_T": [
    20116
  ],
  "test_battle_won_mean": [
    0.0,
    0.0,
    0.0
  ],
  "test_battle_won_mean_T": [
    66,
    10195,
    20241
  ],
  "test_dead_allies_mean": [
    0.0,
    0.0,
    0.0
  ],
  "test_dead_allies_mean_T": [
    66,
    10195,
    20241
  ],
  "test_dead_enemies_mean": [
    0.0,
    0.0,
    0.0
  ],
  "test_dead_enemies_mean_T": [
    66,
    10195,
    20241
  ],
  "test_delta_ally_mean": [
    0.0,
    0.0,
    0.0
  ],
  "test_delta_ally_mean_T": [
    66,
    10195,
    20241
  ],
  "test_delta_deaths_mean": [
    0.0,
    0.0,
    0.0
  ],
  "test_delta_deaths_mean_T": [
    66,
    10195,
    20241
  ],
  "test_delta_enemy_mean": [
    0.0,
    0.0,
    0.0
  ],
  "test_delta_enemy_mean_T": [
    66,
    10195,
    20241
  ],
  "test_ep_length_mean": [
    200.0,
    200.0,
    200.0
  ],
  "test_ep_length_mean_T": [
    66,
    10195,
    20241
  ],
  "test_reward_mean": [
    0.0,
    0.0,
    0.0
  ],
  "test_reward_mean_T": [
    66,
    10195,
    20241
  ],
  "test_reward_std": [
    0.0,
    0.0,
    0.0
  ],
  "test_reward_std_T": [
    66,
    10195,
    20241
  ],
  "w_to_use": [
    0.5360156297683716
  ],
  "w_to_use_T": [
    20116
  ]
}