{
  "alpha": [
    0.9323005676269531
  ],
  "alpha_T": [
    25592
  ],
  "alpha_loss": [
    -10.205839157104492
  ],
  "alpha_loss_T": [
    25592
  ],
  "battle_won_mean": [
    0.0,
    0.0,
    0.0,
    0.0
  ],
  "battle_won_mean_T": [
    200,
    10200,
    20200,
    30392
  ],
  "central_loss": [
    0.0014224968617781997
  ],
  "central_loss_T": [
    25592
  ],
  "comm_loss": [
    0.23011091351509094
  ],
  "comm_loss_T": [
    25592
  ],
  "dead_allies_mean": [
    0.0,
    0.06,
    0.42,
    0.7647058823529411
  ],
  "dead_allies_mean_T": [
    200,
    10200,
    20200,
    30392
  ],
  "dead_enemies_mean": [
    0.0,
    0.0,
    0.2,
    0.5882352941176471
  ],
  "dead_enemies_mean_T": [
    200,
    10200,
    20200,
    30392
  ],
  "delta_ally_mean": [
    0.0,
    1.35,
    12.05,
    20.098039215686274
  ],
  "delta_ally_mean_T": [
    200,
    10200,
    20200,
    30392
  ],
  "delta_deaths_mean": [
    0.0,
    -0.3,
    -0.1,
    2.0588235294117645
  ],
  "delta_deaths_mean_T": [
    200,
    10200,
    20200,
    30392
  ],
  "delta_enemy_mean": [
    0.0,
    4.698935546875,
    54.13044921875,
    57.542461320465684
  ],
  "delta_enemy_mean_T": [
    200,
    10200,
    20200,
    30392
  ],
  "ep_length_mean": [
    200.0,
    200.0,
    200.0,
    199.84313725490196
  ],
  "ep_length_mean_T": [
    200,
    10200,
    20200,
    30392
  ],
  "episode": [
    50,
    100,
    151
  ],
  "episode_T": [
    10000,
    20000,
    30192
  ],
  "epsilon": [
    0.995,
    0.9005,
    0.806,
    0.7096856
  ],
  "epsilon_T": [
    200,
    10200,
    20200,
    30392
  ],
  "grad_norm": [
    {
      "py/reduce": [
        {
          "py/function": "torch._utils._rebuild_tensor_v2"
        },
        {
          "py/tuple": [
            {
              "py/reduce": [
                {
                  "py/function": "torch.storage._load_from_bytes"
                },
                {
                  "py/tuple": [
                    {
                      "py/b64": "gAKKCmz8nEb5IGqoUBkugAJN6QMugAJ9cQAoWBAAAABwcm90b2NvbF92ZXJzaW9ucQFN6QNYDQAAAGxpdHRsZV9lbmRpYW5xAohYCgAAAHR5cGVfc2l6ZXNxA31xBChYBQAAAHNob3J0cQVLAlgDAAAAaW50cQZLBFgEAAAAbG9uZ3EHSwR1dS6AAihYBwAAAHN0b3JhZ2VxAGN0b3JjaApGbG9hdFN0b3JhZ2UKcQFYDgAAADk0MjUyMjE3ODA5NDU2cQJYBgAAAGN1ZGE6MHEDSwFOdHEEUS6AAl1xAFgOAAAAOTQyNTIyMTc4MDk0NTZxAWEuAQAAAAAAAAAe/40/"
                    }
                  ]
                }
              ]
            },
            0,
            {
              "py/tuple": []
            },
            {
              "py/tuple": []
            },
            false,
            {
              "py/reduce": [
                {
                  "py/type": "collections.OrderedDict"
                },
                {
                  "py/tuple": []
                },
                null,
                null,
                {
                  "py/tuple": []
                }
              ]
            }
          ]
        }
      ]
    }
  ],
  "grad_norm_T": [
    25592
  ],
  "loss": [
    0.25961560010910034
  ],
  "loss_T": [
    25592
  ],
  "mixer_norm": [
    0.9981508338936114
  ],
  "mixer_norm_T": [
    25592
  ],
  "policy_loss": [
    -0.5510364770889282
  ],
  "policy_loss_T": [
    25592
  ],
  "q_taken_mean": [
    0.028261285455721027
  ],
  "q_taken_mean_T": [
    25592
  ],
  "qmix_loss": [
    0.028082186356186867
  ],
  "qmix_loss_T": [
    25592
  ],
  "reward_mean": [
    0.0,
    0.04092530935402682,
    0.563495962667785,
    0.5302449078414925
  ],
  "reward_mean_T": [
    200,
    10200,
    20200,
    30392
  ],
  "reward_std": [
    0.0,
    0.1747990290038158,
    0.6581041192663333,
    0.731574623505252
  ],
  "reward_std_T": [
    200,
    10200,
    20200,
    30392
  ],
  "target_mean": [
    0.007666488556833557
  ],
  "target_mean_T": [
    25592
  ],
  "td_error_abs": [
    0.1909283861289661
  ],
  "td_error_abs_T": [
    25592
  ],
  "test_battle_won_mean": [
    0.0,
    0.0,
    0.0,
    0.0
  ],
  "test_battle_won_mean_T": [
    200,
    10200,
    20200,
    30392
  ],
  "test_dead_allies_mean": [
    0.0,
    0.0,
    0.0,
    0.0
  ],
  "test_dead_allies_mean_T": [
    200,
    10200,
    20200,
    30392
  ],
  "test_dead_enemies_mean": [
    0.0,
    0.0,
    0.0,
    0.0
  ],
  "test_dead_enemies_mean_T": [
    200,
    10200,
    20200,
    30392
  ],
  "test_delta_ally_mean": [
    0.0,
    0.0,
    0.0,
    0.0
  ],
  "test_delta_ally_mean_T": [
    200,
    10200,
    20200,
    30392
  ],
  "test_delta_deaths_mean": [
    0.0,
    0.0,
    0.0,
    0.0
  ],
  "test_delta_deaths_mean_T": [
    200,
    10200,
    20200,
    30392
  ],
  "test_delta_enemy_mean": [
    0.0,
    0.0,
    0.0,
    0.0
  ],
  "test_delta_enemy_mean_T": [
    200,
    10200,
    20200,
    30392
  ],
  "test_ep_length_mean": [
    200.0,
    200.0,
    200.0,
    200.0
  ],
  "test_ep_length_mean_T": [
    200,
    10200,
    20200,
    30392
  ],
  "test_reward_mean": [
    0.0,
    0.0,
    0.0,
    0.0
  ],
  "test_reward_mean_T": [
    200,
    10200,
    20200,
    30392
  ],
  "test_reward_std": [
    0.0,
    0.0,
    0.0,
    0.0
  ],
  "test_reward_std_T": [
    200,
    10200,
    20200,
    30392
  ],
  "w_to_use": [
    0.579394519329071
  ],
  "w_to_use_T": [
    25592
  ]
}