{
  "battle_won_mean": [
    0.0,
    0.0,
    0.0,
    0.0
  ],
  "battle_won_mean_T": [
    300,
    10500,
    20700,
    30900
  ],
  "dead_allies_mean": [
    4.0,
    3.8823529411764706,
    3.3823529411764706,
    3.176470588235294
  ],
  "dead_allies_mean_T": [
    300,
    10500,
    20700,
    30900
  ],
  "dead_enemies_mean": [
    0.0,
    0.0,
    0.0,
    0.0
  ],
  "dead_enemies_mean_T": [
    300,
    10500,
    20700,
    30900
  ],
  "delta_ally_mean": [
    20.0,
    14.411269244025736,
    2.6810589958639706,
    -1.3604305491727942
  ],
  "delta_ally_mean_T": [
    300,
    10500,
    20700,
    30900
  ],
  "delta_deaths_mean": [
    -5.0,
    -4.411764705882353,
    -1.911764705882353,
    -0.8823529411764706
  ],
  "delta_deaths_mean_T": [
    300,
    10500,
    20700,
    30900
  ],
  "delta_enemy_mean": [
    -269.6875,
    -264.20947265625,
    -264.20947265625,
    -264.20947265625
  ],
  "delta_enemy_mean_T": [
    300,
    10500,
    20700,
    30900
  ],
  "ep_length_mean": [
    300.0,
    300.0,
    300.0,
    300.0
  ],
  "ep_length_mean_T": [
    300,
    10500,
    20700,
    30900
  ],
  "episode": [
    34,
    68,
    102
  ],
  "episode_T": [
    10200,
    20400,
    30600
  ],
  "epsilon": [
    0.995,
    0.89861,
    0.80222,
    0.70583
  ],
  "epsilon_T": [
    300,
    10500,
    20700,
    30900
  ],
  "reward_mean": [
    -6.406250000000006,
    -6.152880578394744,
    -5.843528181695574,
    -5.73329119670117
  ],
  "reward_mean_T": [
    300,
    10500,
    20700,
    30900
  ],
  "reward_std": [
    0.0,
    0.19673914119687258,
    0.30567253066854194,
    0.26313264825568833
  ],
  "reward_std_T": [
    300,
    10500,
    20700,
    30900
  ],
  "test_battle_won_mean": [
    0.0,
    0.0,
    0.0,
    0.0
  ],
  "test_battle_won_mean_T": [
    300,
    10500,
    20700,
    30900
  ],
  "test_dead_allies_mean": [
    3.0,
    3.0,
    3.0,
    2.90625
  ],
  "test_dead_allies_mean_T": [
    300,
    10500,
    20700,
    30900
  ],
  "test_dead_enemies_mean": [
    0.0,
    0.0,
    0.0,
    0.0
  ],
  "test_dead_enemies_mean_T": [
    300,
    10500,
    20700,
    30900
  ],
  "test_delta_ally_mean": [
    0.0,
    0.0,
    0.0,
    0.0
  ],
  "test_delta_ally_mean_T": [
    300,
    10500,
    20700,
    30900
  ],
  "test_delta_deaths_mean": [
    0.0,
    0.0,
    0.0,
    0.0
  ],
  "test_delta_deaths_mean_T": [
    300,
    10500,
    20700,
    30900
  ],
  "test_delta_enemy_mean": [
    -264.20947265625,
    -264.20947265625,
    -264.20947265625,
    -261.8523406982422
  ],
  "test_delta_enemy_mean_T": [
    300,
    10500,
    20700,
    30900
  ],
  "test_ep_length_mean": [
    300.0,
    300.0,
    300.0,
    292.4375
  ],
  "test_ep_length_mean_T": [
    300,
    10500,
    20700,
    30900
  ],
  "test_reward_mean": [
    -5.743684188179354,
    -5.743684188179354,
    -5.743684188179354,
    -5.692442189092228
  ],
  "test_reward_mean_T": [
    300,
    10500,
    20700,
    30900
  ],
  "test_reward_std": [
    0.0,
    0.0,
    0.0,
    0.28366256079813656
  ],
  "test_reward_std_T": [
    300,
    10500,
    20700,
    30900
  ]
}