{
  "alpha": [
    0.9323005676269531,
    0.8904610872268677,
    0.8504964113235474
  ],
  "alpha_T": [
    2803,
    12813,
    22831
  ],
  "alpha_loss": [
    -4.951482772827148,
    -4.956570625305176,
    -4.950876235961914
  ],
  "alpha_loss_T": [
    2803,
    12813,
    22831
  ],
  "battle_won_mean": [
    0.0,
    0.0,
    0.0
  ],
  "battle_won_mean_T": [
    22,
    10030,
    20042
  ],
  "central_loss": [
    0.061998654156923294,
    0.0021488387137651443,
    0.002238661516457796
  ],
  "central_loss_T": [
    2803,
    12813,
    22831
  ],
  "comm_loss": [
    0.12867946922779083,
    0.04151199758052826,
    0.034595828503370285
  ],
  "comm_loss_T": [
    2803,
    12813,
    22831
  ],
  "dead_allies_mean": [
    4.0,
    4.0,
    4.0
  ],
  "dead_allies_mean_T": [
    22,
    10030,
    20042
  ],
  "dead_enemies_mean": [
    0.0,
    0.002188183807439825,
    0.006550218340611353
  ],
  "dead_enemies_mean_T": [
    22,
    10030,
    20042
  ],
  "delta_ally_mean": [
    290.0,
    290.0,
    290.0
  ],
  "delta_ally_mean_T": [
    22,
    10030,
    20042
  ],
  "delta_deaths_mean": [
    -20.0,
    -19.9781181619256,
    -19.934497816593886
  ],
  "delta_deaths_mean_T": [
    22,
    10030,
    20042
  ],
  "delta_enemy_mean": [
    63.5,
    107.40946389496717,
    104.57914847161572
  ],
  "delta_enemy_mean_T": [
    22,
    10030,
    20042
  ],
  "ep_length_mean": [
    22.0,
    21.899343544857768,
    21.860262008733624
  ],
  "ep_length_mean_T": [
    22,
    10030,
    20042
  ],
  "episode": [
    457,
    915
  ],
  "episode_T": [
    10009,
    20020
  ],
  "epsilon": [
    0.995,
    0.90041495,
    0.805811
  ],
  "epsilon_T": [
    22,
    10030,
    20042
  ],
  "grad_norm": [
    {
      "py/reduce": [
        {
          "py/function": "torch._utils._rebuild_tensor_v2"
        },
        {
          "py/tuple": [
            {
              "py/reduce": [
                {
                  "py/function": "torch.storage._load_from_bytes"
                },
                {
                  "py/tuple": [
                    {
                      "py/b64": "gAKKCmz8nEb5IGqoUBkugAJN6QMugAJ9cQAoWBAAAABwcm90b2NvbF92ZXJzaW9ucQFN6QNYDQAAAGxpdHRsZV9lbmRpYW5xAohYCgAAAHR5cGVfc2l6ZXNxA31xBChYBQAAAHNob3J0cQVLAlgDAAAAaW50cQZLBFgEAAAAbG9uZ3EHSwR1dS6AAihYBwAAAHN0b3JhZ2VxAGN0b3JjaApGbG9hdFN0b3JhZ2UKcQFYDgAAADk0ODU0OTI1MDIyOTc2cQJYBgAAAGN1ZGE6MHEDSwFOdHEEUS6AAl1xAFgOAAAAOTQ4NTQ5MjUwMjI5NzZxAWEuAQAAAAAAAACudck/"
                    }
                  ]
                }
              ]
            },
            0,
            {
              "py/tuple": []
            },
            {
              "py/tuple": []
            },
            false,
            {
              "py/reduce": [
                {
                  "py/type": "collections.OrderedDict"
                },
                {
                  "py/tuple": []
                },
                null,
                null,
                {
                  "py/tuple": []
                }
              ]
            }
          ]
        }
      ]
    },
    {
      "py/reduce": [
        {
          "py/function": "torch._utils._rebuild_tensor_v2"
        },
        {
          "py/tuple": [
            {
              "py/reduce": [
                {
                  "py/function": "torch.storage._load_from_bytes"
                },
                {
                  "py/tuple": [
                    {
                      "py/b64": "gAKKCmz8nEb5IGqoUBkugAJN6QMugAJ9cQAoWBAAAABwcm90b2NvbF92ZXJzaW9ucQFN6QNYDQAAAGxpdHRsZV9lbmRpYW5xAohYCgAAAHR5cGVfc2l6ZXNxA31xBChYBQAAAHNob3J0cQVLAlgDAAAAaW50cQZLBFgEAAAAbG9uZ3EHSwR1dS6AAihYBwAAAHN0b3JhZ2VxAGN0b3JjaApGbG9hdFN0b3JhZ2UKcQFYDwAAADE0MDA2NDQwNzA3NDcyMHECWAYAAABjdWRhOjBxA0sBTnRxBFEugAJdcQBYDwAAADE0MDA2NDQwNzA3NDcyMHEBYS4BAAAAAAAAAN+FuD0="
                    }
                  ]
                }
              ]
            },
            0,
            {
              "py/tuple": []
            },
            {
              "py/tuple": []
            },
            false,
            {
              "py/reduce": [
                {
                  "py/type": "collections.OrderedDict"
                },
                {
                  "py/tuple": []
                },
                null,
                null,
                {
                  "py/tuple": []
                }
              ]
            }
          ]
        }
      ]
    },
    {
      "py/reduce": [
        {
          "py/function": "torch._utils._rebuild_tensor_v2"
        },
        {
          "py/tuple": [
            {
              "py/reduce": [
                {
                  "py/function": "torch.storage._load_from_bytes"
                },
                {
                  "py/tuple": [
                    {
                      "py/b64": "gAKKCmz8nEb5IGqoUBkugAJN6QMugAJ9cQAoWBAAAABwcm90b2NvbF92ZXJzaW9ucQFN6QNYDQAAAGxpdHRsZV9lbmRpYW5xAohYCgAAAHR5cGVfc2l6ZXNxA31xBChYBQAAAHNob3J0cQVLAlgDAAAAaW50cQZLBFgEAAAAbG9uZ3EHSwR1dS6AAihYBwAAAHN0b3JhZ2VxAGN0b3JjaApGbG9hdFN0b3JhZ2UKcQFYDwAAADE0MDA2NDQwNjU4NjY1NnECWAYAAABjdWRhOjBxA0sBTnRxBFEugAJdcQBYDwAAADE0MDA2NDQwNjU4NjY1NnEBYS4BAAAAAAAAADu0Ej4="
                    }
                  ]
                }
              ]
            },
            0,
            {
              "py/tuple": []
            },
            {
              "py/tuple": []
            },
            false,
            {
              "py/reduce": [
                {
                  "py/type": "collections.OrderedDict"
                },
                {
                  "py/tuple": []
                },
                null,
                null,
                {
                  "py/tuple": []
                }
              ]
            }
          ]
        }
      ]
    }
  ],
  "grad_norm_T": [
    2803,
    12813,
    22831
  ],
  "loss": [
    0.2855701148509979,
    0.05222805589437485,
    0.04377041012048721
  ],
  "loss_T": [
    2803,
    12813,
    22831
  ],
  "mixer_norm": [
    1.130319959315151,
    0.08528491155948745,
    0.12204147140553429
  ],
  "mixer_norm_T": [
    2803,
    12813,
    22831
  ],
  "policy_loss": [
    0.0794762596487999,
    -0.896328866481781,
    -1.378686547279358
  ],
  "policy_loss_T": [
    2803,
    12813,
    22831
  ],
  "q_taken_mean": [
    0.024699937518987747,
    -0.2085376719029517,
    -0.3261354543071913
  ],
  "q_taken_mean_T": [
    2803,
    12813,
    22831
  ],
  "qmix_loss": [
    0.0948919877409935,
    0.008567217737436295,
    0.006935918238013983
  ],
  "qmix_loss_T": [
    2803,
    12813,
    22831
  ],
  "reward_mean": [
    -3.353741496598639,
    -2.7560361124756247,
    -2.7939503312241927
  ],
  "reward_mean_T": [
    22,
    10030,
    20042
  ],
  "reward_std": [
    0.0,
    0.43689889057100684,
    0.44998374466113983
  ],
  "reward_std_T": [
    22,
    10030,
    20042
  ],
  "target_mean": [
    -0.07187247846197155,
    -0.21360872162902506,
    -0.33566014074070977
  ],
  "target_mean_T": [
    2803,
    12813,
    22831
  ],
  "td_error_abs": [
    0.38976384468092223,
    0.08762935304044611,
    0.08322502969419165
  ],
  "td_error_abs_T": [
    2803,
    12813,
    22831
  ],
  "test_battle_won_mean": [
    0.0,
    0.0,
    0.0
  ],
  "test_battle_won_mean_T": [
    22,
    10030,
    20042
  ],
  "test_dead_allies_mean": [
    4.0,
    4.0,
    4.0
  ],
  "test_dead_allies_mean_T": [
    22,
    10030,
    20042
  ],
  "test_dead_enemies_mean": [
    0.375,
    0.0,
    0.0
  ],
  "test_dead_enemies_mean_T": [
    22,
    10030,
    20042
  ],
  "test_delta_ally_mean": [
    290.0,
    290.0,
    290.0
  ],
  "test_delta_ally_mean_T": [
    22,
    10030,
    20042
  ],
  "test_delta_deaths_mean": [
    -16.25,
    -20.0,
    -20.0
  ],
  "test_delta_deaths_mean_T": [
    22,
    10030,
    20042
  ],
  "test_delta_enemy_mean": [
    62.9921875,
    0.0,
    0.0
  ],