{
  "alpha": [
    0.9323005676269531,
    0.9275580048561096
  ],
  "alpha_T": [
    25481,
    35504
  ],
  "alpha_loss": [
    -6.843268871307373,
    -6.847001552581787
  ],
  "alpha_loss_T": [
    25481,
    35504
  ],
  "battle_won_mean": [
    0.0,
    0.0,
    0.0,
    0.0,
    0.0
  ],
  "battle_won_mean_T": [
    200,
    10325,
    20481,
    30504,
    40655
  ],
  "central_loss": [
    0.0005022512632422149,
    0.00015672283188905567
  ],
  "central_loss_T": [
    25481,
    35504
  ],
  "comm_loss": [
    0.1474708616733551,
    0.07873675972223282
  ],
  "comm_loss_T": [
    25481,
    35504
  ],
  "dead_allies_mean": [
    0.0,
    0.49019607843137253,
    0.7254901960784313,
    0.6666666666666666,
    0.3137254901960784
  ],
  "dead_allies_mean_T": [
    200,
    10325,
    20481,
    30504,
    40655
  ],
  "dead_enemies_mean": [
    0.0,
    0.0392156862745098,
    0.0,
    0.058823529411764705,
    0.0392156862745098
  ],
  "dead_enemies_mean_T": [
    200,
    10325,
    20481,
    30504,
    40655
  ],
  "delta_ally_mean": [
    0.0,
    20.01593137254902,
    29.621323529411764,
    26.705882352941178,
    13.995098039215685
  ],
  "delta_ally_mean_T": [
    200,
    10325,
    20481,
    30504,
    40655
  ],
  "delta_deaths_mean": [
    0.0,
    -2.0588235294117645,
    -3.627450980392157,
    -2.7450980392156863,
    -1.1764705882352942
  ],
  "delta_deaths_mean_T": [
    200,
    10325,
    20481,
    30504,
    40655
  ],
  "delta_enemy_mean": [
    0.0,
    6.3001685049019605,
    6.5809302236519605,
    6.469199984681373,
    8.476112515318627
  ],
  "delta_enemy_mean_T": [
    200,
    10325,
    20481,
    30504,
    40655
  ],
  "ep_length_mean": [
    200.0,
    198.52941176470588,
    199.13725490196077,
    196.52941176470588,
    199.0392156862745
  ],
  "ep_length_mean_T": [
    200,
    10325,
    20481,
    30504,
    40655
  ],
  "episode": [
    51,
    102,
    153,
    204
  ],
  "episode_T": [
    10125,
    20281,
    30304,
    40455
  ],
  "epsilon": [
    0.995,
    0.89931875,
    0.80334455,
    0.7086272,
    0.6127002500000001
  ],
  "epsilon_T": [
    200,
    10325,
    20481,
    30504,
    40655
  ],
  "grad_norm": [
    {
      "py/reduce": [
        {
          "py/function": "torch._utils._rebuild_tensor_v2"
        },
        {
          "py/tuple": [
            {
              "py/reduce": [
                {
                  "py/function": "torch.storage._load_from_bytes"
                },
                {
                  "py/tuple": [
                    {
                      "py/b64": "gAKKCmz8nEb5IGqoUBkugAJN6QMugAJ9cQAoWBAAAABwcm90b2NvbF92ZXJzaW9ucQFN6QNYDQAAAGxpdHRsZV9lbmRpYW5xAohYCgAAAHR5cGVfc2l6ZXNxA31xBChYBQAAAHNob3J0cQVLAlgDAAAAaW50cQZLBFgEAAAAbG9uZ3EHSwR1dS6AAihYBwAAAHN0b3JhZ2VxAGN0b3JjaApGbG9hdFN0b3JhZ2UKcQFYDgAAADkzOTE5Mjk2MDQyODE2cQJYBgAAAGN1ZGE6MHEDSwFOdHEEUS6AAl1xAFgOAAAAOTM5MTkyOTYwNDI4MTZxAWEuAQAAAAAAAACbbhVA"
                    }
                  ]
                }
              ]
            },
            0,
            {
              "py/tuple": []
            },
            {
              "py/tuple": []
            },
            false,
            {
              "py/reduce": [
                {
                  "py/type": "collections.OrderedDict"
                },
                {
                  "py/tuple": []
                },
                null,
                null,
                {
                  "py/tuple": []
                }
              ]
            }
          ]
        }
      ]
    },
    {
      "py/reduce": [
        {
          "py/function": "torch._utils._rebuild_tensor_v2"
        },
        {
          "py/tuple": [
            {
              "py/reduce": [
                {
                  "py/function": "torch.storage._load_from_bytes"
                },
                {
                  "py/tuple": [
                    {
                      "py/b64": "gAKKCmz8nEb5IGqoUBkugAJN6QMugAJ9cQAoWBAAAABwcm90b2NvbF92ZXJzaW9ucQFN6QNYDQAAAGxpdHRsZV9lbmRpYW5xAohYCgAAAHR5cGVfc2l6ZXNxA31xBChYBQAAAHNob3J0cQVLAlgDAAAAaW50cQZLBFgEAAAAbG9uZ3EHSwR1dS6AAihYBwAAAHN0b3JhZ2VxAGN0b3JjaApGbG9hdFN0b3JhZ2UKcQFYDwAAADE0MDIzNTQ0Njk5NTAyNHECWAYAAABjdWRhOjBxA0sBTnRxBFEugAJdcQBYDwAAADE0MDIzNTQ0Njk5NTAyNHEBYS4BAAAAAAAAAHfRtj0="
                    }
                  ]
                }
              ]
            },
            0,
            {
              "py/tuple": []
            },
            {
              "py/tuple": []
            },
            false,
            {
              "py/reduce": [
                {
                  "py/type": "collections.OrderedDict"
                },
                {
                  "py/tuple": []
                },
                null,
                null,
                {
                  "py/tuple": []
                }
              ]
            }
          ]
        }
      ]
    }
  ],
  "grad_norm_T": [
    25481,
    35504
  ],
  "loss": [
    0.19681575894355774,
    0.07981298118829727
  ],
  "loss_T": [
    25481,
    35504
  ],
  "mixer_norm": [
    2.135448631505243,
    0.03421274875378946
  ],
  "mixer_norm_T": [
    25481,
    35504
  ],
  "policy_loss": [
    -0.9843149781227112,
    -0.4434119760990143
  ],
  "policy_loss_T": [
    25481,
    35504
  ],
  "q_taken_mean": [
    -0.014576582682010616,
    0.00040711111333450865
  ],
  "q_taken_mean_T": [
    25481,
    35504
  ],
  "qmix_loss": [
    0.048842642456293106,
    0.0009194992599077523
  ],
  "qmix_loss_T": [
    25481,
    35504
  ],
  "reward_mean": [
    0.0,
    -0.026770617559709473,
    -0.04525726650174284,
    -0.039001748676241794,
    -0.011362674776635304
  ],
  "reward_mean_T": [
    200,
    10325,
    20481,
    30504,
    40655
  ],